video_id,title,description,tags,category_id,published_at,view_count,like_count,comment_count,region
pvf_Qv4rmLM,J. Cole - Two Six (Official Music Video),"J. Cole - The Fall-Off is available on all platforms now: 
https://JCole.lnk.to/TheFall-Off

Connect with J. Cole: 
http://thefalloff.com/
https://www.instagram.com/realcoleworld/ 
https://twitter.com/jcolenc 
https://www.facebook.com/JColeMusic/ 

Connect with Dreamville: 
http://dreamville.com/ 
https://www.instagram.com/dreamville
https://twitter.com/Dreamville 
https://www.facebook.com/dreamville 

#JCole #TheFallOff #Dreamville",,10,2026-02-06T20:41:13Z,1560291,126432,9810,US
i9mZIIi3tgE,Volare / Nothing Is Impossible Medley (Milano Cortina 2026 Olympic Winter Games Opening Ceremony),"Mariah Carey performs “Volare (Nel Blu, dipinto di Blu)” and “Nothing Is Impossible” at the 2026 Milan Cortina Olympic Opening Ceremony.

Watch the Olympics Live on NBCOlympics.com: http://go.olympics.com/watch
Stream ""Nothing Is Impossible"" here: https://vyd.co/HereForItAll 
Order 'Here For It All' Out Now! https://symphony.to/mariah-carey/here-for-it-all 

Watch the Milan Cortina Olympics on Peacock: https://smart.link/fs2ge7i8m3qlv 
Visit NBCOlympics.com: https://www.nbcolympics.com 
Download the NBC Olympics App: https://apps.apple.com/us/app/nbc-sports/id542511686
 
Follow Mariah Carey
Facebook: https://MariahCarey.lnk.to/followFI 
Instagram: https://MariahCarey.lnk.to/followII 
TikTok: https://MariahCarey.lnk.to/follow_Yx 
Twitter: https://MariahCarey.lnk.to/followTI 
Website: https://mariahcarey.com/ 
YouTube: https://MariahCarey.lnk.to/subscribeYD 
Spotify: https://MariahCarey.lnk.to/followSI 

Lyrics
Penso che un sogno così non ritorni mai più
Mi dipingevo le mani e la faccia di blu
Poi d'improvviso venivo dal vento rapito
E incominciavo a volare nel cielo infinito

Volare, oh oh
Cantare, oh oh oh oh
Nel blu dipinto di blu
Felice di stare lassù

E volavo, volavo felice
Più in alto del sole ed ancora più su
Mentre il mondo pian piano spariva, lontano laggiù

Volare, oh oh
Cantare, oh oh oh oh
Nel blu dipinto di blu
Felice di stare lassù
 
‘Cause I dream a greater dream
I fight a greater fight  
Survived a gruesome fall
Because nothing is impossible
Nothing is impossible at all

‘Cause I dream a greater dream
I fight a greater fight  
I overcome it all  
Because nothing is impossible
Nothing is impossible at all
At all  
At all  
At all  

Nothing is impossible
Nothing is impossible 

#MariahCarey #WinterOlympics #OpeningCeremony #NBCSports #NothingIsImpossible #MilanoCortina2026",music music video vydia Volare Nothing Impossible Medley (Milano Cortina 2026 Olympic Winter Games Mariah Carey Pop 2026 MARIAH under exclusive license to gamma. N/A vevo,10,2026-02-07T20:00:23Z,269121,11732,1648,US
FuzKVhhDJE4,"Tom MacDonald - ""Pray For The Left""","DOWNLOAD on iTunes: http://itunes.apple.com/us/album/pray-for-the-left-single/1874668455?ls=1&app=itunes

""PRAY FOR THE LEFT"" T-Shirt, Albums & Merch: https://hangovergangofficial.com

SUBSCRIBE TO THIS CHANNEL &  CONNECT W/ TOM MACDONALD!
FACEBOOK: http://www.facebook.com/TomMacDonaldOfficial
INSTAGRAM: http://www.instagram.com/hangovergang
TWITTER: http://www.twitter.com/IAmTomMacDonald
WEBSITE: http://www.hangovergang.com
SPOTIFY: http://spoti.fi/2H35BQR
iTUNES: https://apple.co/2BQucZO

WRITTEN BY Tom MacDonald
BEAT PRODUCED BY Tom MacDonald

DIRECTED BY Nova Rockafeller
SHOT BY: Nova Rockafeller, Korey Burns & Jenna MacDonald
EDITED BY Nova Rockafeller

MIXED & MASTERED by Evan Morgan 
http://www.evanmorganproductions.com 
http://www.youtube.com/user/emorganproductions
http://www.instagram.com/EMorganProductions",tom macdonald tom macdonald rap tom macdonald rapper tom macdonald you missed tom macdonald american flag tom macdonald facts tom macdonald ben shapiro independent rapper Tom MacDonald New Song New Tom MacDonald tom macdonald trump trump tom macdonald maga rapper conservative rap devil is a democrat song all my haters tom macdonald all my haters lyrics tom macdonald new song tom macdonald haters all my haters rap protest music patriot music patriotic,10,2026-02-06T16:59:12Z,962985,94924,9932,US
nO9BtwdpwrA,Ice Spice - Big Guy (Lyrics),"Ice Spice - Big Guy (Lyrics)

► Unique Vibes
Spotify: https://spoti.fi/2LrpDX7
Instagram: https://www.instagram.com/uniquevbs
Discord Server: https://discord.gg/VSHcHZ8
Soundcloud: https://soundcloud.com/unique_vibes

-----------------------------------------------------------------------------------------------
Stream Ice Spice - Big Guy (Lyrics): https://open.spotify.com/intl-de/track/3HiCAjMaPfM4vnbhLhADBp?si=2c864a4d2b944ce0

►Ice Spice
https://open.spotify.com/intl-de/artist/3LZZPxNDGDFVSIPqf4JuEf?si=fkarZtA1Ra-I6cK9I4n7aQ

Lyrics:
[Intro]
Grrah
(Stop playin' with 'em, RIOT)

[Chorus]
Big guy, big guy, big-big guy, big guy
SpongeBob, big guy pants, okay (Grrah)
SpongeBob, big guy pants, okay (Grrah)
Big guy, big guy, big-big guy, big guy, grrah
SpongeBob, big guy pants, okay (Grrah)
SpongeBob, big guy pants, okay

[Post-Chorus]
Off the wake up, I'm feelin' my best (Like)
I bend over, I do my lil' stretch (Like)
Ain't a jellyfish, but I'm the catch (Like)
Feel like that fish, so I'm pumpin' my chest (Grrah)
I blow bubbles so big like Mrs. Puff (Grrah)
I be locked in, like, no, this isn't luck (Grrah)
Eatin' fancy, like, no, this isn't chum (Grrah)
With my bestie, like everything fun (Grrah, grrah, grrah)

[Chorus]
Big guy, big guy, big-big guy, big guy
SpongeBob, big guy pants, okay (Grrah)
SpongeBob, big guy pants, okay (Grrah)
Big guy, big guy, big-big guy, big guy
SpongeBob, big guy pants, okay (Like)
SpongeBob, big guy pants, okay

[Verse]
Big things 'bout to happen today
I woke up feelin' a brand new way
Facin' the world in a brand new way
SpongeBob, big guy pants, okay
Tight fit, square hips
Doin' a dance in my big guy pants
The baddest, the top of the list, I am
And all my pearls, they came fresh out a clam

[Chorus]
Big guy, big guy, big-big guy, big guy
SpongeBob, big guy pants, okay (Grrah)
SpongeBob, big guy pants, okay (Grrah)
Big guy, big guy, big-big guy, big guy
SpongeBob, big guy pants, okay (Like)
SpongeBob, big guy pants, okay

[Post-Chorus]
Off the wake up, I'm feelin' my best
Big things 'bout to happen today (Like)
I bend over, I do my lil' stretch
I woke up feelin' a brand new way (Like)
Ain't a jellyfish, but I'm the catch
Facin' the world in a brand new way (Like)
Feel like that fish, so I'm pumpin' my chest
SpongeBob, big guy pants, okay
[Chorus]
Big guy, big guy, big-big guy, big guy
SpongeBob, big guy pants, okay (Grrah)
SpongeBob, big guy pants, okay (Grrah)
Big guy, big guy, big-big guy, big guy
SpongeBob, big guy pants, okay (Like)
SpongeBob, big guy pants, okay

Wallpaper: unsplash.com

I don't own the music in this video. Please contact the artist/label if you want to use it.
If you need a song removed from my channel, please contact me here: 
hello@uniquevbs.com

#icespice#bigguy#tiktok#uniquevibes",Unique Vibes Music pop lyrics indie vibes pop music new pop dance new music friday big guy ice spice tiktok tik tok big guy lyrics big guy spongebob ice spice big guy lyrics ice spice big guy big guy ice spice big guy song big guy spongebob song big guy song lyrics,10,2026-02-04T22:04:42Z,588175,3370,92,US
tsf0q0Tvok8,Deportado Carnaval - Angel Guaraca,"Tema: Deportado Carnaval
Autor (Letra y Música): Ángel Guaraca
Arreglos Musicales: Ángel Guaraca
Producción General: Producciones Guaraca Internacional S.A.

© Canción de propiedad del Indio Cantor de América, Ángel Guaraca.
Queda prohibida cualquier modificación, alteración o uso sin la debida autorización del propietario.
El uso no autorizado tendrá consecuencias legales. Evítese problemas.

Tres mensajes importantes quedan plasmados en esta canción carnavalera:

1️⃣ A pesar de toda adversidad, cada año no puede faltar esta hermosa fiesta del Carnaval, donde el pueblo se reúne para gozar, reír y disfrutar, porque la alegría también es resistencia.

2️⃣ Un mensaje de incentivo y voto de ánimo para todos nuestros hermanos migrantes que partieron hacia los Estados Unidos y que, por estar indocumentados, tuvieron que regresar. No todo está perdido: hoy están junto a lo más valioso que existe, la familia, y eso no tiene precio.

3️⃣ Un mensaje de admiración a la dama sencilla y hermosa, con un pedido sincero: que jamás cambie, que sea siempre natural, porque la mujer, mientras más natural es, más bella se vuelve.

Con cariño, esta inspiración del
Indio Cantor de América
ÁNGEL GUARACA 🎶🎭

LETRA:

Pero cada año llega la alegría,
pero cada año llega el sabor.
Sonando sonando del carnavalito 
Sonando sonando 
Junto al Guaracazo

Me fui a la Jhony a buscar trabajo, pero me deportan y ahora estoy aquí 
Me fui a la Jhony a buscar la vida pero me regresan y ahora estoy aquí ,
no fui mala nota no fui mala gente solo un migrante pero buena gente 
no importa la plata, no importa la deuda,
lo que ahora importa es mi familita.

La joya es fina  cuando es real,
la mujer es bella cuando es natural.//
De lejos te miro y te reconozco,
en tu caminada, en tus movimientos.

Las flores del campo florecen solitas,
así es mi guambra, florece solita.
La estrella del cielo se brilla solita,
así es mi negra, se brilla solita.
Solo te lo pido, sé siempre sencilla ,
así como eres, así me enamoras.",Deportado Carnaval Deportado Carnaval Angel Guaraca Ángel Guaraca Deportado Carnaval Angel Guaraca Indio Cantor de América Angel Guaraca oficial música carnavalera carnaval andino música andina ecuatoriana folklore ecuatoriano música tradicional del Ecuador carnaval ecuatoriano canción de migrantes deportados EEUU música para migrantes familia migrante regreso a casa música ecuatoriana música latinoamericana Ecuador carnaval música del Ecuador 2026,10,2026-02-07T17:30:06Z,108878,3380,220,US
QW06BZ5fk78,Hurricane Wisdom - Over Now (Official Music Video),"Stream ""Over Now""! https://openshift.vyd.co/Over-Now

Follow me on:
Instagram: http://www.instagram.com/hurricane.wisdom
TikTok: https://www.tiktok.com/@hurricanewisdom850
Soundcloud: https://soundcloud.com/2020hurricane",hurricane wisdom hurricane wisdom music hurricane wisdom music videos lil hurricane hurricane wisdom better hurricane wisdom state of emergency state of emergency category 5 mixtape hurricane season rod wave rod wave music sad songs broken hearts lil durk florida rappers hotboii kodak black hip hop hip hop music videos rap music rap rylo rodriguez nocap toosii hunxho real me honey mustard,10,2026-02-06T17:00:07Z,167212,12213,671,US
vqkfEUqjl6Y,ATEEZ(에이티즈) - 'Adrenaline' Official MV,"ATEEZ(에이티즈) - GOLDEN HOUR : Part.4

Spotify ▶ https://bit.ly/4awWt6K 
Melon ▶ https://bit.ly/45OyI7z
genie ▶ https://bit.ly/4qgv2ml 
FLO ▶ https://bit.ly/4abYkfW

▶ ATEEZ Official Platform:
http://ateez.kqent.com
▶ ATEEZ Official X:
https://twitter.com/ATEEZofficial
▶ ATEEZ Official Instagram:
https://instagram.com/ATEEZ_official_
▶ ATEEZ Official TikTok:
https://www.tiktok.com/@ateez_official_
▶ ATEEZ Official Facebook:
https://facebook.com/ATEEZofficial

▶ KQ Official Homepage:
http://kqent.com
▶ KQ Official Facebook:
https://facebook.com/kqent
▶ KQ Official X:
https://twitter.com/kqent
▶ KQ Official Instagram:
https://instagram.com/kqent

#ATEEZ #에이티즈
#GOLDENHOUR #GOLDENHOUR_Part4 #Adrenaline",KQ 케이큐 ATEEZ 에이티즈 홍중 HONGJOONG 성화 SEONGHWA 윤호 YUNHO 여상 YEOSANG 산 SAN 민기 MINGI 우영 WOOYOUNG 종호 JONGHO KPOP 남돌 IDOL 케이팝 GOLDENHOUR 골든아워 GOLDENHOURPART4 GHPT4 골든아워파트포 컴백스포일러,10,2026-02-06T05:00:01Z,11825506,311663,26935,US
mQezde_qeXw,sombr - Homewrecker (official video),"Download/Stream: https://sombr.lnk.to/homewrecker

Follow sombr: 
Instagram: https://www.instagram.com/sombr/
TikTok: https://www.tiktok.com/@sombr
Website: https://sombrmusic.com

Starring:
sombr
Quenlin Blackwell
Milo Manheim

Credits: 
Director - Gus Black
Executive Producers - Kelly Norris Sarno, LE Seydel
Producer - Lukas Lennon
Production Manager - Edgar Cortés Campoy
Production Coordinator - Nikki Ghalili
1st AD - Harry Guest
2nd AD - Landon Watford
AD PA - Xavia Howard, Landon Hogue
Talent Assistant - Gilbert Villa
Director’s Assistant - Lila Dworsky-Hickey
Production Assistants - Max Mendieta, Brent Worcester, Johnny Merino, Jadyn Norris Sarno
Michelle Martinez, Jonah Goldberg, Mark Rodriguez-Rangel, Christian Arroyo
Production Office Assistant - Sofia Savio
Director of Photography- Dylan Rucker
1st AC (A Unit) - Masih Ahmadzadeh
1st AC (B Unit) - Brad Wilder
2nd AC - Christine Mouton
Cam Op (B Unit) - Nicholas Restrepo
SteadiCam - Garet Jatsek
Editor - Gus Black, Matthew Vietzke, Shane Boose
VFX - Jace Hardwick
Colorist - Brian Charles
Jib #1 Tech - Jesse Williams
Jib #1 Operator - James Freeman, Gabe Kimpson
Gaffer - Ron Arrendondo
Best Boy Electric - Justin Lipetz
Electric - Paul Samaniego, Michael Proa
Key Grip - David Gonzales
Best Boy Trip - Edward T. Thornton
Grip - Tim Shinkle
Swing - Jackson Mach
Stylist / sombr - Brandon Tan
Stylist Assistant / sombr - Aidan Palermo, Jessie May
Tailor / sombr - Kanna Taniuchi
Stylist / Quenlin Blackwell - Zakkai Jones
Stylist Assistant / Quenlin Blackwell - Annabelle Hernandez
Stylist / BG - Nicholas Sauer
Stylist Assistant / BG -  Sam Adgate, Adrienne Ray
Groomer / sombr - Jamie Taylor
Hair Stylist / Quenlin Blackwelll - Kimora Mulan
Makeup Artist / Quenlin Blackwell - Ashanti Lation
Hair Stylist / Milo Manheim - Christine Furniss
Key Makeup Artist / BG - Elise Gehrke
Makeup Artist / BG - Nadia Stone
Hair Stylist / BG - Brandy Marlin, Gabriela Acevas
Production Designer - Chris Steidle
Leadman - John Bentjen
Set Dresser - Seth Powsner, Marco Lopez, Ron Stevenson
Art Assistant - Julien Franchot
Stunt Coordinator - Thomas Vu
Square Dancers: Alexandrea Patrick, Delaney Stinn, Andrew Schwierman, Megan Anderson, Nicolas Schwierman, Olly Elyte
Stunt Doubles:
Stephan Bender, Zoie Noelle-Brogdon
Extras:
Cameron Jones, Dominique Da Silva, Shepherd Stevenson, Colt Oder, Abraham Ansolabehere, Leeban Farrah, Monroe Cline, Alexa Rosengaus, Samuel Menell, Colt Worley, Hank Nolan, Hudson Garland, Jim Heffel, Angelina Rodriguez, Carol Wheelis, Karin McKenhnie, Julia Kerr, Hayley Knipps, Cindy Small, Greg Worley, Rayne Davis, Natalie Collins, Jean Evans, Sabrina Michaels, Anna Marie Jones, Tag Groat, Rick Groat, Chris Shumway
Video Commissioner - Devin Sarno

Lyrics:
You hit like a drunk cigarette
The feeling amplified
By saying things we never meant
(Oh yeah)

You leave me filled with regret
At the end of the night
I always find myself wondering why
(Oh yeah)

Do you got plans for life
Cause I don’t wanna just romance tonight
I wanna see you in another light (oh yeah)
With rhythm there is rhyme
With you there always can be I
I wanna see you in another light (ooh)

I don’t wanna talk down on your lover
I don’t wanna be a homewrecker
I just know I can be better, be better, be better
I don’t wanna talk down on your lover
I don’t wanna be a broken record
I just know I can be better, be better, be better

We sit on the fire escape
We talk and talk ‘till dawn
I open up to you about my wrongs
(Oh yeah)

Then we lay and contemplate
Just one more round of love
Before you go home to another one

Do you got plans for life
Cause I don’t wanna just romance tonight
I wanna see you in another light (oh yeah)
With rhythm there is rhyme
With you there always can be I
I wanna see you in another light (ooh)

I don’t wanna talk down on your lover
I don’t wanna be a homewrecker
I just know I can be better, be better, be better
I don’t wanna talk down on your lover
I don’t wanna be a broken record
I just know I can be better, be better, be better

I don’t wanna be how you formulate opinions on astrology (oh no)
Or to say we made peace and then your friends don’t even wanna talk to me no more
No more
I wanna kiss you on the bed and on the floor
When I’m poor, when I’m bored
I am yours, I am yours, I am yours

I don’t wanna talk down on your lover
I don’t wanna be a homewrecker
I just know I can be better, be better, be better
I don’t wanna talk down on your lover
I don’t wanna be a broken record
I just know I can be better, be better, be better


#sombr #homewrecker",sombr Quenlin Blackwell Milo Manheim Homewrecker Official Music Video Pop Rock Alternative New sombr 2026 Quen Blackwell sombr Homewrecker I don't wanna be a homewrecker I don't wanna talk down on your lover I know I could be better Old Western Cowboys Old Western Music Video You hit like a drunk cigarette,10,2026-02-05T23:00:07Z,1498148,95839,4887,US
f7DMKDtAwCI,"Los Rehenes ft. Ladrón - ""Pienso En Ti"" (Video Visual)","Los Rehenes ft. Ladron - ""Pienso En Ti"" (Video Visual)

👉Escucha a ""Pienso En Ti"" Aqui: https://orcd.co/oxak7nz

👉Escucha Los Rehenes:
Spotify: https://open.spotify.com/artist/5IaAggho4F1gWHE5REe1e8?si=5VvWF_s8Tpa0zSNiC2xFHw
Apple Music: https://music.apple.com/in/artist/los-rehenes/148895667
Amazon Music: https://music.amazon.com/artists/B0013A3BJS/los-rehenes?marketplaceId=ATVPDKIKX0DER&musicTerritory=US&ref=dm_sh_kcdvS4hKmmDggFwQoB5hmty2Y
Pandora: https://pandora.app.link/AvjfmdasbRb
Youtube Music: https://music.youtube.com/channel/UCBhYAgoP8HNtLhn2ppvTBWg?si=Ns02_1SDXFdEAkvL

👉Sigue a Los Rehenes:
Facebook: https://www.facebook.com/LosRehenesMusic/
Instagram: https://www.instagram.com/losrehenesoficial
TikTok: https://www.tiktok.com/@losrehenesoficial
Sitio: https://www.losrehenesoficial.com/
Youtube: https://youtube.com/@LosRehenesOficial

===============================================
Pienso en ti
Cada vez que respiro y cuando camino
Pienso en ti

Pienso en ti
Al mirar las estrallas y con todas ellas
Yo te miro ahí

Pienso en ti
En tus ojos, tu pelo, eres el mismo cielo
Que está junto a mí

Pienso en ti
Eres parte de mi alma, que trajo la calma a tanto sufrir

Pienso en ti, pienso en ti
Has cambiado mi vida que estaba perdida de tanto sufrir

Pienso en ti, pienso en ti
Has cambiado mi vida que estaba perdida de tanto sufrir
Pienso en ti, pienso en ti
Una mujer divina que con su sonria cambió mí vivir

Pienso en ti
En tus ojos, tu pelo, eres el mismo cielo que esta junto a mí

Pienso en ti
Eres parte de mi alma, que trajo la calma a tanto sufrir

Pienso en ti, pienso en ti
Has cambiado mi vida que estaba perdida de tanto sufrir
Pienso en ti, pienso en ti
Una mujer divina que con su sonrisa cambió mi vivir

==============================================


#losrehenes #ladron #piensoenti #gruperas  #musica",Los Rehenes Los Rehenes Reenes Los Reenes Javier Torres Los Rehenes de Javier Torres Los Rehenes Videos Los Rehenes Playlist Musica Musica Romantica Gruperas ladron los rehenes ft ladron los rehenes y ladron pienso en ti pienso en ti los rehenes ft ladron pienso en ti video visual los rehenes de javier torres pienso en ti video ladron video grupo ladron Los rehenes ft. ladron pienso en ti video,10,2026-02-06T19:00:07Z,127347,3273,192,US
qpTPHtlwrJM,Zara Larsson - Lush Life (Lyrics),"🎵 Zara Larsson - Lush Life (Lyrics)

⏬ Stream “Lush Life” by ""Zara Larsson"" here: youtube.com/watch?v=tD4HCZe-tew&list=RDtD4HCZe-tew&start_radio=1&pp=ygUYWmFyYSBMYXJzc29uICAgTHVzaCBMaWZloAcB

🎤 Song Lyrics: Zara Larsson - Lush Life

[Chorus]
I live my day as if it was the last
Live my day as if there was no past
Doin' it all night, all summer
Doin' it the way I wanna
Yeah, I'ma dance my heart out 'til the dawn
But I won't be done when mornin' comes
Doin' it all night, all summer
Gonna spend it like no other

[Verse 1]
It was a crush
But I couldn't, couldn't get enough
It was a rush
But I gave it up
It was a crush
Now, I might've went and said too much
But that's all it was
So I gave it up

[Chorus]
I live my day as if it was the last
Live my day as if there was no past
Doin' it all night, all summer
Doin' it the way I wanna
Yeah, I'ma dance my heart out 'til the dawn
But I won't be done when mornin' comes
Doin' it all night, all summer
Gonna spend it like no other

[Verse 2]
It was a crush
I kept sayin', ""I'ma stay in touch""
But that thing went bust
So I gave it up, ooh
No tricks, no bluff
I'm just better off without them cuffs
Yeah, the sun won't set on us
Ooh, ooh, ooh, yeah, yeah

[Pre-Chorus]
Went low, went high
Still waters run dry
Gotta get back in the groove
I ain't ever worried
Went low, went high
What matters is now
Gettin' right back in the mood

[Chorus]
I live my day as if it was the last
Live my day as if there was no past
Doin' it all night, all summer
Doin' it the way I wanna
Yeah, I'ma dance my heart out 'til the dawn
But I won't be done when mornin' comes
Doin' it all night, all summer
Gonna spend it like no other

[Post-Chorus]
Now I've found another crush
The lush life's given me a rush
Had one chance to make me blush
Second time is one too late
Now I've found another crush
The lush life's given me a rush
Had one chance to make me blush
Second time is one too late

[Bridge]
Ooh, ooh-woah
Ooh, ooh-woah

[Chorus]
I live my day as if it was the last
Live my day as if there was no past
Doin' it all night, all summer
Doin' it the way I wanna
Yeah, I'ma dance my heart out 'til the dawn
But I won't be done when mornin' comes
Doin' it all night, all summer
Gonna spend it like no other

[Post-Chorus]
Now I've found another crush
The lush life's given me a rush
Had one chance to make me blush
Second time is one too late
Now I've found another crush
The lush life's given me a rush
Had one chance to make me blush
Second time is one too late

...........................................................................................

Lyric video for ""Lush Life"" by ""Zara Larsson"" on Dope Music 

#ZaraLarsson #LushLife #Lyrics #DopeMusic

Contact: contact@bemumusic.com

Tags:
Lush Life Lyrics
Zara Larsson Lush Life
Lush Life Zara Larsson
Now I've found another crush
The lush life's given me a rush
I live my day as if it was the last
Live my day as if there was no past
Doing it all night all summer
Doin' it the way I wanna
Yeah I'ma dance my heart out 'til the dawn
But I won't be done when mornin' comes
Doin' it all night all summer
Gonna spend it like no other
Lush Life",lush life zara larsson lush life zara larsson zara larsson lush life zara lush life lyrics zara larsson lyrics lyrics lush life zara larsson lush life lyrics lyrics zara larsson lush life zara larsson lyrics lush life lyrics lush life zara larsson lush life zara larsson lyrics Live My Day Like Last Lush Life Zara Larsson Crush Rush Song Lush Life No Past Lyrics Zara Larsson All Summer zara larsson lush life tekst pop sony legacy zara larsson - lush life,10,2026-02-04T15:40:42Z,556182,2096,88,US
G5kSPz4OK8M,ATEEZ(에이티즈) - 'Adrenaline' Dance Practice (FIX Ver.),"▶ ATEEZ Official Platform:
http://ateez.kqent.com
▶ ATEEZ Official X:
https://twitter.com/ATEEZofficial
▶ ATEEZ Official Instagram:
https://instagram.com/ATEEZ_official_
▶ ATEEZ Official TikTok:
https://www.tiktok.com/@ateez_official_
▶ ATEEZ Official Facebook:
https://facebook.com/ATEEZofficial

#ATEEZ #에이티즈 #Adrenaline",Idol 아이돌 남돌 Kpop boygroup ATEEZ 에이티즈 ATZ 김홍중 홍중 Hongjoong 박성화 성화 Seonghwa 정윤호 윤호 Yunho 강여상 여상 Yeosang 최산 San 송민기 민기 Mingi 정우영 우영 Wooyoung 최종호 종호 Jongho KQ엔터테인먼트 KQ Entertainment,10,2026-02-08T03:00:03Z,99771,20982,896,US
jnMe0PuOQW8,Victor Valverde - El Mayor De los Ranas (Letra),"✨¡Gracias por ver el video! Espero que te haya gustado!✨🎶

➥ Nuestra Playlist! de Youtube!:

🔔 No olvides activar las notificaciones para estar al tanto de futuros vídeos.🔊 
➡️ Recuerda ver el vídeo oficial por aquí:
https://youtu.be/oOl5vy6KiAs?si=x2xsb-QPkREaUaI1
📝 Aquí te dejo la letra/lyrics:🗒
Se miran zumbando en alr patrullando
puro kamikaze y nomás el terror sembrando

de arriba p'abajo ahí nos miran patrullando
cero tolerancia pa'l que la ande cagando

ya se las sabrita que no nos gustan las fallas
la gorra de lado y la glockson viene eclipsada

con un toque bueno y a punta de carcajadas
afirma pendientes, nunca se nos pasa nada

la santa protege si salimos a topones
y al cien con los jefes estamos a la puta orden

pa morir nacimos, siempre estamos a la orden
y uno de lavada si salimos a misiones

y ahí nos ven pasar
zumbando los ranas por el bulevar

y el aparato en mano y el toston atrás
y el mayor de los ranas siempre al frente va

en uno y al tentón
quedó comprobado la vez del jefe ratón

que vamos de fresa, no tenemos compasión
a punta de tostonazos traíamos el boludón

ay ya yaai!
Y esta es la marca registrada compa victor
y afirmativo compa fidel viejillo, (a ya yai) pura doble v
cero chingazos!

Nos miran placosones encortados
el aparato a un lado

con un toque bueno y un perico de lavado
sabandijas y ratas en corto los alineamos

yo los amarro

y se siente
el ambiente caliente
yo voy al frente con mi gente

nunca me gusta mandar gente

y se siente
el ambiente caliente
si es blindado va hasta el frente
sembrando el terror como siempre

y ahí nos ven pasar
zumbando los ranas por el bulevar
y el aparato en mano y el tostón atrás
el mayor de los ranas siempre al frente va

en uno y al tentón
quedó comprobado la vez del jefe ratón
que vamos de fresa, no tenemos compasión
a punta de tostonazos traíamos el boludón

#elmayordelosranas  #victorvalverde  #tendencia  #letra #BigSound",musica en tendencia viral musica lyrics musica subtitulada corridos musica mexicana reguenton urbano trap,10,2026-02-04T17:01:14Z,151100,671,3,US
av8XkeZ-Al0,Jlexis - HOY SI (Visualizer),"Jlexis - HOY SI (Visualizer)

Escúchalo en todas las plataformas digitales:

https://vm.group/hoy-si-jqh-9

Suscríbete a mi canal y sígueme en las redes sociales:   

○ YouTube: https://www.youtube.com/@Jlexis
○ Facebook:  https://www.facebook.com/Jlexispr 
○ Instagram: https://www.instagram.com/jlexispr2/",Hoy Si Rip Alofoke Jlexis La Casa De Alofoke 2 Trending Tendencia El Mejor Danilexis Musica Puerto Rico Trap Latino,10,2026-02-07T00:00:06Z,560177,38141,23220,US
gwW6Gaq8oko,Mozzy & EST Gee - WOULDN'T HOLD YOU UP (Official Video),"Listen to the album “WOULDN'T HOLD YOU UP"". Out Now!
Stream: https://music.empi.re/wouldntholdyouup




#Mozzy #WOULDNTHOLDYOUUP   #EMPIRE






Official Audio by Mozzy & EST Gee - ""WOULDN'T HOLD YOU UP"" © 2026  Mozzy Records / EMPIRE",,10,2026-02-06T18:30:40Z,383384,15724,665,US
IfLpeDzMYE8,"Farruko, Ky-Mani Marley - Chillax (Letra)","Farruko, Ky-Mani Marley - Chillax
Farruko, Ky-Mani Marley - Chillax (Letra)
Farruko, Ky-Mani Marley - Chillax (Letra/Lyrics)

✅ Follow Farruko
http://www.instagram.com/farrukoofficial
http://www.facebook.com/FarrukoOfficial
http://www.twitter.com/farrukopr

✅ Follow God Lyrics
https://x.com/god_lyrics_110?t=el3IoMlGSaRYKTsDzkYMGQ&s=09
https://open.spotify.com/playlist/26Ax7mFwsdp6lxuLZhBKDk?si=pWHCDUH6RPCLGmIQ5ys1AA
https://www.instagram.com/godlyricsmusic?igsh=MTg2NTZ6d3Vtb2poMg==

Letra

[Intro: Ky-Mani Marley]
Yo
Farruko
Visionary

[Verso 1: Farruko]
Cómo te puedo complacer
Dime te ofrezco algo de beber
Quizas no te haya dicho esto antes
Pero es que yo no me atrevo a preguntarte
Como quisiera yo beber contigo
Y que tu y yo olvidemos que somos amigos
Por un rato

[Refran: Farruko]
Tu Chilling, yo Chilling
Vamos a pasarla bien
Tu Chilling, yo Chilling

[Verso 2: Farruko]
Lentamente nos sube la nota
Velas encendidas botella de Champange
Dos copas
No hay quien se resista a tu rico olor
Yo quiero ver mas allá de tu ropa interior

[Coro: Farruko]
Entonces bailame lento
Que yo quiero sentir tu cuerpo
Ya que cerquita yo te tengo
Ven aprovechemos el momento

[Post-Coro]
Bailame
Como solo tu lo sabes hacer bebé
Lúcete
Yo así mismo fue como yo lo soñé

[Verso 3: Ky-Mani Marley]
She sassy, I can tell by look in her eyes that she wants me
So we drink 'til we drunk, now she calling me papi
No me importa lo que vaya a pasar mami (Mami)
Excuse me, Señorita, I want explain una cosita
Dime porque tu eres tan bonita
You're sweeter than Themelody, That's playing through my speakers
Tonight I'll be the student, baby, you can be my teacher

[Verso 4: Farruko]
Que tienes tu
Que me gusta a mi
Me hace sentir
Bien chilling Baby
Tu me tienes sumergido en un trance
Solo te pido un chance
Un ratito contigo

[Coro: Farruko]
Entonces bailame lento
Que yo quiero sentir tu cuerpo
Ya que cerquita yo te tengo
Ven aprovechemos el momento

[Post-Coro]
Bailame
Como solo tu lo sabes hacer bebé
Lúcete
Yo así mismo fue como yo lo soñé

[Refran: Farruko]
Tu chilling, yo chilling
Vamos a pasarla bien
Tu chilling, yo chilling
Bailame

[Outro: Farruko / Ky-Mani Marley]
Yeaah
Farru
Mas Flow
Ky-Mani
Maetro Marley
Visionary
Sharo Torres
Farru
Bailame

Tags
#Farruko #KyManiMarley #Chillax #Letra #Lyrics
farruko & ky mani marley chillax, chillax, chillax farruko & ky mani marley, farruko & ky mani marley chillax letra, chillax letra, chillax farruko & ky mani marley letra, farruko & ky mani marley chillax lyrics, chillax lyrics, chillax farruko & ky mani marley lyrics, tiktok, tiktok song, tiktok remix, lyrics on screen,",farruko & ky mani marley chillax chillax chillax farruko & ky mani marley farruko & ky mani marley chillax letra chillax letra chillax farruko & ky mani marley letra farruko & ky mani marley chillax lyrics chillax lyrics chillax farruko & ky mani marley lyrics tiktok tiktok song tiktok remix lyrics on screen,10,2026-01-31T16:00:23Z,246189,309,0,US
cVDnF6iq0ec,TEC ft. FREDO BANG -  SWEET LADY (OFFICIAL VIDEO),"Subscribe: https://TEC.lnk.to/Subscribe

Listen to TEC
Spotify: https://open.spotify.com/artist/0Y1fW...
TIDAL: https://tidal.com/browse/artist/5803727

get your merchandise here! 
https://www.shopweblife.com

Follow TEC:
Instagram:   / tec_  
Twitter:   / tec_luwhop  
Tik Tok:  luwhopbby  
Telegram: https://t.me/nationbidnezz
Website: www.shopweblife.com

Subscribe to TEC's channel for all the latest official music videos, official audio, albums, behind the scenes and more!

#tec  #luwhop  #purplebaby   #spidernation  #poeticactivist  #weblife",Tec Sweet lady Love song 2024 2025 New Tec Spider nation Tec love song Free Maine musik Luwhop Tec sweet lady Tyrese Spider gang tec LU3 3LU VALENTINEDAY TOP10 TOP100 FREDOBANG FREDO MAINE MUSIK MAINEMUSIK 2026 NEW NEWTEC LOVERBOYLU LUWHOPHUSSEIN NEWHITS RNBJAMZ HIPHOP RADIOHIT BATONROUGE MIAMI HOUSTON LOUISIANA TEXAS FLORIDA RAP SEXMUSIC LOVEMUSIC,10,2026-02-06T22:31:11Z,107497,11177,401,US
JUgXiaLV2Qs,Ella Se Contradice,"Provided to YouTube by Virgin Music Group

Ella Se Contradice · Baby Rasta y Gringo · Plan B

Ella Se Contradice

℗ 2009 Wolflow Music, LLC, under exclusive license to Interscope Records.

Released on: 2009-05-15

Recording Engineer: DJ Eric
Composer, Lyricist: Wilmer Alicea Currás
Composer, Lyricist: Samuel Gerena Monge
Composer, Lyricist: Orlando Javier Valle
Composer, Lyricist: Edwin Vazquez Vega
Composer: Victor Viera Moore
Composer: Luis Angel Oneill
Producer: Jumbo ""El que produce solo""
Composer Lyricist: Wilmer Alicea Currás
Composer Lyricist: Samuel Gerena Monge
Composer Lyricist: Orlando Javier Valle
Composer Lyricist: Edwin Vazquez Vega
Composer: Victor Viera Moore
Composer: Luis Angel Oneill

Auto-generated by YouTube.",Baby Rasta y Gringo Plan B Ella Se Contradice,10,2026-02-05T10:00:00Z,278757,2303,7,US
tU08I_vMLK4,Love In A Bottle (Hazbin Hotel)【covered by Anna】 | female ver.,"Hello everyone! This week I've covered ""Love In A Bottle"" from the new season of Hazbin Hotel. 

we're back babyyyyyyy
leave song requests please im losing my marbles here

Thank you all so much for your continued love and support! I'll see you again soon!
♥
_____
Stream this song: https://ffm.to/annaloveinabottle
• Credits •  'Love In A Bottle'
Written by Sam Haft & Andrew Underberg
Vocals: Anna (thats me hello!)
Artwork by @junoisded
(thank you to everyone who helped make this cover possible! mwuah many kisses to u) 
_____
✨Follow me!✨
Discord:   / discord  
Patreon:   / annapantsu  
Twitter:   / annapantsu  
Instagram:   / annapantsuu  
Website: https://annapantsu.com

✨Contact me!✨
Artist/Musician Inquiries:
(for anyone interested in providing illustrations or instrumentals for my covers)
submissions @annapantsu.com 
Business Inquiries:
annaoliviamarch @gmail.com

#annapantsu #HazbinHotel #cover",annapantsu anna pantsu love in a bottle love in a bottle cover love in a bottle hazbin hotel love in a bottle female cover angel dust hazbin hotel love in a bottle love in a bottle karaoke losing streak love in a bottle cover hazbin hotel hazbin hotel keith david love in a bottle lyrics love in a bottle hazbin hotel female cover vivziepop spindlehorse huskerdust husk and husk and angel dust husk and angel dust season 2,10,2026-02-07T23:01:07Z,42200,6908,468,US
DHi8tNxsKT4,"Dale Pututi, Nesty, Tito El Bambino - Los Despechaos (Video Oficial) ","Escucha #LosDespechaos desde tu plataforma de música favorita: https://plusmedia.us/losdespechaos

Acerca de nosotros: 
https://plusmediamusic.com

© 2026 Nesty under exclusive license to Plus Media
#DalePututi #Nesty #TitoElBambino #PlusMedia #RamiRecords",Nesty Nesty Real Boy Real Boy nesty nesty music nesty new video nesty 2020 nesty video oficial nesty reggaeton nesty último video lo nuevo de nesty nesty cantante nesty éxitos nesty real boy,10,2026-02-06T17:00:07Z,393935,12789,1099,US
gdkXe8c9CPc,Gilberto Santa Rosa - Vivir Sin Ti  (Video/Letra),"#gilbertosantarosa #vivirsinti  #letra 
🎶 Gilberto Santa Rosa - Vivir Sin Ti  (Video/Letra)
🎶 Gilberto Santa Rosa - Vivir Sin Ti  (Video/Letra)
🎶 Gilberto Santa Rosa - Vivir Sin Ti  (Video/Letra)
🔔 MANTENTE AL DÍA CON TODOS LOS ESTRENOS Y VIDEOS CON LETRA DE MÚSICA LATINA. ¡ACTIVA LA CAMPANITA Y CANTA A TODO PULMÓN!👇
➡️​ https://bit.ly/MundoDembow
👉Tiktok: https://bit.ly/SiguenosTikTokMD

🎧 Spotify:
https://open.spotify.com/intl-es/track/5ugemlM6AII73sb0k6yqux?si=8f374124062549dc

📽️Video Oficial:
https://www.youtube.com/watch?v=7jI96dKXZl8&list=RD7jI96dKXZl8&start_radio=1

👉 Sigue a Gilberto Santa Rosa
› Instagram: https://www.instagram.com/santarosalive/
› Facebook: https://www.facebook.com/gilbertosant/
› Twitter: https://x.com/gilbertoSR

🎤 LETRA 🎵     :
Quiero escapar de tu historia
Borrar las palabras que te dije un día sin pensar
Quiero poner fin al cuento
Abrir ese libro y de una vez la pagina arrancar
Quiero que no quede nada ni una sola gota
Ni un solo recuerdo que contar
Quemarlo ahí en el fuego todo
Quedarme para siempre solo
Voy a recontar mis cosas para estar seguro
Que no hay nada tuyo por allí
Buscare por los rincones
Sacaré mi ropa para ver que prenda huele a ti
Quiero que te vayas toda
Para siempre toda
Totalmente fuera ya de mi
Debe haber otra manera
Tiene que existir la forma de vivir sin ti
Que cosa más triste vivir sin ti
Creerte a mi lado
Buscar tu piel y caer al vacío
Vivir sin ti
¿Y como se puede vivir sin ti?
Muriendo por dentro
Aunque no encuentre salida
Aunque me amargue la vida
Voy a vivir sin ti
Quédate con tus desprecios
Si de algo te sirve ya con otro lo puedes usar
Quedate con tus caricias si a mí no te importa
Si esta vez las quieres regalar
Vuela como mariposa
Y busca el camino que mas lejos te pueda llevar
Debe haber una manera
Tiene que existir la forma de vivir sin ti
Que cosa más triste vivir sin ti
Creerte a mi lado
Buscar tu piel y caer al vacío
Vivir sin ti
¿Y como se puede vivir sin ti?
Muriendo por dentro
Aunque no encuentre salida
Aunque me amargue la vida
Voy a vivir sin ti
Voy a rebuscar mis cosas para asegurarme así
Que de ahora en adelante no quede un recuerdo tuyo por aquí
Voy a olvidarme que una vez te quise
Y que a tu cariño con fe me rendí
Que la esperanza no está perdida
Y una nueva vida yo voy a vivir
Voy a cambiar sufrir por reír
(Yo voy a vivir sin ti)
Tu nombre en mi mente no lo voy a repetir
(Yo voy a vivir sin ti)
Fuera de mi vida cuando digo ¡fuera! te tienes que ir
(Yo voy a vivir sin ti)
De este abismo profundo yo se que voy a salir
(Yo voy a vivir sin ti)

🏷️​Tags:
#gilbertosantarosa #VivirSinTi #letra 
🌐 E-mail : mundodembow2023@gmail.com",Vivir sin ella Gilberto Santa Rosa Vivir sin ella Gilberto Santa Rosa Vivir sin ella official video Vivir sin ella video oficial Salsa Vivir sin ella en vivo Gilberto Santa Rosa mix Gilberto Santa Rosa exitos Vivir sin ella letra Gilberto Santa Rosa best songs musica en espanol latin music Vivir sin ella remix Salsa mix Conciencia Conteo Regresivo que alguien me diga Marc Anthony 40 contando En Vivo desde Puerto Rico Tito letra,10,2026-02-02T16:00:59Z,294941,420,3,US
i86tZb5XFLc,Sugar,"Provided to YouTube by DistroKid

Sugar · Flunky · Flunky · Stingray Production

Sugar

℗ SIMPLE SUNG

Released on: 2026-01-31

Auto-generated by YouTube.",Flunky Stingray Production Sugar,10,2026-01-30T10:01:54Z,25845,896,95,US
kXtl6pO0wnU,"Sean Rii, Jenieo, Baka Solomon - When You're Gone (Official Music Video)","When You’re Gone performed by Sean Rii, Jenieo & Baka Solomon 

🎵 Download or stream When You’re Gone 🔽
https://acts.lnk.to/WhenYoureGone 

🔔 Subscribe for latest https://www.youtube.com/@SeanRii 

📲 Connect and follow Sean Rii ⬇️
https://www.facebook.com/seanriimusic 
https://www.instagram.com/seanriiofficial/ 
https://soundcloud.com/seanriiofficial 
https://www.tiktok.com/@r11sean 

Check out more from Sean Rii
https://www.youtube.com/watch?v=z3VMzw_qOeM
https://www.youtube.com/watch?v=SZAuKHtNF-M
https://www.youtube.com/watch?v=VUCOBpPf9d0
https://www.youtube.com/watch?v=xYRR7S7smWY

Directed by Tene See
https://www.instagram.com/tenesee_studios 
https://www.youtube.com/@TeneSeefilms 

Distributed by ACTS Music Group
https://actsdistro.com
https://www.youtube.com/@actsmusicgroup 

#seanrii #reggae #2026",sean rii sean rii song sean rii songs sean rii music,10,2026-01-30T04:00:06Z,123860,6855,249,US
qf0xT_rURn4,"John Denver - Take Me Home, Country Roads (Lyrics)","Subscribe and press (🔔) to join the Notification Squad and stay updated with new uploads

Follow John Denver:
https://JohnDenver.lnk.to/followFI
https://JohnDenver.lnk.to/followII
https://JohnDenver.lnk.to/followTI

Follow Gseven Records:
Instagram : https://www.instagram.com/gsevenrecords/
Facebook : https://www.facebook.com/gsevenrecords/

We have an official permission from the right holders to upload this music

Lyrics:

[Verse 1]
Almost Heaven, West Virginia
Blue Ridge Mountains, Shenandoah River
Life is old there, older than the trees
Younger than the mountains, growing like a breeze

[Chorus]
Country roads, take me home
To the place I belong
West Virginia, mountain mama
Take me home, country roads

[Verse 2]
All my memories gather 'round her
Miner's lady, stranger to blue water
Dark and dusty, painted on the sky
Misty taste of moonshine, teardrop in my eye

[Chorus]
Country roads, take me home
To the place I belong
West Virginia, mountain mama
Take me home, country roads

[Bridge]
I hear her voice in the morning hour, she calls me
The radio reminds me of my home far away
Driving down the road, I get a feeling
That I should have been home yesterday, yesterday

[Chorus]
Country roads, take me home
To the place I belong
West Virginia, mountain mama
Take me home, country roads
Country roads, take me home
To the place I belong
West Virginia, mountain mama
Take me home, country roads

[Outro]
Take me home, (Down) country roads
Take me home, (Down) country roads

Tags
John Denver, Take Me Home, Country Roads, John Denver Take Me Home Country Roads, Take Me Home Country Roads John Denver, Lyrics, Lyrics Take Me Home, Country Roads, John Denver Take Me Home, Country Roads Lyrics, Take Me Home, Country Roads John Denver Lyrics, John Denver Lyrics, Take Me Home Country Roads Lyrics John Denver, Lyrics John Denver Take Me Home, Country Roads, Lyrics Take Me Home, Country Roads John Denver",gseven records John Denver Take Me Home Country Roads John Denver Take Me Home Country Roads Take Me Home Country Roads John Denver Lyrics Lyrics Take Me Home John Denver Take Me Home Country Roads Lyrics Country Roads John Denver Lyrics John Denver Lyrics Take Me Home Country Roads Lyrics John Denver Lyrics John Denver Take Me Home Country Roads John Denver Country roads take me home To the place I belong West Virginia mountain mama Take me home country roads,10,2026-01-31T12:31:23Z,282886,1051,16,US
9nEp9eeGaJk,ILLIT (아일릿) 'NOT ME’ Official MV,"ILLIT (아일릿) 'NOT ME’ Official MV

Executive Producer Kim Taeho
Creative Director Heu Serian
Music Video Director Yunah Sheep

* YouTube 특전이 포함된 앨범 구매 방법: 영상 왼쪽 하단 아이콘 클릭 → 태그된 제품을 클릭해 연결되는 위버스샵 방문 → 제품 구매
* How to order the album with YouTube Gift: Click the icon at the bottom left of this video → Click the tagged product and get redirected to Weverse Shop → Purchase the album

ⓒ BELIFT LAB Inc. All Rights Reserved

Connect with ILLIT

ILLIT Weverse: https://www.weverse.io/illit
Official YouTube: https://www.youtube.com/@ILLIT_official
Official X (Twitter): https://x.com/ILLIT_official
Member X (Twitter): https://x.com/ILLIT_twt
TikTok: https://www.tiktok.com/@illit_official
Instagram: https://www.instagram.com/ILLIT_official
Facebook: https://www.facebook.com/ILLIT.beliftlab
Weibo: https://www.weibo.com/n/ILLIT_BELIFTLAB
BILIBILI: https://space.bilibili.com/3546608109095338
Douyin: https://v.douyin.com/ikgST6Sw/
Japan X (Twitter): https://x.com/ILLITjpofficial

#ILLIT #아일릿 #NOT_ME",HYBE HYBE LABELS 하이브 하이브레이블즈,10,2026-02-06T13:00:03Z,1782647,219343,9784,US
UsjJn5-hhGw,Marc Anthony - Tu Amor Me Hace Bien (Letra/Lyrics),"Marc Anthony - Tu Amor Me Hace Bien (Letra/Lyrics)

Sigue a Marc Anthony:
http://www.marcanthony...
https://www.facebook.com/officialmarcanthony
https://twitter.com/marcanthony

[Letra de ""Tu Amor Me Hace Bien""]

[Intro]
¡Opa!

[Verso 1]
Te quiero así, deliciosa, insospechada
Porque creo en tu palabra
Porque yo siento que aún te necesito
Porque me alteras las ganas
Te quiero así, estruendosa y delicada
Entre alegría y nostalgia
Porque me gusta tenerte, vida mía
Y no quiero que te vayas
Porque el amor, cuando es verdad sale del alma
Nos aturde los sentidos
Y de pronto descubrimos que la piel se enciende en llamas

[Coro]
Bien, tu amor me hace bien
Tu amor me desarma
Ay, tu amor me controla
Eh, eh-eoh, me endulza, me encanta
Eh, eh, pero bien, tu amor me hace bien
Tu amor me desarma
Ay, tu amor me controla
Eh, eh-eoh, me vence, me amarra, eh, eh
Mira que me hace bien, ay, que me hace bien

[Verso 2]
Te quiero así, tan precisa, equivocada
Con tus detalles que matan
Porque tenerte a mi lado me hace fuerte
Si eres mi reina y mi espada
Te quiero así, cuando ríes, cuando callas
Porque al caer, me levantas
Porque mi voz y mi espíritu se agitan
Cuando dices que me amas
Porque tu amor, como es verdad me vuelve el alma
Me despierta los sentidos
Y de pronto descubrí que aquí en mi piel se enciende en llamas

[Coro]
Ay, bien, tu amor me hace bien
Tu amor me desarma
Ay, tu amor me controla
Eh, eh-eoh, me endulza, me encanta
Eh, eh, eh
¡Epa!

[Interludio Instrumental]

[Puente]
Ay, cómo te quiero
Ay, cómo te adoro
Ay, lolita, linda
Tú eres mi tesoro

[Verso 2]
Te quiero así, tan precisa, equivocada
Con tus detalles que matan
Porque tenerte a mi lado me hace fuerte
Si eres mi reina y mi espada
Te quiero así, cuando ríes, cuando callas
Porque al caer, me levantas
Porque mi voz y mi espíritu se agitan
Cuando dices que me amas
Porque tu amor, como es verdad me vuelve el alma
Me despierta los sentidos
Y de pronto descubrí que aquí en mi piel se enciende en llamas

[Coro]
Ay, bien, tu amor me hace bien
Tu amor me desarma
Ay, tu amor me controla
Eh, eh-eoh, me endulza, me encanta
Eh, eh, eh
¡Epa!

[Interludio Instrumental]

[Puente]
Ay, cómo te quiero
Ay, cómo te adoro
Ay, lolita, linda
Tú eres mi tesoro

Tags:
Marc Anthony, Tu Amor Me Hace Bien, Marc Anthony Tu Amor Me Hace Bien, Tu Amor Me Hace Bien Marc Anthony, Tu Amor Me Hace Bien Letra, Tu Amor Me Hace Bien Lyrics, Tu Amor Me Hace Bien Letra Lyrics, Marc Anthony Tu Amor Me Hace Bien Letra, Marc Anthony Tu Amor Me Hace Bien Lyrics, Marc Anthony Tu Amor Me Hace Bien Letra Lyrics, Tu Amor Me Hace Bien Marc Anthony Letra, Tu Amor Me Hace Bien Marc Anthony Lyrics, Tu Amor Me Hace Bien Lyrics Marc Anthony, Tu Amor Me Hace Bien Letra Marc Anthony, Letra Tu Amor Me Hace Bien Marc Anthony, Letra Lyrics Marc Anthony Tu Amor Me Hace Bien, Marc Anthony Letra, Marc Anthony Lyrics, Marc Anthony Letra Lyrics",Marc Anthony Tu Amor Me Hace Bien Marc Anthony Tu Amor Me Hace Bien Tu Amor Me Hace Bien Marc Anthony Tu Amor Me Hace Bien Letra Tu Amor Me Hace Bien Letra Lyrics Marc Anthony Tu Amor Me Hace Bien Letra Marc Anthony Tu Amor Me Hace Bien Lyrics Marc Anthony Tu Amor Me Hace Bien Letra Lyrics Tu Amor Me Hace Bien Marc Anthony Letra Tu Amor Me Hace Bien Marc Anthony Lyrics Tu Amor Me Hace Bien Lyrics Marc Anthony Tu Amor Me Hace Bien Letra Marc Anthony,10,2026-02-01T13:30:40Z,238594,221,1,US
oPgC0Yhseas,Pieces,"Provided to YouTube by Tayler Holder LLC

Pieces · Tayler Holder

Pieces

℗ 2026 Tayler Holder LLC

Masterer: Daniel Bacigalupi
Mixing Engineer: Matthew McVaney
Acoustic Guitar: Matthew McVaney
Piano, Programming, Strings: Matthew McVaney
Producer: Matthew McVaney
Background Vocals: Matthew McVaney
Vocals: Tayler Holder
Writer: Michael Lotten
Writer: Carson Wallace
Writer: Tayler Holder

Auto-generated by YouTube.",Tayler Holder Pieces,10,2026-02-05T10:01:46Z,40214,1813,46,US
chwsm2vKG2k,There Goes My Heart,"Provided to YouTube by Universal Music Group

There Goes My Heart · Ella Mai

Do You Still Love Me?

℗ 2025 10 Summers Records, LLC

Released on: 2026-02-06

Producer: Mustard
Vocalist: Ella Mai
Engineer: Ben ""Bengineer"" Chang
Engineer: Gehring Miller
Mixing Engineer: Manny Marroquin
Additional Mixing Engineer: Ramiro Fernandez-Seoane
Additional Mixing Engineer: Francesco Di Giovanni
Mastering Engineer: Nicolas de Porcel
A& R: Jennifer Drake
Aand Radministrator: Marissa Wickliffe
Composer Lyricist: Ella Mai Howell
Composer Lyricist: Gabrielle Rodgers
Composer Lyricist: Varren Wade
Composer Lyricist: Dijon McFarlane

Auto-generated by YouTube.",Ella Mai エラメイ エラ・メイ Do You Still Love Me? There Goes My Heart,10,2026-02-05T10:01:55Z,72037,3405,44,US
1eIjOSPQuFE,Cigarette,"Provided to YouTube by Virgin Music Group

Cigarette · Joji

Piss In The Wind

℗ 2026 Palace Creek, distributed by Virgin Music

Released on: 2026-02-06

Vocals: George Miller
Recording Engineer: Francisco ""Frankie"" Ramirez
Mixing Engineer: Jeff Ellis Worldwide
Assistant Mixing Engineer: Ivan Handwerk
Assistant Mixing Engineer: Trevor Taylor
Mastering Engineer: Dale Becker
Assistant Mastering Engineer: Adam Burt
Assistant Mastering Engineer: Katie Harvey
Assistant Mastering Engineer: Noah McCorkle
Producer: Isaac Sleator
Producer: Wonton
Composer Lyricist: George Miller
Composer Lyricist: John Durham
Composer Lyricist: Isaac Cords Sleator

Auto-generated by YouTube.",Joji Piss In The Wind Cigarette,10,2026-02-05T12:16:07Z,333079,13960,296,US
YQh6bc43ztI,Time Goes On,"Provided to YouTube by Columbia

Time Goes On · Koe Wetzel

Time Goes On

℗ 2026 Columbia Records, a Division of Sony Music Entertainment, under exclusive license from YellaBush Records

Released on: 2026-02-06

Associated Performer, Vocal: Koe Wetzel
Electric Guitar, Acoustic Guitar, Slide Guitar, Lyricist, Composer: Josh Serrato
Producer, Organ, Bass, Acoustic Guitar, Background Vocal, Lyricist, Percussion, Composer: Gabe Simon
Percussion, Drums, Composer, Assistant Producer, Lyricist: Carrie Karpinen
Composer, Lyricist: Ropyr Wetzel
Composer, Lyricist: Amy Allen
Recording Engineer: Jordan Silva
Assistant Recording Engineer: Phillip Smith
Mixing Engineer: Ryan Hewitt
Assistant Mixing Engineer: Tyler Spratt
Mastering Engineer: Ted Jensen

Auto-generated by YouTube.",Koe Wetzel Time Goes On,10,2026-02-05T10:01:00Z,89270,3482,35,US
Rn89mUndYbo,LADY GAGA - ABRACADABRA (LIVE AT THE 2026 GRAMMYS),"Lady Gaga performs her Grammy Award-winning song in archival Alexander McQueen from his Fall/Winter 2009 collection “The Horn Of Plenty.” Look 36. In memory of and inspired by Lee. 

Performing with her MAYHEM co-producers ANDREW WATT and CIRKUT, alongside JOSH FREESE.
LADY GAGA, MICHAEL POLANSKY, ANDREW WATT, CIRKUT (Producer of the Year), PARRIS GOEBEL, BEN DALGLEISH, HARDSTYLE, FREDERIC ASPIRAS & SARAH TANNO. Thank you to ALEXANDER MCQUEEN for the humble honor of sharing with us this piece of fashion history.",,10,2026-02-05T23:06:13Z,1484287,85304,5391,US
W6lIvxWfxLI,Ed Sheeran - Shape of You (Lyrics),"🎧 Ed Sheeran - Shape of You (Lyrics)
🔔 Turn on notifications to stay updated with new uploads!

⏬ Download / Stream: https://open.spotify.com/track/7qiZfU4dY1lWllzX7mPBI3

Ed Sheeran:
https://www.instagram.com/teddysphotos/
https://www.facebook.com/EdSheeranMusic

Lyrics: Shape of You - Ed Sheeran

The club isn't the best place to find a lover
So the bar is where I go (mmmm)
Me and my friends at the table doing shots
Drinking fast and then we talk slow (mmmm)
And you come over and start up a conversation with just me
And trust me I'll give it a chance now (mmmm)
Take my hand, stop, put Van The Man on the jukebox
And then we start to dance
And now I'm singing like
Girl, you know I want your love
Your love was handmade for somebody like me
Come on now, follow my lead
I may be crazy, don't mind me
Say, boy, let's not talk too much
Grab on my waist and put that body on me
Come on now, follow my lead
Come, come on now, follow my lead (mmmm)
I'm in love with the shape of you
We push and pull like a magnet do
Although my heart is falling too
I'm in love with your body
Last night you were in my room
And now my bedsheets smell like you
Every day discovering something brand new
I'm in love with your body
Oh I oh I oh I oh I
I'm in love with your body
Oh I oh I oh I oh I
I'm in love with your body
Oh I oh I oh I oh I
I'm in love with your body
Every day discovering something brand new
I'm in love with the shape of you
One week in we let the story begin
We're going out on our first date (mmmm)
You and me are thrifty, so go all you can eat
Fill up your bag and I fill up a plate (mmmm)
We talk for hours and hours about the sweet and the sour
And how your family is doing okay (mmmm)
And leave and get in a taxi, then kiss in the backseat
Tell the driver make the radio play
And I'm singing like
Girl, you know I want your love
Your love was handmade for somebody like me
Come on now, follow my lead
I may be crazy, don't mind me
Say, boy, let's not talk too much
Grab on my waist and put that body on me
Come on now, follow my lead
Come, come on now, follow my lead (mmmm)
I'm in love with the shape of you
We push and pull like a magnet do
Although my heart is falling too
I'm in love with your body
Last night you were in my room
And now my bedsheets smell like you
Every day discovering something brand new
I'm in love with your body
Oh I oh I oh I oh I
I'm in love with your body
Oh I oh I oh I oh I
I'm in love with your body
Oh I oh I oh I oh I
I'm in love with your body
Every day discovering something brand new
I'm in love with the shape of you
Come on, be my baby, come on
Come on, be my baby, come on
Come on, be my baby, come on
Come on, be my baby, come on
Come on, be my baby, come on
Come on, be my baby, come on
Come on, be my baby, come on
Come on, be my baby, come on
I'm in love with the shape of you
We push and pull like a magnet do
Although my heart is falling too
I'm in love with your body
Last night you were in my room
And now my bedsheets smell like you
Every day discovering something brand new
I'm in love with your body
Come on, be my baby, come on
Come on, be my baby, come on
I'm in love with your body
Come on, be my baby, come on
Come on, be my baby, come on
I'm in love with your body
Come on, be my baby, come on
Come on, be my baby, come on
I'm in love with your body
Every day discovering something brand new
I'm in love with the shape of you

#shapeofyou #edsheeran #lyrics",shape of you shape of you lyrics lyrics shape of you ed sheeran lyrics ed sheeran shape of you shape of you ed sheeran ed sheeran shape of you lyrics lyrics ed sheeran shape of you ed sheeran lyrics lyrics ed sheeran ed sheeran lyrics shape of you shape of you lyrics ed sheeran lyrics shape of you ed sheeran shape of you ed sheeran lyrics shape of you lyric shape of you lyric video lyric video shape of you ed sheeran - shape of you pop music hits,10,2026-02-04T10:58:26Z,1062040,3129,26,US
2seS3W2VQ_Y,Chief Keef - Talking Ish Ft.  Ballout (Official Music Video),"Talking ish Single by Chief Keef ft Ballout
Directed by
 @Johnnytwotimez
@colourfulmula 
Stream/Download: https://chiefkeef.lnk.to/HarryPotter
Stream/Download https://chiefkeef.lnk.to/ShakeDat
Stream 'Almighty So 2' out now: https://chiefkeef.lnk.to/AlmightySo2
Follow Chief Keef
Instagram: https://instagram.com/chieffkeeffsossa?utm_medium=copy_link
Twitter: https://twitter.com/chiefkeef?s=21 
Tiktok: https://www.tiktok.com/@chiefkeefofficial1
Facebook: https://www.facebook.com/ChiefKeef
Merch: Glo Gang Worldwide - Official Online Store
Apple Music: https://music.apple.com/ca/artist/chief-keef/516663045
Spotify: https://open.spotify.com/artist/15iVAtD3s3FsQR4w1v6M0P?si=QHlWzDq3Sk684M8o4GhwEQ
Pandora: https://pandora.app.link/GDZw2T5WPVb
Amazon Music: https://amazon.com/music/player/artists/B007RI2STO/chief-keef?marketplaceId=ATVPDKIKX0DER&musicTerritory=US&ref=dm_sh_ynFlRj1ufOMoFoLhkL0l4Qps4

#Talkingish #Chiefkeef #ballout",Chief Keef chief keef sosa talking ish ball out chief keef talking ish talking shit talking ish chief keef ballout ballout talking ish talking ish ballout chief keef ballout chief keef feat ballout chief keef music video talking ish music video talking ish official music video chief keef new music,10,2026-02-05T23:00:06Z,427567,35356,2429,US
LoElk8clGVg,ZAYN - Die For Me (Official Video),"Official music video for ""Die For Me” by ZAYN from ‘KONNAKOL’, out April 17. 

Stream/download ""Die For Me"": https://zayn.lnk.to/dieforme
Pre-order ‘KONNAKOL’: https://zayn.lnk.to/KONNAKOL

See Zayn on THE KONNAKOL TOUR: https://inzayn.com/tour

Follow Zayn: 
https://tiktok.com/@zayn 
https://instagram.com/zayn   
https://twitter.com/zayn 
https://facebook.com/zayn 

Follow INZAYN: 
https://instagram.com/inzayn 
https://twitter.com/inzayn 
www.inzayn.com 

Video director: Ivanna Borin x Frank Borin
Video producer: Shayna Gianelli
Video editor: Ivanna Borin
Production Company : UnderWonder Content

Lyrics
Good times and bad times
I gave you my everything
I tried and I tried
To love you through anything
Swore to each other
We’d never be enemies
Why the fuck would you say that to me

Ain’t nothing worse than somebody who
Lies to your face and then swears it’s the truth
If you have a heart rip it up let it bleed

Cuz you said you would die for me
Say you would die for me
Say you would die for me

Don’t leave me now
When I need you the most
Gave you my heart
Don’t you dare let it go
say you would die for me
say you would die for me

Don’t leave me now
When I need you the most
Said you would die for me
said you never never let me go

2 am
You ain’t home
Call your friends
Said your gone
I’m not gonna wait up here
Go ahead and stay out ther
Oo
I’ll sleep just fine without you
Yeah yeah yea

Ain’t nothing worse than somebody who
Lies to your face and then swears it’s the truth
I love you, I love you, you said it out
Those empty words you were spitting out
You told me you love me
where are you now
Say you would die for me
Say you would die for me
Don’t leave me now
When I need you the most
Gave you my heart
Don’t you dare let it go

Say you would die for me
Say you would die for me
Don’t leave me now

When I need you the most
Said you would die for me
Said you’d never never let me go
Die for me
Say you would die for me
Say you would die for me
Don’t leave me now
When I need you the most
Said you would die for me
Said you never never let me go

#Zayn #DieForMe #KONNAKOL


Music video by ZAYN performing Die For Me.© 2026 Drop Zed Music, LLC, under exclusive license to Mercury Records, a division of UMG Recordings, Inc.",ZAYN Pop zayn malik die for me new zayn music zayn tour pillowtalk zayn 2016 zayn 2026 zayn vegas,10,2026-02-06T05:00:06Z,1645634,162360,15552,US
sSUrYVBQegM,Hades66 - Manhattan II X MR GOAT (Video Oficial) ,"Hades66 - Manhattan II (Video Oficial)
Descargar/Stream: https://sonarmusic.io/manhattan2

Sigue a Hades66: 
Instagram: https://www.instagram.com/hades66
TikTok: https://www.tiktok.com/@hades66mmnf
Spotify - https://open.spotify.com/artist/4CQdcx66F116k2db2Y0rjE
Apple: https://music.apple.com/us/artist/hades66/1537462379 
Pandora: https://pandora.app.link/Ub0uy0m9TCb


#HADES66 #manhattan2 #LaMRecords #MrGoat",Hades66 LaMRecords PR LaM El66 Manhattan2 Manhattan Manhattan II New York NYC,10,2026-02-06T01:00:07Z,778213,57708,4092,US
qZlhq_bzipE,Papaoutai (Afro Soul),"Provided to YouTube by Kontor New Media GmbH

Papaoutai (Afro Soul) · mikeeysmind · Chill77 · Unjaps

Papaoutai (Afro Soul)

℗ Unjaps AB/Mosaert Label SRL

Released on: 2025-12-20

Artist: mikeeysmind
Artist: Chill77
Artist: Unjaps
Composer, Lyricist: mikeeysmind
Composer, Lyricist: Chill77
Composer, Lyricist: Unjaps
Composer, Lyricist: Paul Van Haver
Composer, Lyricist: Mandjeku Lengo
Composer, Lyricist: Aron Cabernet Ottignon

Auto-generated by YouTube.",mikeeysmind Chill77 Unjaps Papaoutai (Afro Soul),10,2026-02-07T06:26:51Z,359121,8976,204,GB
0i6pgsbZAk0,Holy Ten - Ndakanyudzwa (Intro) ,,,10,2026-02-08T09:18:14Z,14222,3565,790,GB
YlHHiDnxxaQ,Florin Cercel - Sa traiasca toata lumea (Official Video) | Manele TV,"#FlorinCercel Sa traiasca toata lumea #ManeleTV #BigManRomania
Activeaza clopotelul (🔔) pentru a sti cand apar manele noi

Aboneaza-te 🔝 Manele TV: https://www.youtube.com/channel/UClsy7TIetSLuLuyOIFJ6NuA?sub_confirmation=1

❗(C) & (P) 2026 Manele TV by Big Man
Florin Cercel - Sa traiasca toata lumea
Stream/Download: 

➜ Muzica: Zenys, Sorin GS
➜ Text: Zenys, Sorin GS
➜ Orchestratie / Returnela: Edy Talent
➜ Video: Madalin Lungu",Florin Cercel - Sa traiasca toata lumea Florin Cercel florin cercel 2026 manele florin cercel muzica florin cercel 2026,10,2026-02-07T10:00:06Z,82221,3272,78,GB
jn0g7F_NblY,Fetty Wap - Trap Queen (Lyrics),"Subscribe to Sunrise Sounds and enjoy daily pop lyric videos to start your day with great vibes! 
https://www.youtube.com/@SunriseSounds-official

LYRICS:

[Intro]
RGF productions
Remy Boyz, yah-ah
1738, ayy

[Refrain]
I'm like ""Hey, what's up? Hello"" (Ayy)
Seen yo pretty ass soon as you came in the door
I just wanna chill, got a sack for us to roll
Married to the money, introduced her to my stove
Showed her how to whip it, now she remixin' for low
She my trap queen, let her hit the bando
We be countin' up, watch how far them bands go
We just set a goal, talkin' matchin' Lambos
At 56 a gram, 5 a hundred grams though
Man, I swear I love her, how she work the damn pole
Hit the strip club, we be lettin' bands go
Everybody hatin', we just call them fans, though
In love with the money, I ain't never lettin' go

[Chorus]
And I get high with my baby (My baby)
I just left the mall, I'm gettin' fly with my baby, yeah
And I can ride with my baby (My baby)
I be in the kitchen cookin' pies with my baby, yeah
And I can ride with my baby (My baby)
I just left the mall, I'm gettin' fly with my baby, yeah
And I can ride with my baby
I be in the kitchen cookin' pies

[Verse 1]
I'm like, ""Hey, what's up? Hello""
I hit the strip with my trap queen, 'cause all we know is bands
I just might snatch up a 'Rari and buy my boo a Lamb'
I just might snatch her a necklace, drop a couple on a ring
She ain't wantin' for nothin' because I got her everything
It's big ZooWap from the bando
Remind me where I can't go
Remy Boyz got the stamp though
Count up hella them bands though
Boy how far can your bands go?
Fetty Wap, I'm livin' fifty thousand K how I stand though
If you checkin' for my pockets I'm like…

[Chorus]
And I get high with my baby (My baby)
I just left the mall, I'm gettin' fly with my baby, yeah
And I can ride with my baby (My baby)
I be in the kitchen cookin' pies with my baby, yeah
And I can ride with my baby (My baby)
I just left the mall, I'm gettin' fly with my baby, yeah
And I can ride with my baby (My baby)
I be in the kitchen cookin' pies

[Refrain]
I'm like, ""Hey, what's up? Hello""
Seen yo' pretty ass soon as you came in the door
I just wanna chill, got a sack for us to roll
Married to the money, introduced her to my stove
Showed her how to whip it, now she remixin' for low
She my trap queen, let her hit the bando
We be countin' up, watch how far them bands go
We just set a goal, talkin' matchin' Lambos
At 56 a gram, 5 a hundred grams though
Man, I swear I love her how she work the damn pole
Hit the strip club, we be lettin' bands go
Everybody hatin', we just call them fans though
In love with the money, I ain't never lettin' go

[Verse 2]
I be smokin' dope and you know Backwoods what I roll
Remy Boyz, Fetty eatin' shit up, that's fasho
I'll run in ya house, then I'll fuck your ho
'Cause Remy Boyz or nothin'
Re-Re-Remy Boyz or nothin', yeah

[Outro: Nitt Da Gritt]
Yeah, you hear my boy
Soundin' like a zillion bucks on the track
I got whatever on my boy, whatever
Put your money where your mouth is
Money on the wood make the game go good
Money out of sight cause fights
Put up or shut up, huh?
Nitt Da Gritt, huh, RGF Productions
Squad

#sunrisesounds #fettywap #trapqueen",sunrise sounds sounds to start my day good vibes songs morning playlist daily music inspiration wake up playlist wake up songs music to start the day morning workout playlist y2k songs pop music hip hop music throwback playlist throwback music 2000s mixtape millennial music hits hip hop 2000 playlist trap queen lyrics trap queen fetty wap fetty wap trap queen lyrics fetty wap lyric video hip hop playlist trap queen fetty wap trap queen y2k,10,2026-01-14T10:01:16Z,137055,358,7,GB
ONCS7tTIgDQ,Fleetwood Mac - Dreams - 2004 Remaster,"🔔 Subscribe and turn on notifications
🟢Spotify Playlist: https://spoti.fi/3d2Zlsm 
🔵Instagram: https://www.instagram.com/topsquadchill/

Fleetwood Mac - Dreams - 2004 Remaster
Released 04/02/1977


#fleetwoodmac 
#oldisgoldsongs 
#tiktoktunes",,10,2026-02-03T08:00:23Z,25446,110,5,GB
Hx2uxl4LgZw,Omah Lay - Don't Love Me [Official Music Video],"The official music video for Omah Lay's ""Don't Love Me""
Listen to 'Don't Love Me' OUT NOW: https://omahlay.lnk.to/DONTLOVEME

FOLLOW OMAH LAY:
https://www.instagram.com/omah_lay/
https://twitter.com/Omah_Lay
https://www.facebook.com/OfficialOmahLay
https://www.tiktok.com/@omah_lay
https://open.spotify.com/artist/5yOvAmpIR7hVxiS6Ls5DPO?si=PkzWcbzMTKCb-OEIhyHbRA
https://music.apple.com/artist/omah-lay/1459319359

TEXT ME 💜 +1 917-810-3414

DON'T LOVE ME Lyrics

Fire  
Feeling  
I’ve been running  
I’ve running running around  
I don’t feel nothing  
I don’t feel like I’m alive  
Hennessy no Dey hit me again  
Igbo no Dey high me again  
Wetin you wan do me again  
Shawty say she wan fix up her nails I paid for both she and her friends  I just wanna get in their pants  
Don’t love me  
Seriously don’t love me  
Don’t love me  
Don’t love me  
Don’t love me Don’t love me  
Don’t love me  
Please don’t love me  
Don’t love me  
Don’t love me  
Don’t love me Don’t love me  
Don’t love me  
Don’t love me love  
Don’t love me ohh  
Don’t love me ohh  
Don’t love me ohh  
Don’t love me ohh  
ohh ohh  
Ohh ohh  
I’ve been this way for way too long  Now I think it’s a habit or something  Now I think it’s a habit or something  Kissing fire to see if it’s burning  
I leave before my days are numbered  Coz I don’t wanna tell you that I’m sorry  I don’t want you to tell me that you’re sorry  Coz I’m heartless, I’m broken and rotten  
Hennessy no Dey hit me again  
Igbo no Dey high me again  
Wetin you wan do me again  
Shawty say she wan move to place I paid for two years on the rent  
Five bedroom rooftop apartment  I wanna get in your pants  
Don’t love me
Don’t love me  
Don’t love me  
Don’t love me Don’t love me  Don’t love me  
Please don’t love me  
Don’t love me  
Don’t love me  
Don’t love me Don’t love me  Don’t love me  
Don’t love me love  
Don’t love me ohh  
Don’t love me ohh  
Don’t love me ohh  
Don’t love me ohh  
ohh ohh  
Ohh ohh  
I love you  
Don’t love me hmm hmm  Just make love

#dontloveme",,10,2026-02-07T16:00:07Z,209990,17745,1425,GB
kYChLVe-VGM,Abrar Ul Haq – Gen Z Rano | Alina Amir | Official Music Video,"Subscribe & watch latest video songs http://bit.ly/1ih4Y2h

Stream/Download

Apple Music
Spotify

Presenting biggest Basant anthem of 2026 by the legendary Abrar Ul Haq. Gen Z Rano features the beautiful Alina Amir, shot in Lahore by Beyond Studios, making it the ultimate party anthem.

Credits

Singer 
Abrar Ul Haq

Lyrics & Comp
Rabi

Music 
Kuwar Virk

Mix/Master
Futureworx Entertainment

Female Lead
Alina Amir 

MUA
Cornier

DP
Mani

AD
Usman

Edit
Subhan

Line Producer
Awais 

Choreographer
Pappu Samrat

Dancers
Team Pappu Samrat

Art Director
Mola

Location Manager
Sarfaraz Khan

Abrar Ul Haq’s Wardrobe
Shoaikh - The Brand

Camera & Lights
Billu Lights

Director
Jibran Khan

Publicity Design
Visual Hub

Special Thanks
Ronee Dhingra

Poster Photography
Visual Hub

Video / Post
Beyond Studios

Music Label
Beyond Records

Produced by Jibran Khan

Lyrics of Gen Z Rano by Abrar Ul Haq

Guddiyan Kar Lo Paase Vai
Jutt Da 5 Tawa Aya

Padhtu Paya Badlaan Te
Doraan Nu Manjha Laya

Chatt Te Speaker Wajde
Gabru Ne Punjabi Nachde
Gal Gal Te Nit Daramay
Billo Nu Nakhre Jachde

Tand Pyar Waali Pakki Rano Sadi
Ni Zor Laa Ly Eh Nai Tuttni

Pecha Peh Gaya Je Rano Naal Mera
Mai Nae Je Odi Guddi Katni

Sohni Lagdi Patanga Di Eh Jodi
Eh Jodi Sari Raat Udni

Pecha Peh Gaya Je Saade Naal Tera

Verse

Bari Bari Barsi Khatan Gaya Si Khat Ke Le Andiyan Churiyan
Bhangra Munde Pounde Ne
Te Gidha Poun Kudiyaan

Bari Bari Barsi Khatan Gaya Si Khat Ke Le Aanda Pinna

Ni Tu Naiyo Jaandi
Pyar Tere Naal Kinna

Ni Tu Naiyo Jaandi
Sanu Pyar Tere Naal Kinna

Verse

Spotify Te La K Gaanay
Gen-Z Rano Sun Di

Preeto Da Taan Viyah Hogya
Tu Born Aan Hunn Di

Nach Punjaban Sun Nache
Lahore Jalandhar Sara

Jadon V Ni Jutt Charhe Kachehri
Hundi La La La La

3 Akhade Raat Nu Patlo
Downtown Aa Kitay

Lahore Ton Le Ke London
Jutt Ne Shutdown Aa Kitay

Sohne Rabb Ne Udae Guddi Jaidi Bae Ohde Guddi Kinne Luttni

Pecha Peh Gaya Je Rano Naal Mera
Mai Nae Je Odi Guddi Katni

Sohni Lagdi Patanga Di Eh Jodi
Eh Jodi Sari Raat Udni

Boli

Bari Bari Barsi Khatan Gaya Si Khat Ke Le Aanda Pinna

Ni Tu Naiyo Jaandi
Pyar Tere Naal Kinna

Ni Tu Naiyo Jaandi
Sanu Pyar Tere Naal Kinna

#GenZRano #AbrarUlHaq #AlinaAmir


Instagram https://instagram.com/BeyondRecordLabel
Facebook https://www.facebook.com/BeyondRecordLabel
TikTok https://www.tiktok.com/@beyondrecordlabel
Website https://www.beyondrecordlabel.com",abrar ul haq abrar ul haq new song gen z rano gen z rano official video alina amir basant lahore 2026 basant song punjabi punjabi party anthem new punjabi song 2026 pakistani punjabi song lahore basant song desi party song pakistani music video punjabi pop song official music video pakistani pop music gen z punjabi song lahore vibes music latest pakistani song punjabi festival song alina amir new video,10,2026-02-07T16:28:20Z,156693,4419,306,GB
miLjF_WiJoY,Skeng - Pam Pam | Official Music Video (Bobby Lane Project),"Skeng - Pam Pam (Official Video)
Listen to 'Pam Pam' here: https://ineffable.to/pampam

Directed by Ruppi
Raheef Muzik Group/ Now or Never under exclusive license to Ineffable Records 2026

Lyrics: 

Bare talk man a talk
Know ntn bout the streets
Unu bare wannabe want be one a we
That never gonna happen
Not a day inna the week and deven a day pon weekend G

Ash to ash and dust to dust
Him face fuck up cremation is a must
Mek him sight a light bright like Iluminus
Illustrate the badness like a school mi guh

Suck yuh muma
Know how we get to work
Spanish Town
J Lane
Flanker
Rifle Lane
As it dusk up shot a buss up
Weh the bombo
Mi will shot a man enuh
Hey move outta mi way
Wul a unu move

PAMPAM
Bare shot a lick up inna man
PAMPAM
Tell a man dem gun yah never jam
PAMPAM
Govigovi swing another one
Inna e Spain
Anuh game we nuh fraida nuh man

ONE DON
Bare shot a lick up inna man
PAMPAM
Tell a man dem gun yah never jam
PAMPAM
Govigovi swing another one
Inna e Spain
Anuh game we nuh fraida nuh man

Gwaan mek dem gaslight yuh
Mi find yuh
Mi strike like a light
And a thief in the night
From mi hate yuh mi 9 yuh
Mi kindly deh time yuh
Surprisingly drive up
And window dem whine dung
PAMPAM
Door fly man a chuck and a dive
Hammer time crime time
Mek e reach prime time
Fine line cross mine and mi rise carbine
Diaschis chastise ratty rifle a rise

PAMPAM
Bare shot a lick up inna man
PAMPAM
Tell a man dem gun yah never jam
PAMPAM
Govigovi swing another one
Inna e Spain
Anuh game we nuh fraida nuh man

ONE DON
Bare shot a lick up inna man
PAMPAM
Tell a man dem gun yah never jam
PAMPAM
Govigovi swing another one
Inna e Spain
Anuh game we nuh fraida nuh man

Them fi know we nuh fraida ppl walking evil
Convicted of many treason
Mi nuh need a reason
Buss dem head and lef dem open season
Shotty swing the vehicle
Tyre peel and lef the place a steam up
Deven 5 a keep up
PAMPAM
Gun inna yuh face a never Reebok
When we buck anuh knee cup
Wul face aguh mash up
When we group up and a boost up
Rotten tree affi guh root up
Family suit up
Likkle bwoy find smaddy else fi fool up

Bare talk man a talk
Know ntn bout the streets
Unu bare wannabe want be one a we
That never gonna happen
Not a day inna the week and deven a day pon weekend G

Bare talk man a talk
Know ntn bout the streets
Unu bare wannabe want be one a we
That never gonna happen
Not a day inna the week and deven a day pon weekend G

PAMPAM
Bare shot a lick up inna man
PAMPAM
Tell a man dem gun yah never jam
PAMPAM
Govigovi swing another one
Inna e Spain
Anuh game we nuh fraida nuh man

ONE DON
Bare shot a lick up inna man
PAMPAM
Tell a man dem gun yah never jam
PAMPAM
Govigovi swing another one
Inna e Spain
Anuh game we nuh fraida nuh man


#Skeng #PamPam #Dancehall",Skeng Pam Pam Skeng Pam Pam skeng music video music video official video pam pam music video dancehall jamaican dancehall bobby lane project,10,2026-02-07T15:00:06Z,115334,9319,536,GB
oI8q_WUVt8w,Suspect AGB - Known {Official Visualisers} ft T.Scam AGB,"IG: Suspect_activegxng
Snapchat: Kingofcamdenagb
TikTok: Suspect_grrr",,10,2026-02-06T18:00:58Z,30175,2060,143,GB
AYtbfAAHP6c,(When You Gonna) Give It Up to Me [feat. Keyshia Cole] [Sped Up],"Provided to YouTube by VP Records

(When You Gonna) Give It Up to Me [feat. Keyshia Cole] [Sped Up] · Sean Paul · Keyshia Cole

(When You Gonna) Give It Up To Me [feat. Keyshia Cole]

℗ 2006 VP Records, a division of VP Music Group, Inc.

Producer: Don Corleon
Composer: Don Corleon
Composer: Jigzagula
Composer: Keyshia Cole
Composer: Nigel Staff
Composer: Ron Fair
Composer: Sean Paul

Auto-generated by YouTube.",Sean Paul Keyshia Cole (When You Gonna) Give It Up To Me [feat. Keyshia Cole] (When You Gonna) Give It Up to Me [feat. Keyshia Cole] [Sped Up],10,2026-02-02T14:57:38Z,492975,3949,9,GB
x59r7Sy6jqA,Maisie Peters - My Regards [Official Music Video],"Maisie Peters - My Regards [Official Music Video]

Directed by Amelia Dimoldenberg, starring Benito Skinner.

my regards out on now!! https://maisiepeters.lnk.to/myregardsDE

welcome to the world of my new album, florescence, out may 15th. you can pre-order it now   https://maisiepeters.lnk.to/florescenceDE 

before the bloom tour spring 2026 - go to maisiepeters.com for tickets

Mon 2 Mar Enmore Theatre, Sydney, Australia
Wed 4 Mar Forum Theatre, Melbourne, Australia
Mon 16 Mar La Madeleine, Brussels, Belgium
Wed 18 Mar Melkweg MAX, Amsterdam, Netherlands
Fri 20 Mar Astra Kulturhaus, Berlin, Germany
Sat 21 Mar Live Music Hall, Cologne, Germany
Mon 23 Mar La Cigale, Paris, France
Wed 25 Mar KOKO, London, UK
Tue 14 Apr 9:30 Club, Washington, DC, USA
Thu 16 Apr Théâtre Beanfield, Montreal, QC, USA
Fri 17 Apr The Phoenix Concert Theatre, Toronto, ON, Canada
Sun 19 Apr The Vic Theatre, Chicago, IL, USA
Wed 22 Apr The Fonda Theatre, Los Angeles, CA, USA
Sat 25 Apr Cine Joia, São Paulo, Brazil

Director - Amelia Dimoldenberg
Executive Producer – Annie Ayres
Producer – Mathias Gilay
Creative Director: Daisy King
Movement Director - Charlie Mayhew & Steph McMann
Production Manager - Production Manager – Colette Chalmers
1st AD – Ali Copland
2nd AD – Alex McAllister
3rd AD – Rory Purdy
Director of Photography – Pieter Snyman
1st AC – Josh Tue
2nd AC – Michael Mroczek
Camera Trainee – Billy Haverson
Gaffer – James Duffy
Electricians – Ant Ephgrave, Daniel Svilenov, Matthew Vant, Orlando De Silva
Cherry Picker Operator – Oscar Neme
Sound Recordist – Charlie Land
Art Director – Jade Mortimer
Art Dept - Bonnie Hamilton, Fingal Green, Ida Just
Maisie Stylist – Steph Major
Stylist Assistant – Enrica Miller
Maisie Hair & Makeup – Lauren Evans
Benito Stylist – Jake Sammis
Benito Hair & Makeup – Josh Knight
Cast Hair & Makeup – Viviane Melo
Cast Hair & Makeup Asst  – Margherita Lascala
Cast Stylist – Lucy Bonner
Cast Stylist Assistant – Izzy Fletcher
Casting - LANE Casting
Crazed Fans - Abi Burrows, Achanti Chyna, Faye Deering, Jack David-Heath, Joshua Opriasa, Megan Alderson, Ray Channing, Ruby Barnes, Sibusisiwe Nyoni
Line Dancers - Cheryl Blair, Josephina Taylor, René, Sally Cresser
Partygoers - Libusha Steele, Mark Jack Randle, Sue Ziya, Sam Shoubber
Editor - Eden Read
Edit Producer - Ella Kean
Edit House - The Assembly Rooms
Colourist - Megan Lee
Colour Producer - Charlie Morris
Colour House - Harbor
Label: Atlantic Records UK
Marketing: Charlie Smith
Audience: Rosie Cumberlidge
Content / Creative: Dimz Inc | Ashleigh Kybert
Track: Nick Lobel, Maisie Peters, Amy Webber (A&R)
Special Thanks to Panavision, Cinelight, Grace & Skye, Advanced Access & Addington Palace

follow maisie 🌱
Instagram: https://www.instagram.com/maisiehpeters
TikTok: https://www.tiktok.com/@maisiehpeters
Facebook: https://www.facebook.com/maisiepeters...
Twitter: https://twitter.com/maisiehpeters
Discord: https://app.levellr.com/maisie-peters 
Snapchat: (if you want to lol) maisie.peters
Website: https://www.maisiepeters.co.uk
Discord: https://app.levellr.com/maisie-peters

Click here to subscribe to my channel: https://ad.gt/MP-SUBSCRIBE",maisie peters original music singing guitar song john hughes movie not the one daydreams the list sad girl summer maybe don't jp saxe maisy peters maisie peter the good witch you sign up for this there it goes i made it to september history of man lost the breakup worst of you you you you audrey hepburn my regards maisie peters my regards maisie my regards amelia dimoldenberg benito skinner benny drama,10,2026-02-06T09:00:07Z,219387,8809,358,GB
7-txIFZECr4,Kasst 8 - Spud bro (Music Video),"Stream: https://distrokid.com/hyperfollow/kasst8/spud-bro?ref=release

Follow Kasst 8:
Instagram: @kasst8  
TikTok: @kasst8",,10,2026-02-06T19:35:46Z,25821,2105,147,GB
jZEA2mMwL1k,Mutta Kalakki Music Video | Youth | Ken Karunaas | Suraj Venjaramoodu | GV Prakash Kumar,"Presenting the Music Video Song of ""Mutta Kalakki"" from ""Youth"", Sung & Lyrics by Ken Karunaas, Music Composed by G.V.Prakash Kumar.

Streaming on all Platforms: https://lnk.to/Mutta_Kalakki

Song Credits

Music : G V Prakash Kumar
Lyrics : Ken Karunaas
Vocals : Ken Karunaas
Programmed by Anand Kashinath
Additional Programming : Varun
Rhythms : Kalyan
Guitars : Varun 
Flute : R. S. Vikram
Backing vocals : Anand Kashinath
Additional Strings : Dan Kristen
Bass : Napier Naveen
Bass Guitar Recorded by Manu Prasad at Contrabass studio
Recorded by Amal, Vignesh at 2bq Studios & Kashy Records
Mixed and Mastered by Jehovahson Alghar, Divine labs 
Assistant Sound Engineer : Roopash Tiwari, Divine labs 
Divine labs Musicians Assistant : P Rajamurugan

Lyric Video & Animations : Ambani

Movie Credits

Written, Directed & Performed by - Ken & Gang
Produced by - Karuppiah C. Ram & Sulochana Kumar
A G.V. Prakash Kumar Magical
Cinematography - Viki
Editor - Nash
Art Director - Ramu Thangaraj
Costume Designer - Kavya Sriram
Creative Producer - Vijay MP
Head of Production - Chelladurai B.
Executive Producers -Arokia Victor Prince M. & Tejesh Suresh
Administration Executive - Suresh Kumar
Lyrics - Vignesh Srikanth,Ken K,Eshwar Santhanalakshmi
Stunts - Kalai Kingson
Choreography - Shobi Paulraj
Sound Design - Sync Cinema
Sound Mix - Aravind Menon
DI - Suresh Ravi (Mango Post)
VFX - Renderhood
Co-Directors - Pradeep Devakumar,Joshua Williams
Direction Team - Lohith,Peter Williams,Srinivasan Aravind,Yogeshwaran R,Rethiesh
DOP Team - R. A. Prakash, D. Selvam BVA,Vigneshwaran M.
BTS - The KK
Stills - Balaji Varadan
Marketing - Venkat Ramanan,Digitally Powerful
Posters - Kabilan Chelliah
PRO - Barani

#gvprakash #kenkarunas #tamilsong #MuttaKalakki #Youth",Mutta Kalakki Mutta Kalakki song Mutta Kalakki video song Mutta Kalakki music video Mutta Kalakki GV Prakash Kumar Mutta Kalakki Youth GV Prakash Kumar song GV Prakash Kumar music video GV Prakash Kumar Tamil songs Ken Karunas song Ken Karunas Tamil song Youth Tamil movie song Tamil new song Tamil latest song Tamil trending song Tamil viral song Tamil music video Tamil video song Tamil songs 2026 latest Tamil songs trending Tamil songs Kollywood songs,10,2026-02-07T12:33:12Z,715340,32190,583,GB
toQphVI5Prk,MAGIC! - Rude (Sub. Español + Lyrics),,,10,2026-02-02T16:30:31Z,387694,804,7,GB
vysZMyXS78U,Familiar Faces,"Provided to YouTube by Isekai / broke / Electric Feel

Familiar Faces · Two Connors

Familiar Faces

℗ 2026 Isekai / broke / Electric Feel

Released on: 2026-02-06

Main Artist: Two Connors
Producer: Machineman Tim
Lyricist: Callum Connor
Lyricist: Danny Connor
Composer: Callum Connor
Composer: Danny Connor

Auto-generated by YouTube.",Two Connors Familiar Faces,10,2026-02-05T10:02:16Z,27643,1552,0,GB
jShtkpnYLXI,Claudia Puican și Formația Nicoară - Ia-mă-n brațe viața mea (LIVE 100% 2026),"📀 COVER al piesei ➥ https://www.youtube.com/watch?v=8npgd05CJVI 

🎼 Dacă vă plac melodiile abonați-vă pentru a afla primii noutățile muzicale ▶️✨👍🏼
🔴 Subscribe ➠ https://www.youtube.com/channel/UCtjFx3Wi8Z_cO5agH9sf2kQ ❌  https://www.youtube.com/channel/UCtjFx3Wi8Z_cO5agH9sf2kQ ▶️✨👍🏼
🔔 Pentru a fi la curent cu ultimele noutati (🔔) Activeaza Clopotelul !  

🎤 Pentru evenimente & concerte ➥ ☎️ Armando Nicoara: 0766 467 312 

➣ Prezență online:
👍 Facebook ➖ https://www.facebook.com/oficiallclaudiapuican
📸 Instagram ➖https://www.instagram.com/claudia.puican
🎥 TikTok ➖ https://www.tiktok.com/@claudiapuican

➣ Distribuție digitală:
🛑 Youtube Music ➖ https://music.youtube.com/channel/UCJi6Ww8JCtXO-_BKoCRejRw
🔉 iTunes ➖ https://music.apple.com/ro/artist/claudia-puican/1417919083
🔊 Spotify ➖ https://open.spotify.com/artist/2218dGWsepdbDbWnzJzYNB
🔉 Deezer ➖ https://www.deezer.com/ro/artist/49275512
***

🙏 Mulțumim Locației de evenimente DIAMOND EVENTS 👇
https://share.google/BWoJ7cMmvlMgkHCy7

🎶 Dacă v-a plăcut, nu uitați să dați like, comment, și să vă abonați la canal pentru a fi la curent cu toate noutățile! 👍🏼
♥️ Vă mulțumesc pentru vizualizare! 🙏🏼

📀 Colaj de reinterpretări ale compozițiilor lui @PuiuCodreanuOfficial 📀
⛔ Aceasta melodie nu ne aparține și videoclipul este doar în scop de promovare ⛔
⛔ This song does not belong to us and the video is only for promotion purposes ⛔

✧✧✧

⚙️ Canal Administrat de Ionut Tatar ♫
📲 WhatsApp ➖ +33 673 95 61 81
📷 Instagram ➖  https://www.instagram.com/ionuttatarr
👍 Facebook ➖ https://www.facebook.com/ionuttatarr
🎬 TikTok ➖ https://www.tiktok.com/@ionuttatarr
🌐 Website ➖ https://www.ionuttatar.ro
📧 E-mail ➖ contact@ionuttatar.ro

#ClaudiaPuican #IaMaInBrateViataMea #Live2026 #FormatiaNicoara #MuzicaDePetrecere #TATARRNetwork",,10,2026-02-01T10:07:00Z,223204,1676,111,GB
SltiQDBcTM0,Whats POPPIN [Official MV] Ninja - Deep Jandu - Gora - Sunny Randhawa,"Presenting Whats POPPIN! Official Music Video

Stream Now
Spotify: https://open.spotify.com/track/5pXDY6dsAEn42Ax2U5Ag8k
Apple: https://music.apple.com/in/song/whats-poppin/1866866873
Jiosaavn: https://www.jiosaavn.com/song/whats-popin/NiZfBxBIB0Q
YT Music: https://music.youtube.com/watch?v=u-7G71LvCuc
Reel: https://www.instagram.com/reels/audio/1262514105863837
Soundcloud: https://soundcloud.com/ninja12046/whats-popin
Amazon: https://music.amazon.in/albums/B0GF38ZYKR

Song: Whats POPPIN
Singer: Ninja
Rap & Music: Deep Jandu
Featuring: Deep Jandu, Mahi Sandhu, Shv
Lyrics: Gora
Deep Jandu's Verse: Sunny Randhawa
Mix/Master: Adam
A Film By: Saibus
Female Lead: Sara 
Executive Producer: Arman Dhillon 
DP: Vishal 
Editor: Sarabjeet Sohal
Production: Akshay Kapoor
Project By: Khaki Entertainment & Black Diamond Studios
Project Manager: Vishal Kaushal
Powered By: GK Digital
Music Label: Ninja

Enjoy And Stay Connected with Me:
Instagram: https://www.instagram.com/its_ninja/
Facebook: https://www.facebook.com/ninjaofficial
Snapchat: https://snapchat.com/t/LPkSOZsk
Spotify: https://open.spotify.com/artist/2praKdsjYPKh2yNXBdTWGT
Wiki: https://en.wikipedia.org/wiki/Ninja_(singer)

©2026 NINJA",ninja ninja new song ninja song latest punjabi songs ninja songs new punjabi song punjabi songs trending songs latest punjabi song punjabi latest songs punjabi new song energy song energetic songs powerful songs trending punjabi songs new punjabi song 2026 latest punajbi song 2026 new songs punjabi punjabi new songs whats poppin ninja ninja whats poppin whats popin punjabi song trending punjabi music punjabi pop punjabi hip hop desi hip hop,10,2026-02-06T10:30:04Z,544348,43463,5667,CA
cYL-Cim-dvg,La Rvfleuze - Serrure #667 feat. Freeze Corleone,"https://larvfleuze.fr
DISPONIBLE SUR TOUTES LES PLATEFORMES : https://larvfleuze.lnk.to/Serrure667AY

RÉALISÉ PAR SIDIA DRAMÉ
ASSISTANT RÉALISATEUR - CÔME VIGUIER

PRODUIT PAR DOGGMOVIE
DIRECTEUR DE PRODUCTION - CÉDRIC VARELA
CHEF OPÉRATEUR - IBRAHIM DIAKITÉ

COMPOSITEURS - SOKOL-ELIYEL - SHK
INGÉNIEUR SON - SOKOL

PHOTOGRAPHES - CS - 2 FACES - SÉLANE

Instagram : https://www.instagram.com/la_rafleuze/",,10,2026-02-06T19:26:51Z,450357,33975,1768,CA
oIU7Lbt_RWg,Nain,"Provided to YouTube by Brown Studios

Nain · Arjan Dhillon

Patander

℗ Brown Studios

Released on: 2024-11-10

Producer: Mxrci
Lyricist: Arjan Dhillon
Composer: Arjan Dhillon
Arranger: Mxrci

Auto-generated by YouTube.",Arjan Dhillon Patander Nain,10,2026-02-05T13:17:59Z,35024,197,2,CA
OtYlv97NlO4,Bambukat 2 | Official Trailer | Ammy Virk | Simi Chahal | Binnu Dhillon| Gurpreet Ghuggi| 20th Feb ,"Rhythm Boyz & 100 Films Present In Association with Gillz Network

TITLE: BAMBUKAT 2

Starring:
Ammy Virk, Simi Chahal, Binnu Dhillon, Gurpreet Ghuggi, Karamjeet Anmol, Sardar Sohi, Malkeet Rauni, Anita Devgan, Hobby Dhaliwal, Deedar Gill

Directed By: Pankaj Batra
Produced by: Karaj Gill, Darshan Sharma
Director of Photography: Vineet Malhotra
A Jatinder Shah Musical
Story & Screenplay: Jass Grewal
Dialogues: Gurdeep Singh, Jass Grewal
Singers: Amrinder Gill, Ammy Virk, Neha Bhasin, Simran Choudhary, Happy Raikoti, Ali Brothers, Heera Singh
Lyricists: Veet Baljit, Happy Raikoti, Vinder Nathumajra
Action Director: Vikram Dahiya
Editor: Manish Pandit More
Executive Producers: Jarnail Singh, Monisha Bhatt
Choreographers: Tushar Kalia, Arvind Thakur
Associate Director: Bunty Jandwalia
Chief Assistant Director: Jimy Tank
Production Designer: Kazi Rafik Ali
Costume Designer: Nitasha
Visual Promotions: Just Right Studioz NX
Publicity Design: Vitamin V
VFX Supervisors: Manjeet Sannan, Kuldeep Sevak
VFX Studios: Sannan Visuals, After Play Studios (Maddy)
DI: NY DI-Waala
DI Colourist: Deep Majithia
Sound Mixing Studio: Sound Idea’s
Sound Design & Re-Recording: Pranam Pansare
Dubbing Studio: Rabab Studio’s
Line Producer: Amritpal Singh (Virasat Productions)
Post-Production: Varun V. Bansal (Final Step)
Still & Making: Manpreet Grewal (Dashmesh Arts)


Follow us on - 
YouTube - http://bit.ly/RhythmBoyz
Facebook - https://www.facebook.com/Rhythmboyzofficial
Instagram - https://www.instagram.com/rhythmboyzentertainment",,10,2026-02-05T12:18:06Z,2451897,30558,454,CA
27Nu9JeZpRA,GTA Mohali - Sultaan X Sukhn Sandhu X Bhallwaan,"GTA MOHALI Official Music Video

Track : GTA MOHALI
Artist : Sultaan X Sukhn Sandhu X Bhallwaan
Music Mix Master : Karbon Beats
Artwork : Avvy 

Director/Dp : Prince kaoni
Asst Dir : Ravinder sharma 
Creative Dir : Rajat Ayaan Shrivastava
Executive Producer : Akshy Mittal

Female Lead : Harman Brar
Makeup : Guri 
Hair Stylist : Rubu
FPV : Gavakshit Verma 
Edit/Colourist : Mr. Luv
VFX : DA JDEE
VFX : Meta Creations 

Production : Gurpahul Productions
Stunt : Viren Gulia
Camera gear : CinematixGears, Nitin
Support team : Raunak, Sobit
Lighting : Inder Lights
Digital Distribution : EYP Creations
Digital Advertisement : Hifination Networks

Special Thanks : Mankirat Aulakh, Jimmy Waraich, Prashant Mahanta



Streaming Links:

Instagram : https://www.instagram.com/reels/audio/2008219093434687

Spotify : https://open.spotify.com/track/3ju7Uoj3w30pMdKr2dRxKk

Tiktok : https://www.tiktok.com/music/gta-mohali-7599932503294494736

Youtube Music : https://music.youtube.com/watch?v=1OVnxFgl1W8

Amazon Music : https://music.amazon.com/tracks/B0GJZJYSTN

Gaana : https://gaana.com/song/gta-mohali

Jiosaavn : https://www.jiosaavn.com/album/gta-mohali/uJq67cePiXY_

Apple Music : https://music.apple.com/us/album/gta-mohali/1872338376?i=1872338625&app=music

Deezer : https://www.deezer.com/track/3805562242

Pandora : https://www.pandora.com/artist/sultaan-sukhn-sandhu-and-bhallwaan/gta-mohali/gta-mohali/TRlj62tl26ZZt2X

Shazam : https://www.shazam.com/song/1872338625/gta-mohali

Soundcloud : https://soundcloud.com/realsultaan/gta-mohali

Youtube Shorts : https://www.youtube.com/source/1OVnxFgl1W8/shorts



All Rights Reserved. © Sultaan Inc.",Sultaan Sultan Dhillon Sultaan dhillon Sultan beeba boys New punjabi song Punjabi songs 2026 Latest punjabi song Sultan new song Sultan latest song Punjabi rap Desi hiphop Gangster rap Gta Mohali Gta Mohali song Bhallwaan Sukhn Sandhu Gym de shokeen Puff puff pass Jatt don’t care,10,2026-02-06T04:30:06Z,190266,11622,623,CA
PoHPFLaOPNo,Ed Sheeran - Perfect (Lyrics),"☀️Radio Paradise☀️

Subscribe and stay connected to what’s playing today.

📱Ed Sheeran - Perfect:
https://open.spotify.com/intl-es/track/0tgVpDi06FyKpA1z0VMD4v
https://youtu.be/cNGjD0VG4R8?si=T4A45O-LthAe-X2_

LYRIC
I found a love for me
Darling, just dive right in and follow my lead
I found a girl, beautiful and sweet
I never knew you were the someone waiting for me

'Cause we were just kids when we fell in love
Not knowing what it was
I will not give you up this time
Darling, just kiss me slow
Your heart is all I own
And in your eyes, you're holding mine

Baby I'm, dancing in the dark
With you between my arms
Barefoot on the grass
Listening to our favourite song
When you said you looked a mess
I whispered underneath my breath
But you heard it
Darling, you look perfect tonight

I found a woman, stronger than anyone I know
She shares my dreams, I hope that someday I'll share her home
I found a lover to carry more than just my secrets
To carry love, to carry children of our own

We are still kids, but we're so in love
Fighting against all odds
I know we'll be alright this time
Darling, just hold my hand
Be my girl, I'll be your man
I see my future in your eyes

Baby, I'm dancing in the dark
With you between my arms
Barefoot on the grass
Listening to our favourite song
When I saw you in that dress
Looking so beautiful
I don't deserve this
Darling, you look perfect tonight

Baby, I'm dancing in the dark
With you between my arms
Barefoot on the grass
Listening to our favourite song
I have faith in what I see
Now I know I have met an angel in person
And she looks perfect
I don't deserve this
You look perfect tonight

#EdSheeran #Perfect #Lyrics",lyrics english lyrics lyric video music lyrics song lyrics letras de canciones en inglés english songs lyrics letras traducidas video con letra english music lyrics pop lyrics rock lyrics rap lyrics hip hop lyrics reggaeton lyrics r&b lyrics trap lyrics romantic lyrics love song lyrics billboard lyrics top hits lyrics trending lyrics karaoke lyrics sing along lyrics best lyrics new music lyrics english hits lyrics music videos with lyrics,10,2026-02-04T00:05:02Z,1111828,4410,28,CA
1tiHpkRbWf8,Thinking of You,"Provided to YouTube by Universal Music Group

Thinking of You · AP Dhillon

Thinking of You

℗ 2026 AP DHILLON INC, under exclusive license to Republic Records, a division of UMG Recordings, Inc.

Released on: 2026-02-06

Engineer, Producer, Composer Lyricist: IOF
Mixing Engineer, Composer Lyricist: AP Dhillon
Mastering Engineer: Chris Gehringer
Composer Lyricist: Shinda Kahlon

Auto-generated by YouTube.",AP Dhillon Thinking of You,10,2026-02-05T10:04:22Z,270367,10551,238,CA
qejynra_qdE,Asla,"Provided to YouTube by Mankirt Aulakh

Asla · Mankirt Aulakh · Zehr Vibe

Asla

℗ Mankirt Aulakh

Released on: 2026-02-06

Producer: Cheetah
Composer: Mankirt Aulakh
Music Publisher: Mankirt Aulakh
Lyricist: Hukam

Auto-generated by YouTube.",Mankirt Aulakh Zehr Vibe Asla,10,2026-02-05T10:04:10Z,257777,7909,304,CA
wct-qvGX1ow,EGO - Takanashi Kiara (Official Music Video),"Takanashi Kiara 2nd Album『Vogelfrei』
listen here! https://cover.lnk.to/m2PVAv 

MV by Kanauru

Music By Asteroid Music Team
Arrangement: Johnny R, monii, Ari
Lyrics By: monii
MV Concept: monii

=====
Outfit rendering: Raora
Outfit retouch: SIvan, Kiara
Outfit modelling: SIvan
Nails: Meotashi

=====
Dance Supervision: Minami
Choreography: Misumi Shiori ARAKIYUKA inc.
Dancer: Misumi Shiori / Kanari / SARA / ASHURI
=====",ホロライブ hololive ホロライブプロダクション hololive production ホロプロ Takanashi Kiara 小鳥遊 キアラ hololive English holoEN hololive Myth holoMyth music video vogelfrei kpop 3dmv drawn to dawn,10,2026-02-07T21:00:07Z,115257,18099,911,CA
0UPDBODtxzw,"Tame Impala, JENNIE - Dracula (JENNIE Remix - Official Lyric Video)","The Official Lyric Video for “Dracula” (Remix) by Tame Impala and JENNIE 

Listen & Download the remix: https://tameimpala.lnk.to/dracularemix
'Deadbeat' out now: https://tameimpala.lnk.to/deadbeat

Directed by Julian Klincewicz
Shot by Irie Calkins
Edited by Brandon Mosquera & Julian Klincewicz
Creative Directed by Imogene Strauss 
Produced by Good World Creative

Follow Tame Impala 
https://www.tiktok.com/@tameimpala
https://www.instagram.com/tameimpala
https://x.com/tameimpala
https://www.facebook.com/tameimpala
https://tameimpala.com/

Follow JENNIE
https://www.tiktok.com/@jennierubyjane
https://www.instagram.com/jennierubyjane
https://x.com/jennierubyjane
https://jenn.ie/

#TameImpala #JENNIE #DraculaRemix",like Dracula My friends are saying shut up Jennie just get in the car Currents Slow Rush Lonerism The Less Know The Better Borderline Let It Happen New Person Same Old Mistakes JENNIE Jennie Kim JENNIE MV JENNIE Solo ZEN Ruby JENNIE Ruby Mantra JENNIE Album JENNIE New Music JENNIE New Song This That Pretty Girl Mantra JENNIE Mantra JENNIE from BLACKPINK BLACKPINK BLACKPINK JENNIE Fashion K-Pop KPop BLINKs OddAtelier Odd Atelier Love Hangover,10,2026-02-06T05:00:02Z,1595573,210651,10070,CA
ISId7FbHjxc,Nick Jonas - Gut Punch,"Listen to ‘Sunday Best’ out now:
https://nickjonas.lnk.to/SundayBest
Visit nickjonas.com for more.

Follow Nick:
Instagram: https://www.instagram.com/nickjonas
TikTok: https://www.tiktok.com/@nickjonas
Twitter: https://x.com/nickjonas
Facebook: https://www.facebook.com/nickjonas

#nickjonas #sundaybest #gutpunch",Nick Jonas Republic Records Pop sunday best gut punch,10,2026-02-06T14:00:06Z,272913,19089,1070,CA
0KXZQebBFe4,Sarpanchi,"Provided to YouTube by Mee Muzic

Sarpanchi · Jass Bajwa · Mandeep Maavi · Desi Crew

AFLATOON (Vol-1)

℗ Mee Muzic

Released on: 2023-05-26

Producer: Desi Crew
Composer: Mandeep Maavi
Lyricist: Mandeep Maavi

Auto-generated by YouTube.",Jass Bajwa Mandeep Maavi Desi Crew AFLATOON (Vol-1) Sarpanchi,10,2026-02-04T07:08:31Z,49629,259,3,CA
J_xVjD_riSI,21st,"Provided to YouTube by Virgin Music Group

21st · Real Boss

21st

℗ 2026 Thugnation Studios

Released on: 2026-02-07

Vocals: Real Boss
Musical Director, Producer: Thugnation Studios
Composer Lyricist: Real Boss

Auto-generated by YouTube.",Real Boss 21st,10,2026-02-06T10:00:24Z,29913,1488,58,CA
JJRuseHsoVk,"O'Romeo:Paan Ki Dukaan | Shahid K,Disha P| Sajid N | Vishal B |Gulzar |Sukhwinder S |Rekha B |Feb 13","Presenting “Paan Ki Dukaan” song, from the Upcoming Film ""O'Romeo'. Starring Shahid Kapoor, Triptii Dimri, Avinash Tiwary, Farida Jalal, Vikrant Massey (Special Appearance), Nana Patekar, Tamannaah Bhatia, Disha Patani, Aruna Irani, Hussain Dalal & Rahul Deshpande.

Sajid Nadiadwala Presents
A Vishal Bhardwaj Film

""O'Romeo""

Produced By Sajid Nadiadwala 
Directed By Vishal Bhardwaj 
Story: Hussain Zaidi
Screenplay By: Vishal Bhardwaj & Rohan Narula
Dialogues by : Vishal Bhardwaj
Director Of Photography: Ben Bernhard BVK, Saurabh Goswami
Choreographer: Jani Master
Creative Producer: Priti Shahani
Associate Producer: Manuj Mittra
Music on T-Series

O’Romeo, Releasing in Cinemas on 13th Feb 2026.

Song Credits:
Song: Paan Ki Dukaan
Composer: Vishal Bhardwaj
Lyrics: Gulzar
Singers: Sukhwinder Singh, Rekha Bhardwaj
Music Arranger and Producer: Meghdeep Bose
Music Assistant: Anant Bhardwaj

Backing Vocalists:
Mandar C. Apte, Santosh Bote, Jitendra Tupe, Janardan Dhatrak,
Arun Kamath, Rajiv Sundaresan, Suhas Sawant, Parvatish Pradeep,
Abin Thomas, Kunwar Anshith, Surabhi Khekale, Shushmita Narayan,
Vasudha Tiwari, Pashmina Pawa, Apurva Nisshad, Shivika Rajesh

Live Guitars and Modular Synths: Meghdeep Bose

Song Recording:
Salman Khan Afridi at Satya Studios, Mumbai
Meghdeep Bose at Sound Bakery, Mumbai

Mixing: SoundsLikeTintin
Mastering: Christian Wright at Abbey Road Studios, London

Meghdeep Assistant: Aabhaas Tomar
Music Label: T-Series

#ORomeo #ShahidKapoor #PaanKiDukaan #DishaPatani

___________________________________
Enjoy & stay connected with us!
👉 Subscribe to T-Series: https://youtube.com/tseries
👉 Like us on Facebook: https://www.facebook.com/tseriesmusic
👉 Follow us on X: https://twitter.com/tseries
👉 Follow us on Instagram: https://instagram.com/tseries.official
👉 Follow us on Snapchat: https://snapchat.com/t/lHs719Qu",hindi songs 2026 hindi songs new bollywood songs 2026 bollywood movies 2026 tseries tseries songs hindi songs paan ki dukaan shahid kapoor dance songs paan ki dukan shahid kapoor oromeo movie song pan ki dukan shahid kapoor o'romeo movie song shahid kapoor and disha patani song pan ki dukaan song shahid kapoor songs bollywood dance songs shahid kapoor dance song pan ki dukan full song shahid kapoor song dance songs hindi niche pan ki dukaan song,10,2026-02-06T13:30:05Z,6748273,186741,10544,CA
L4JrKJgIxHM,Guitar Warga (Official Video) R Nait | Kiran Bajwa | New Punjabi Song 2026,"🔥 Guitar Warga – Official Video | R Nait 🔥
Get ready for an emotional and powerful musical experience! Presenting the official Guitar Warga by R Nait, with music crafted by the brilliant Hammy Mangat. This glimpse promises heartfelt lyrics, soulful vibes and a story that hits deep.

Listen to song on all audio streaming platforms:

♪Itunes :- https://tinyurl.com/5ydzkwya 
♪Jiosaavan :- https://tinyurl.com/4kyu2r5v 
♪Spotify :- https://tinyurl.com/mr3deej7 
♪Youtube Music :- https://tinyurl.com/537f38cj 
♪Amazon Prime Music :- https://tinyurl.com/3ezyt9bu 
♪Insta Audio:- https://www.instagram.com/reels/audio/1234679331928697/

🎶 Song: Guitar Warga
👉 Singer- Rnait & Kiran Bajwa
👉 Lyrics & Composer- Rnait
👉 Music- Hammy Mangat
👉 Costumes- Arzoo Creations
👉 Art- Jimmy Art
👉 Dop- Honey Cam
👉 Edit & Di- Arshpreet
👉 Asst dir- Gurpreet Guri & Laadi
👉 M.D- Gaggi Banwait
👉 Director- Jaspreet Singh
👉 Video- Sardaar Films
👉 Production- Param Pasula
👉 Hair - Happy Tru Barbar
👉 Project By: Satkaranvir Singh Khosa
👉 Conceived By: Virvinder Singh Kaku
👉  Digital Partner : Coin Digital Pvt. Ltd.

Experience the raw emotions, relatable storytelling, and signature R Nait intensity that fans love. Don’t forget to LIKE, COMMENT, SHARE & SUBSCRIBE for the full song release!

#RNait #kiranbajwa #Guitarwarga #PunjabiMusic #Teaser #NewSong2026 #punjabisong 

🔔 Subscribe To Our Channel: https://music.youtube.com/channel/UC0s0StJSoY8DCI2R3sb0xlw

Enjoy & stay connected with us!
► Like us on Facebook: https://www.facebook.com/OfficialRNait1
► Follow us on Twitter: https://twitter.com/RNaitOfficial
► Follow us on Instagram: https://instagram.com/official_rnait
► Follow on Snapchat: https://www.snapchat.com/add/r-nait",Guitar Warga teaser Guitar Warga official teaser R Nait new song 2026 R Nait teaser 2026 Kiran Bajwa new song Guitar Warga Punjabi song New Punjabi teaser 2026 R Nait latest track R Nait Punjabi song Kiran Bajwa teaser Punjabi music 2026 New Punjabi music video Trending Punjabi song 2026 Punjabi song update Punjabi teaser release R Nait Guitar Warga Guitar Warga song update New song teaser Punjabi,10,2026-02-06T04:30:07Z,928151,16466,775,CA
YhMqYEFP9Ks,سليم سالم - كوتو موتو | Saleem Salem - Koto Moto,"اشترك الان في قناة نجوم البدر
@NojomAlBader


كلمات : وجدي
الحان : سليم سالم
توزيع وماسترنغ : دنيار محمد
مدير التصوير : براء طياره
مونتاح وتلوين : مصطفى العلي
تسويق الكتروني : شبكة اوتار
اخراج : رافت البدر
انتاج : نجوم البدر 

كلمات الاغنيه
صافن شدزلك وردة لو گلب لو 
بوسه وحرت بيش ابدي ترى آي مس يو 
والكوكب اليوم اي اشعلو 
لوجهك ياحب برشا اله اشتئتلوو 
موتو موتو موتو موتو 
من الغيره موتو موتو  

موتو موتو موتو موتو 
من الغيره موتو موتو  

أنكلش راح أغازله 
ماي بيبي كوتوموتو 
بعناد 
بعنادكم اليوم السهره صباحي 
ماكو مطر جو صحصاحا صاحي 
البس بمزاجي واي اي لون
قميص تشيرت كنزه وبنطلون
ميهمني كلشي عني يگولون 
الي يهمني البيبي شايفني شلون
يلا صوت عليّ عليّ
مطنشيكم أنه وخلي 
أليفكر يعكر مزاجنه 
نسويله دليت وخله يولي 


موتو موتو موتو موتو 
من الغيره موتو موتو  
موتو موتو موتو موتو 
من الغيره موتو موتو  
موتو موتووووو
يلا موتو 

اكتب احبك عل گلب واخط خط 
ولو اكو غيرك على اسمة أشخبط  
موتو موتو موتو موتو 
من حبي موتو موتو  
موتو موتو موتو موتو 
من الغيره موتو موتو  
ردح عراقي غنيت اله
وراح أرگص كوتو موتو
ارگص كوتو موتو 
يلا شعر كوتو موتو 
يلا جتف جتف 
شعر شعر
رگبه 
يلا برافووو
اديك فوگ فوگ فوگ
أديك تحت تحت تحت 
طب خذ يمين خذ يسار
صفك صفك هز كتوف ودور 
خل جوك كريزي وعيش الدور
كوتو موتو يركص هيچ
يهز الجتف هيچ  وهيچ
هيج هيچ هيچي وهيچ 
موتو موتو  
من حبنا موتو 

موتو موتو 
من حبنا موتو 
موتو موتو 
من حبنا موتو

#رافت_البدر #سليم_سالم",سليم سالم اغاني سليم سالم سليم السالم كوتو موتو اغنيه كوتو موتو سليم السالم جديد نجوم البدر رافت البدر شبكة اوتار اغاني عراقية جديد سليم سالم سليم السالم 2026 اغنية كوتو موتو سليم سالم 2026 اغاني عراقية 2026 اغنية عراقية جديدة اغاني اعراس اغاني مناسبات سهرات عراقية طرب عراقي اغاني رقص اغنية حماسية اغاني ترند ترند العراق ترند تيك توك تيك توك 2026 official video iraqi music new iraqi song Salim Salem Saleem Salem Koto Moto KotoMoto,10,2026-01-16T15:00:07Z,8366057,85790,5109,CA
f3J0nwO9JdY,Time After Time,"Provided to YouTube by Virgin Music Group

Time After Time · EJAE

Time After Time

℗ 2026 Lunamu, Inc. under exclusive license to IMPERIAL

Released on: 2026-02-06

Programmer, Synthesizer, Piano, Producer: Vaughn Oliver
Mixing Engineer: Tom Norris
Mastering Engineer: Dale Becker
A& R: Samuel Kim
A& R: Nick Guilmette
Composer Lyricist: EunJae Kim
Composer Lyricist: Roland Spreckley
Composer: Drew Scott
Composer: Vaughn Oliver

Auto-generated by YouTube.",EJAE Time After Time,10,2026-02-06T05:04:47Z,326825,21809,1223,CA
EinWf_5B8sQ,Shervin - Iranam | شروین - ایرانم,"“ایرانم” 
تقدیم به جانباختگان و قلب‌های داغدارِ بازماندگانِ  دی ماه خونین
تسلیت به مردم شریف و شجاع ایران 🖤

(این قطعه بدون هماهنگی با دوستان، خانواده و تهیه‌کننده به تنهایی تولید و اجرا شده و هیچ شخصی به جز اینجانب هیچ‌گونه مسئولیتی در قبال انتشار این اثر ندارد.)",Shervin shervin hajipour Shervin Hajipour Hajipour Hajiaghapour shervin haji aghapour Shervin HajiAghaPour شروین شروین حاجی پور شروین حاجی آقاپور شروین حاجیپور حاجی پور حاجی آقاپور,10,2026-02-06T17:14:15Z,64813,3609,1157,CA
xj9s5KBLi1s,Drive Safe,"Provided to YouTube by RCA Records Label

Drive Safe · Myles Smith · Niall Horan

Drive Safe

℗ 2026 Sony Music Entertainment UK Limited under exclusive licence from It's Okay To Feel Limited

Released on: 2026-02-06

Associated Performer: Myles Smith & Niall Horan
Composer, Vocal, Associated Performer, Background Vocal, Lyricist: Myles Smith
Lyricist, Background Vocal, Composer: Steph Jones
Composer, Background Vocal, Associated Performer, Vocal, Lyricist: Niall Horan
Composer, Background Vocal, Lyricist: Jesse Fink
Synthesizer, Percussion, Background Vocal, Acoustic Guitar, Bass, Piano, Programmer, Electric Bass Guitar, Lyricist, Engineer, Composer, Producer: Will Bloomfield
Lyricist, Background Vocal, Composer: Phil Plested
Lyricist, Programmer, Bass, Acoustic Guitar, Background Vocal, Percussion, Piano, Electric Guitar, Engineer, Vocal Producer, Producer, Composer, Synthesizer: Peter Fenn
Engineer: Robert Sellens
Engineer: Madison Claridge
Engineer: Martin Hannah
Mixing Engineer: Michael Freeman
Mastering Engineer: Joe LaPorta

Auto-generated by YouTube.",Myles Smith Niall Horan Drive Safe,10,2026-02-05T10:00:00Z,144025,7414,232,CA
MKSQ2Oof1zA,JAMESY - NACHANA ft VZN & Hennie Baker (Prod @YogeshBeats),"“Nachana” is a high-energy Nepali track inspired by the infectious grooves of Brazilian funk, blended with our own desi flavor. 💃🏽🕺🏽
This song is all about movement, confidence, and letting the rhythm take over—when the beat drops, timi NACHANA.

From heavy bass to catchy hooks, “Nachana” brings global sounds together with a Nepali soul. Turn up the volume, feel the groove, and dance like nobody’s watching.

🎧 Listen. Feel. Nacha

Written and Performed by 

JAMESY
https://www.instagram.com/jamesyboy.dg/

VZN
https://www.instagram.com/jhilkeyvzn/

Hennie Baker
https://www.instagram.com/bakerhennie/

Visuals by NFTP  

Producer-Shristi Karki (Shii) 
Director & Editor-Gaurav Bista   
DOP-Newjal Shrestha  Nhuja Shakya  
Production Manager-Shyam Khadka   
Choreographer-Kritika Baral   
Creative Director-Risheek Pradhan  
Assistant Director-Animesh Deep Shankar   
Casting Director-Rajeev Thapa  
Drone & FPV Pilot-Akash Regmi  
Editor-Gaurav Bista   
Coloring-NFTP  
PD/Art Director-Ghanashyam Shrestha  
Asst.Art-Gyanendra Tamang, Mohan Tamang, Shreeniwash Chaudhary,  Nitesh Gupta   
Asst. production-Anup Khadka, Mahesh GM  
Head Gaffer-Ganesh singh Thakuri  
Lights-Photon films and lights   
Camera rental-KathaChitra  
AC-Ganesh & Niraj Chettri  
Light Man-Madhu Khati(Dhrum), Chaudhary Dai And Team
Crane-LightBenders  
Crane Operators-Prashant Yogi, Bijaya Ramtel(Kale)
Crane Taker-Prakash Shudras
Crane Intern-Shantosh Pariyar   
BTS-XYZ   
Costume Designer-Sujan Ratna Pariyar   
Stylist-Sushmita Rijal (suzustyles)  
Costumes By-Veshbhusa Design studio
Sponsors-OV Education, Riva Natural Spring water  

Cast-PREMA LAMGADE, LIL JHOLA, YOGESHBEATS, LIL LHAKEY, Sujal Bhagat, Rajeev Thapa, XuZeyu Lama, Pramod Panta, Anjan Dhakal, 

Dancers-Lakpa Lama, Prithivu Bhujel, Jivan Lama, Suraj Biru, Aman, Alvish Lama, Dinesh, Jivan tamang  

Special Thanks-Shayuj Pokhrel, Abiskar Gautam, Nj Shakya  

Beat produced by Yogeshbeats
https://www.instagram.com/yogeshbeats/

Mix/Master by 4z
https://www.instagram.com/4zboi/

#jamesy #selfmade #nachana 

© ℗ 2025 DG Records. All rights reserved",nachana nachana jamesy hennie baker hennie baker nachana vzn jhilkevzn jamesy hennie jamesy hennie baker vzn nachana kanchi dg records hennie jamesyboy jamesy jamesy new song jamesy nachana jamesy vzn jamesy vzn hennie jamesy vzn hennie baker nachana nachana kanchi nachana jamesy selfmade new nepali song jamesy risktape jamesy song lachak lachak kamar baisa chadyo nepali song nepali trending songs layo hai layo jamesy hennie baker nepali drill song,10,2026-02-05T15:15:07Z,432861,27030,796,AU
_c_u_WebLCo,Forever not Never,"Provided to YouTube by DistroKid

Forever not Never · Vailedmoon music · Miriam · Njeri

Chaos of Love

℗ Vailedmoon

Released on: 2026-01-31

Auto-generated by YouTube.",Vailedmoon music Miriam Njeri Chaos of Love Forever not Never,10,2026-02-01T04:06:22Z,122327,3070,0,AU
oNrSaehAHR8,Justin Bieber - What Do You Mean (Lyrics),"👑 Justin Bieber - What Do You Mean (Lyrics)
🎶 Listen on Spotify: http://bit.ly/4c1YIwO
🔥 Help us reach 100,000 subscribers!
🔔 Turn on notifications to stay updated with new uploads!

🎧 Stream & Download: http://smarturl.it/iWDYM?IQid=YT

✨ Follow Justin Bieber:
https://www.instagram.com/justinbieber

📱 Follow us on:
Instagram: https://auranetwork.fanlink.tv/instagram
Facebook: https://auranetwork.fanlink.tv/facebook
Discord: https://auranetwork.fanlink.tv/discord
X(twitter): https://auranetwork.fanlink.tv/xsocial

×=×=×=×=×  

Lyrics for ""Justin Bieber - What Do You Mean""

[Chorus]
What do you mean? Oh, oh
When you nod your head yes, but you wanna say no
What do you mean? Hey, yeah
When you don't want me to move, but you tell me to go
What do you mean? Oh, what do you mean?
Said you're runnin' outta time, what do you mean?
Oh, oh, oh, what do you mean?
Better make up your mind, what do you mean?

[Verse 1]
You’re so indecisive of what I'm sayin'
Tryna catch the beat, make up your heart
Don't know if you're happy or complainin'
Don't want for us to end, where do I start?

[Pre-Chorus]
First you wanna go to the left, then you wanna turn right (Right)
Wanna argue all day, makin' love all night (All night)
First you're up, then you’re down, and then between ('Tween)
Oh, I really wanna know

[Chorus]
What do you mean? Oh, oh
When you nod your head yes, but you wanna say no
What do you mean? Hey, yeah
When you don't want me to move, but you tell me to go
What do you mean? Oh, what do you mean?
Said you're runnin' outta time, what do you mean?
Oh, oh, oh, what do you mean? Better make up your mind
What do you mean?

[Verse 2]
You’re overprotective when I'm leavin'
Tryna compromise, but I can’t win
You wanna make a point, but you keep preachin'
You had me from the start, won't let this end

[Pre-Chorus]
First you wanna go to the left, then you wanna turn right
(Turn right)
Wanna argue all day, makin' love all night (All night)
First you're up, then you’re down, and then between ('Tween)
Oh, I really wanna know

[Chorus]
What do you mean? Oh, oh (Yeah, yeah, yeah, yeah)
When you nod your head yes, but you wanna say no
What do you mean? (Oh, what do you mean?) Hey, yeah
When you don't want me to move, but you tell me to go
What do you mean? (I wanna know, ooh)
Oh, what do you mean? (Ooh)
Said you're runnin' outta time, what do you mean? (Oh, baby)
Oh, oh, oh, what do you mean? Better make up your mind
What do you mean? (Don't be so selfish, baby, yeah, yeah) Oh, oh
When you nod your head yes, but you wanna say no
What do you mean? (You're so confusin', baby) Hey, yeah
When you don't want me to move (Hey), but you tell me to go
What do you mean? (Be more straightforward)
Oh, what do you mean? (Hey, ah, ah, ah)
Said you're runnin' outta time, what do you mean? (Hey, ah, ah, ah)
Oh, oh, oh, what do you mean? Better make up your mind
What do you mean?

×=×=×=×=×

🏷️Tags
#whatdoyoumean #justinbieber #auraserenity #freshvibes #whatdoyoumeanlyrics

📧 Connect: contact@auranetwork.org
📥 Submit your music: https://auraserenity.portal.district.biz/app/login

📌 LINKS: 
Subscribe: https://www.youtube.com/@AuraNetworkSerenity?sub_confirmation=1
serenity ©: https://youtube.com/playlist?list=PL6XvoUHzMezgk4YGb1Rs4Al7ODm5d6ww4&si=VitAZQD1P_lJRSen
Sad Bangers: https://youtube.com/playlist?list=PL6XvoUHzMezgw-hXXRkW_M8ggWGLkT7S8&si=QRCnACqT8oSnOD92

Justin Bieber, Justin Bieber Latest, What Do You Mean Lyrics, What Do You Mean Lyrics Video

Comment #weareaura if you see this! 👀",auraserenity emotional indiepop what do you mean what do you mean justin bieber justin what do you mean bieber what do you mean what do you mean lyrics what do you mean song what do you mean justin bieber lyrics justin bieber justin bieber what do you mean justin bieber lyrics justin bieber songs,10,2026-02-03T09:08:16Z,853942,1871,17,AU
VfwOhLVsrgY,5-7 Kille (Official Video) Amar Sehmbi | Geet Goraaya | Black Virus | Guri Sangali | Jass Records,"5-7 Kille (Official Video) Amar Sehmbi | Geet Goraaya | Black Virus | Jass Records | New Punjabi Songs 2026 | Latest Punjabi Songs 2026

🎶This is the official YouTube Label of Jass Records. 
🎶Subscribe To Our Channel:-  https://www.youtube.com/user/officialjassrecords


🎶Credits:
🔸 Song : 5-7 Kille
🔸 Singer : Amar Sehmbi 
🔸Female Lead : Geet Goraaya
🔸 Lyrics - Guri Sangali
🔸 Music - Black Virus 
🔸 Video : Harry Singh / Preet Singh
🔸 Presentation By Jasvirpall Singh 
🔸 Producer: Jasvirpall Singh & Jagjit Pal Singh
🔸 Project By: Vipen Joshi
🔸 Special Thanks: Gurinder Singh, Mani Machhiwara 
🔸Online Promotion : OVi Digital
🔸Associate Director : Aman Slariya
🔸Dop : Nanni Gill
🔸Editor / Colorist : Gobindpuriya
🔸Post Production : Roast  N Render
🔸Line Producer : Onkar Dhillon
🔸Assistant Dop : Poppy Singh
🔸Art : Guri Art
🔸Makeup / Hair : Aamir Khan & Team
🔸Costume : Aman Lotey
🔸BTS : Jim Singh
🔸 Label: Jass Records

► To Stream & Download Full Song : 
https://VirginMusicGroup.lnk.to/57Kille

🎶Follow on Instagram: 
🎶Jasvirpal Singh:
https://www.instagram.com/jasvirpal_jassrecords/
https://www.facebook.com/jasvirpaljassrecords
🎶Vipen Joshi
https://www.facebook.com/vipen.joshi.3
https://www.instagram.com/vipenjoshi_jassrecords/

►Enjoy & Stay Connected with us :
Snapchat :- https://www.snapchat.com/add/jassrecords
Facebook :- http://www.Facebook.Com/Officialjassrecords
Instagram :- https://www.instagram.com/jassrecord/
Twitter :- https://twitter.com/jassrecords1

(This Song Is Subject To the Copyright of Jass Records Private Limited)",punjabi songs 2026 latest punjabi songs 2026 new punjabi song 2026 latest punjabi song 2026 punjabi songs punjabi songs 2026 latest punjabi songs 2026 latest this week punjabi songs latest punjabi songs new punjabi songs new 2026 new songs latest songs newpunjabi new songs 2026 latest songs 2026 punjabi songs 2026 new 5-7 kille amar sehmbi all songs Geet Goraaya black virus Guri Sangali jass records all songs new romantic song,10,2026-01-14T05:47:20Z,3775912,29522,2335,AU
Tq_x8bO3wSE,"The Amity Affliction ""House of Cards"" (Official Music Video)","Music & Merch: https://lnk.to/TAA_Stores
Spotify: https://lnk.to/amity/spotify
Apple Music: https://lnk.to/amity/applemusic

Follow The Amity Affliction
Website: https://www.theamityaffliction.net
Instagram: https://www.instagram.com/theamityaffliction
Twitter: https://twitter.com/amityaffliction
Facebook: https://www.facebook.com/theamityafflictionofficial
TikTok: https://tiktok.com/@amityaffliction_official

Director: Daniel Daly
Producer: Bara Kim
Director of Photography: Austin Shelton
1st AC: Alejandro Olmedo
2nd AC / Loader: Chastin Montiel
Camera PA: Carolina Thompson
Gaffer: Dan Gould
Key Grip: Sean Hunt
Production Designer: Kelsey Miralles
Art PA: Dreu Carrillo
Film Processing and Scanning: Fotokem
Editor: Daniel Daly
VFX: Oliver Eather
Colorist: Sofie Borup @ Company 3

Cast: Makar Ignatev

""House of Cards"" lyrics
Sister, I never saw you get your flowers; living out in the cold and you were hanging by a thread. For all these years, the blood, the sweat, the dread. The tears and voices in my head; they paint a picture of a disaster inside me. We can always see into the stars, but we can’t see the hurt inside our hearts. Everything that glitters isn’t gold – I’m sick of always sleeping in the freezing cold. Brother, your heart was torn out by our mother. Dear lord, he’s sick of living between the sword and the wall. For all these years, the blood, the sweat, the dread. The tears and voices in my head; they paint a picture of a disaster inside me. Hate is easy, hate is easy, hate is easy… You’ve gotta try and love yourself. We can always see into the stars, but we can’t see the hurt inside our hearts. Everything that glitters isn’t gold – I’m sick of always sleeping in… Woah oh, hate is easy love yourself. You better try and love yourself.

#theamityaffliction #amityaffliction #houseofcards",the amity affliction amity affliction taa amity house of cards,10,2026-02-05T20:03:26Z,407591,6400,626,AU
coUc1U0ZF_A,Sushant KC - Ji Chanta Matina (Official Music Video),"Ji Chanta Matina invites you to stop hiding your feelings and let your heart speak. We bring you a playful confession of love. 

Written/Produced/Mixed by Sushant KC
Produced by Uff KC
Mixed/Mastered by Foeseal

Cast
Samrakshya | Sushant KC

Directed by: Abhiyan Kala Magar | Rajiv Sherchan | Sushant KC
Director of Photography (DOP): Abhiyan Kala Magar
Drone Operator: Sagar B.K.
Makeup & Hair: Riya Konaju | Reeya Ghising | Silpa Neupane
Assistant Team: Shrijan Shrestha | Sagar B.K.
Camera Assistant: Aman Shahi Thakuri
Production Team: Kapil Sim | Bishal Mahat
Camera & Lighting Support: Kushal Khadka | Shaney Ghale | Sailesh Gurung
Art & Styling: Nikki Shrestha
Behind The Scenes: S2 Productions
Post-Production: Thomas Magar
Logistics & Management: Gardens on Forest | Bishnu Sapkota | Laxman Sapkota

Special Appearances:

Hiroshi Khanal 
Avash bomjan (Abom/Minority report)
Janiva Shrestha 
Anu Pradhan 
Zoya Shakya 
Aria Shrestha 
Aarobi Shrestha

Special thanks to:
Anup Man, Samira, Baithak, Manju Kshetri, Mahesh Kiran Dangi, Aanjit Gurung, Anisha Shrestha,
Sandip Adhikari, Bipin, Hardik Bhattarai, Ozabhi, Samira,
Hrithik Lamichhane Gurung, Roshni Thapa, Cirzona Chhetri,
Krishna KC,  Sam Pradhan, Amrita Yadav, Bikal Shrestha,
Jeetesh Shakya, Sampan Baraili, Ram Shrestha, Ershad Ahmed,
Pasang Sherpa, Kushal KC, Ayush Singh Thakuri, Manik Karki",sushantkc sushantkcnewsong sarangi udiudi gajalu hawale baimani risaunebhaye merodinbarbaadbho sanosanokurama yaad kheladi fakaunama bhaagera timromaya mausam sathi rangin phonekonumber gulabi behos satayera muskurayera timile mayama herdaherdai aama kahajau sushantkclyrical atteri sarangilyrics sushantkccover sushantkcsongscollection jhyalbata sushantkcguitarchords parkhana sushantkchindi kyakardiya sushanthindisong sushanthindilyrics planb bardali pahuna tseries jichantamatina matina skcnew,10,2026-02-02T11:45:08Z,599038,27313,1373,AU
MxIEUzBJn8U,"Gehra Hua - 8K Video | Dhurandhar |  Ranveer Singh, Sara A, Shashwat Sachdev, Arijit Singh, Irshad K","Pure emotion Pure romance Gehra Hua by Arijit Singh in stunning 8K.

👉 Subscribe to Saregama Music: https://bit.ly/3FkAS0W

Jio Studios Presents
A B62 Studios Production

An Aditya Dhar Film
DHURANDHAR

Written, Directed and Produced by: Aditya Dhar
Produced by: Jyoti Deshpande
Produced by: Lokesh Dhar

Cast: Ranveer Singh, Sanjay Dutt, Akshaye Khanna, R. Madhavan, Arjun Rampal, Sara Arjun

A Shashwat Sachdev Musical

Composed, Produced and arranged by Shashwat Sachdev 
Singer: Arijit Singh, Armaan Khan 
Lyrics: Irshad Kamil
Music Supervisor: Adarsh Vishwakarma
Music producers: Sayantan Guha, Yash Singh
Bassist: Mohini Dey 
Tabla: Fateh Mohammed Sulemani
Sarangi: Momin Khan 
Backing vocals: Nikitha Venkatesh, Divya S Iyer, Shudi Ramani, Srishhti Bhitrikothiy

Mixed and mastered by: Akash Shravan

#GehraHua 
#dhurandhar 
#ranveersingh 
#arijitsingh 
#shashwatsachdev 
#saraarjun 

Learn to sing in Sur with Padhanisa by Saregama. Download the app now and start your Riyaaz today - https://sarega.ma/pdns

To Listen To The Songs From Dhurandhar, click here: https://www.youtube.com/playlist?list=PLXCoHsJ9oLef1c83KIbl9_h7tYyodL15J

To Listen To The Songs From Tu Meri Main Tera Main Tera Tu Meri, click here: https://www.youtube.com/playlist?list=PLXCoHsJ9oLedWJNHyde-gyu_YdsKOwE3r

To Listen To Saregama Originals, click here: 
https://www.youtube.com/playlist?list=PLXCoHsJ9oLeejQ4QL6fdOGBXFz2G_gDex

Listen Latest Saregama Songs, Click here: https://youtube.com/playlist?list=PLXCoHsJ9oLefWcfsol6_uoIjo8zPIMlKC&si=Pt6r9NXvselIDMFl

To buy Saregama Carvaan, visit  https://www.saregama.com/carvaan/carvaanhindi
To buy virus free original tracks, visit  https://www.saregama.com/musicstore

Label: Saregama India Ltd, A RPSG Group Company

To buy the original and virus free track, visit www.saregama.com

Follow us on:

YouTube: http://www.youtube.com/saregamamusic

Facebook: http://www.facebook.com/Saregama

Instagram: https://www.instagram.com/saregama_official/

X: https://twitter.com/saregamaglobal",Gehra hua gehra hua Rang aashiqui gehra hua Shashwat Sachdev Dhurandhar Ranveer Singh dhurandhar movie song Gehra Hua Gehra Hua Dhurandhar Gehra Hua Arijit Singh Arijit Singh Songs arijit singh new song ranveer singh and sara arjun Dhurandhar all songs dhurandhar 2 sara arjun and ranveer singh kissing scenes bollywood song 2026 the revenge the revenge dhurandhar 2 dhurandhar 2 teaser shararat gehra hua 8k 8k videos revenge dhurandhar revenge arjit singh,10,2026-02-03T07:00:11Z,2991056,31060,436,AU
gSc6ojyIKAE,Rooster - SOI SOI SOI ft Nawaj Ansari (Official Music Video) Directed by Jungey's World,"Official Music Video of ""SOI SOI SOI"" directed by Jungey's World 

Audio Credits -
Written and Performed By : Rooster, Nawaj Ansari and Rinki Ansari
Prod. By : SIGHOST
Mixed/Mastered By : Nawaj Ansari

Video Credits -
Director of Photography : Jungey's World
Models - Anu Thapa, Salisa Thapa, Poonam Adhikari, Rabindra Subedi, Sushil Khanal
Project Manager - Ashesh Pyakurel
Behind the Scenes - Cruz Shots
Wardrobe Management - Ranu
Logietics - Anupy, Saif Ansari

Venue : Kuti Ranch (Tres Music)

Shout out to Singer: Zanak Tamrakar for ""Kafal Khanya Kuiya"" song.",Nawaj Ansari Nawaj Ansari song Nepali hip hop Nephop Nepal hip hop Nepal rap Nepali music video Hip hop Nepal Nepali rapper Nepali hiphop song Nepali music Nawaj Ansari Nepali song Nepali hiphop artist Nepali rap music video Nepal underground rap Nepal music video Nawaj Ansari Dhaka Topi Mailo Maya Bola Maya Jeet Samrajya Emotional Rap Nepali Lyrical Song Nepali Real Rap almoda kafal junkiri soi soi soy soy rooster soy dhole nepali folk song babal,10,2026-02-07T04:45:07Z,97807,11134,604,AU
6w8_kuDTnow,Ghost,"Provided to YouTube by Cymatic Records

Ghost · Karnivool

IN VERSES

℗ 2025 Cymatic Records

Released on: 2026-02-06

Composer, Guitar, Lyricist: Drew Goddard
Associated Performer: Karnivool
Lyricist, Vocal, Composer: Ian Kenny
Lyricist, Guitar, Composer: Mark Hosking
Lyricist, Drums, Composer: Steve Judd
Composer, Bass Guitar, Lyricist: Jon Stockman
Producer, Mastering Engineer, Mixing Engineer: Forrester Savell
Recording Engineer: Owen Thomas

Auto-generated by YouTube.",Karnivool 卡泥污樂團 IN VERSES Ghost,10,2026-02-05T10:02:02Z,29627,983,96,AU
uFaShu5UZcs,Joji - Hotel California,"Joji - Hotel California

Piss In The Wind, out now: https://joji.lnk.to/pissinthewind
Shop Vinyl, CD, merch & more: https://joji.lnk.to/pissinthewind/officialstore

Sign up: https://joji.lnk.to/signup
Website: https://jojimusic.com
Subscribe: https://joji.lnk.to/subscribe
Instagram: https://www.instagram.com/sushitrash/
TikTok: https://www.tiktok.com/@joji
Facebook: https://www.facebook.com/jojikansai/
WhatsApp: https://joji.lnk.to/whatsapp
X: https://x.com/sushitrash

#Joji #PissInTheWind",Joji Nectar BALLADS 1 In Tongues Chloe Burbank SLOW DANCING IN THE DARK 88rising glimpse of us smithereens joji tour joji die for you joji head in the clouds joji music video joji official video joji visualizer joji lyrics piss in the wind pixelated kisses past won't leave my bed love you less joji live hotel california last of a dying breed if it only gets better,10,2026-02-06T05:01:05Z,539565,39904,1777,AU
QJ5BiZUCb4M,"MASHUP ROCK THIỆP HỒNG | TÓC TIÊN, MAIQUINN, MUỘII, YEOLAN, ĐÀO TỬ A1J x DTAP | LSX 2025","#LanSongXanh #LanSongXanh2025 #LanSongXanhMusicAwards2025 #ConRồngCháuTiên #lansongxanh #toctien #rockmetal #mashup 

CA SĨ: TÓC TIÊN, MAIQUINN, MUỘIl, YEOLAN, ĐÀO TỬ A1J 
CA KHÚC: 
NGÀY NÀY NĂM ẤY (ST: VIỆT ANH)
E LÀ KHÔNG THỂ (ST: ĐÔNG THIÊN ĐỨC)
THIỆP HỒNG SAI TÊN (ST: LƯƠNG GIA HÙNG)
E LÀ ĐÔN CHỀ (LỜI RAP: KHỔNG MINH x CHÂU NHUẬN PHÁT)
EM THUA CÔ TA (ST: JIN TUẤN NAM)
THU ĐỢI (ST: LÊ PHAN, ITSNK, CA PHAO, XANH DUOWNG)
CHỜ NGÀY MƯA TAN (ST: VŨ TRUNG ĐỨC)
MUSIC PRODUCER: DTAP
BAN NHẠC: QUÂN NGUYỄN

------------
Fanpage chính thức LÀN SÓNG XANH:
https://www.facebook.com/lansongxanhmusic
------------
© Bản quyền hình ảnh thuộc về VOH & YP Entertainment (Vui lòng không reup)
© Copyright visual by VOH & YP Ent. (Do not reup)",làn sóng xanh lan song xanh MASHUP ROCK THIỆP HỒNG TÓC TIÊN MAIQUINN MUỘIl YEOLAN ĐÀO TỬ A1J DTAP rock rock metal e là không thể e là đôn chề rock thiệp hồng tóc tiên tóc tiên rock tóc tiên rock thiệp hồng tóc tiên maiquinn làn sóng xanh 2025 tóc tiên làn sóng xanh maiquinn làn sóng xanh lễ trao giải làn sóng xanh em xinh em xinh lễ trao giải làn sóng xanh music trending nhạc trending rock thiệp hồng top trending trending 2025 trending 2026,10,2026-01-31T14:10:12Z,6777224,72988,4041,AU
2j8ALtAxOjE,bbno$ - come to brazil (official music video),"i love brazil

listen to me lol: https://broke.ffm.to/bbno
come see me on tour in 2 weeks: https://bbnomula.com/tickets#tickets

follow bbno$:
instagram: https://www.instagram.com/bbnomula
tiktok: https://www.tiktok.com/@bbnotiktok
facebook: https://www.facebook.com/bbnomula
twitter: https://twitter.com/bbnomula
merch: https://bbnomula.com

#bbnomula #brazil #movie",bbno$ kryoz yung gravy tony thot best bbno$ song bbnomula lalala bbno$ lalala tik tok bbno$ tik tok baby no money lentra whip a tesla nursery bbno$ nursery WAP for your health mr. beast welyn faze clout house Dixie D'Amelio noah beck noah beck finally confirms 21savage megan the stallion cardi b tory lanez wet ass poggers gamers pog,10,2026-02-05T21:00:07Z,606521,103596,3254,AU
1k9uOoggaxY,'Hard Habit To Break' (CHICAGO) Cover by The HSCC,"‘Hard Habit To Break’ (CHICAGO) Cover Performed by The HSCC featuring Danny Lopresto & Jordan Lennon

Concert Details and enquiries at www.thehscc.com

Produced by The HSCC
Arranged by Constantine Delo
Recorded Live by Jordan Lennon at The House Of SAP
Mixed by Pete Savad (NYC)
https://www.youtube.com/@PeterSavad 
Filmed & Edited by Raffael Cufone
Big thanks to Rino Cufone

Lead Vocals: Danny Lopresto & Jordan Lennon 
BV’s: Kat Jade & Tania Savelli
Drums: Ses Granozio
Percussion: Steve Todd
Guitar: Jake Milic
Keyboards: Dave Ross
Keyboards: Nat Brice
Saxophone: Jason McMahon
Trumpet: Triniti Cannini 
Trombone: Will Morley
Bass: Constantine Delo

Connect with the HSCC
www.thehscc.com  
Facebook: https://www.facebook.com/hindleyscc
Instagram: https://www.instagram.com/hscc_band
Twitter: https://twitter.com/hindleysccmusic

Constantine Delo and Jake Milic use LANEY Amplification & Speakers & Jim Dunlop Superbright Bass/Guitar Strings.
Laney - https://www.laney.co.uk/artists/constantine-delo-hscc-the-hindley-street-country-club
Dunlop - https://www.jimdunlop.com/products/strings/
Guitar straps by Raven - www.ravenstraps.com

HSCC are proud to endorse and use SHURE Microphones & In-Ear Monitor Systems.
https://www.jands.com.au/brands/shure

Written by: Kipner & Parker 

#hardhabittobreak #chicago #petercetera #davidfoster #billchamplin #yachtrock #onerpm #bestcoversband #hscc #hindleystreetcountryclub #shure #livecoverband #viralvideos #laney #remopercussion #JIMDUNLOPUSA
#DUNLOPSTRINGS 
#DUNLOPPICKS",80s music live music cover band 80s hits 80s classics 80s covers hindley street country club chart-topping hits best cover song pop covers rock covers retro music 80s nostalgia music icons tribute bands worldwide artists live concerts greatest hits O-o-o-h... w-o-o-o... o-o-o-h... karaoke yeah country music pop music rock music,10,2026-02-05T21:00:03Z,76831,4992,613,AU
e8lmNPRDCTs,Amigos - Schmetterling der Nacht (Offizielles Video),"Das neue Album ""Lebe jetzt"" von den Amigos gibts hier:
► https://www.shop24direct.de/produkt/sku/2718510?by=OxS24dDachYoutubeS24d

Alle Videos von den Amigos in einer Playlist:
► http://bit.ly/Amigos_Playlist

Gratis und unverbindlich - der Youtube SCHLAGER FÜR ALLE Kanal:
► http://bit.ly/YoutubeAbonnieren

Schlager für Alle -Die Playlist:
► http://telamo.click/Schlager_fuer_alle_PlaylistYB

Hier könnt ihr den Amigos folgen: 
► Facebook: https://www.facebook.com/DieAmigos/

Hier könnt ihr Schlager für alle folgen:
► Facebook: https://www.facebook.com/SchlagerFuerAlle/
► Instagram: https://www.instagram.com/schlagerfuerAlle/

Nur hier: Die meisten und besten Schlagervideos aller Zeiten! Von A, wie Andrea Berg, bis Z, wie Frank Zander!

#schlagerfüralle #schlager #DieAmigos",telamo schlagermusik Schlager für alle offizielles Video Schlager Hits Schlager Charts Schlager Mix Schlager Musik deutsche Schlager youtube youtube schlager schlager schlager hit mix schlager hits mix schlager 2026 die amigos die amigos 2026 die amigos schlager schmetterling der nacht amigos schlager,10,2026-02-06T16:00:06Z,48010,389,31,DE
Ct_5ufRlAsw,Mozzik - Diss,"STREAM: https://stmg.app/c/mozzik-gimme-5
#mozzik #diss #gimme5 

Produced by: Fisnik Beatz
Lyrics by: Mozzik 
Video: aveny.tv

-------
Follow MOZZIK:
Instagram: https://www.instagram.com/mozzik/ 
Spotify: https://spoti.fi/3yKajQQ  


Distributed & Protected By Yellowcake Music Group Inc.",Mozzik MOZZIK mozzik Mozzik - Diss Diss mozzik diss gimme 5 shqip albania kosovo hiphop hitet 2026 Hitet e Reja 2026,10,2026-02-05T13:24:04Z,1376264,31104,2029,DE
HG0ARjGDZ6w,Durim Malaj - XHEJLANE (prod. Nurteel),"🎧 https://www.youtube.com/@DurimMalajBaresha

Music & Lyrics: Nurteel
Video : RECI Films
Publisher : Baresha Network
Licensing: info@bareshamusic.com

Follow DURIM MALAJ on : 
Facebook ► https://www.facebook.com/dfmalaj
Instagram ►  https://www.instagram.com/durimmalaj/
TikTok ►  https://www.tiktok.com/@durim.malaj

Follow BARESHA on : 
Facebook ► https://www.facebook.com/bareshamusic
Instagram ► https://www.instagram.com/bareshamusic
TikTok ► https://www.tiktok.com/@bareshamusic
Website ► https://bareshanetwork.com/

Playlist :
🎶 Spotify Playlist : https://baresha.to/DurimMalaj
🎶 Spotify Playlist : https://baresha.to/SpotifyBaresha
🎶 YouTube Playlist : https://baresha.to/HiteteReja

Baresha Network - All rights Reserved

#Baresha#DurimMalaj#Xhejlane",baresha bareshamusic baresha music durim durim malaj Durim Malaj hitet 2024 durim malaj foto durim malaj hajde t puthi pak hite popullore hitet verore hitet verore 2024 durim malaj emine emine durim emine Durim Malaj - XHEJLANE oj xhejlane durim malaj oj xhejlane durimi oj xhejlane durim malaj oj durim malaj hatixhe durim malaj 2026 durim malaj albania hitet e reja hitet e reja 2026 hitet e reja popullore,10,2026-02-07T13:00:07Z,68502,1050,53,DE
2XTagCCfsMA,SERIF KONJEVIC - SITNI SATI (OFFICIAL VIDEO),"✔ Social Media: https://emdc.yt/serif 

Muzika i aranzman: Sasa Nikolic
Tekst: Mirjana Mijatovic

Gitare: Petar Trumbetas
Prateci vokali: Suzana Brankovic
Klarinet: Eljez Šabani
Mix i mastering: Lazar Milic

Režija i produkcija: Anis Mujanović
Kamera: Mirsad Bukvic
Asist.kamere: Jasmin Spahic
Rasvjeta: Ernest Tahirovic
Scena: Adnan Skerlic 
Šminka: Jasmina Konđeli
Montažer: Mirsad Krisco

Šerif Konjević Official YouTube Channel 

Zabranjeno svako kopiranje video i/ili audio snimaka i postavljanje na druge kanale! 
 
Distributed by: EMDC ®

⏩ EMDC Network: http://emdcnetwork.com
      (YouTube MCN, Digitalni marketing i all-round usluge)
🔊 EMDC Music: http://emdcmusic.com
      (Platforma za distribuciju muzike)
🎶 EMDC Publishing: http://emdcpublishing.com
      (Licence za covere i zastupanje autorskih prava)

📷 Instagram: https://instagram.com/emdc_network",,10,2026-02-07T17:00:04Z,33630,2012,187,DE
kJOxG7Ea7gg,MASETALA PINKU JUMPSTYLE (Extreme Slowed),"Provided to YouTube by The state51 Conspiracy

MASETALA PINKU JUMPSTYLE (Extreme Slowed) · NZXT · M!W

MASETALA PINKU JUMPSTYLE

℗ 2026 WISE808

Released on: 2026-02-02

Producer: M!W
Composer, Lyricist: Minh Wise

Auto-generated by YouTube.",NZXT M!W MASETALA PINKU JUMPSTYLE,10,2026-02-02T21:49:13Z,400213,2102,33,DE
WI-aX_SM3Wk,Milano - Deine Liebe [Official Video],"Milano - ""Deine Liebe"" hier streamen: https://milano.lnk.to/DeineLiebe

Tickets für die Milano Diamonds Tour jetzt bestellen: https://milano-official.de

03.11. | Stuttgart, Porschearena
05.11. | Wien, Gasometer
07.11. | Hannover, Swiss Life
08.11. | Hamburg, Inselparkarena
11.11. | Paris, Bataclan
12.11. | Frankfurt, Jahrhunderthalle
18.11. | Zürich, The Hall
19.11. | München, Zenith
20.11. | Berlin, Tempodrom
22.11. | Köln, Lanxess

► Folge Milano auf Spotify: https://spoti.fi/3nhoMuK 
► Folge Milano auf Apple: https://apple.co/38xgMkV 
► Folge Milano auf Instagram: https://www.instagram.com/milanoo   
► Folge Milano auf TikTok: https://www.tiktok.com/@milano_44  


Kontakt: 
info@deuxfreres.de 
Instagram: https://www.instagram.com/deuxfreresmusic  

#Milano #DeineLiebe",Milano Deine Liebe Milano Deine Liebe milano deine liebe lyrics Milano Sarah Connor Je t'aime Milano Je t'aime milano sarah connor Milano Du hörst mir nicht zu Milano Ljubavi milano ljubavi lyrics Milano Denkst du an mich Denkst du an mich Milano Jazeek Nur du 100 Lieder milano emilio milano on off milano live Mero milano leer milano song Milano Nicht für immer Milano Eddin Au Revoir Au Revoir milano sag mir milano lune Milano on off,10,2026-02-05T22:58:07Z,94706,6209,718,DE
EoMm1D-QrUE,AZET - SCHIEBEDACH (Official Video),"Die Single „Schiebedach“ jetzt überall verfügbar
https://umg.lnk.to/.schiebedach

►Produced by LOLO79
https://www.instagram.com/lolobeatz79/

►Mix:LOLO79 
https://www.instagram.com/lolobeatz79/

►Master: Niklas Neumann

►Video: Borderless
https://www.instagram.com/borderlessss/

►Azet & Albi Kontakt:
Allgemeine Fragen: mgmt@twosides.de 
Presse: mgmt@twosides.de 
Management: Two Sides

Folgt uns auf Instagram:
AZET:  https://www.instagram.com/kmn_azet/
ALBI: https://www.instagram.com/albi.kmn/

Folgt und auf TikTok:
AZET: https://www.tiktok.com/@kmn_azet
ALBI: https://www.tiktok.com/@kmn.albi

https://www.instagram.com/exclusive.rental
https://www.instagram.com/mco_managment_artist


#azet #schiebedach #newmusic",azet azet schiebedach schiebedach azet kmn azet kmn gang kmn gang schiebedach schiebedach track azet track kmn gang kmn kmn neuer song kmn neuer release kmn azet kmn azet schiebedach azet rapper azet rap azet hip hop azet german rap german rap german rapper german hip hop deutschrap deutsch rap deutschrapper azet schiebedach musikvideo azet video azet musikvideo azett az az kmn gang az rapper az rap az schiebedach,10,2026-02-05T22:59:07Z,99195,4979,347,DE
RBBFhl-Xto8,"Carmen de la Salciua - Te ador,a fost spus de un actor [video oficial]2026","Carmen de la Salciua - Te ador,a fost spus de un actor
Subscribe to NekMusic:http://www.youtube.com/user/nekmusicproduction

Muzica - Anubis
Text - Anubis
Orchestratie - Nek Music
Video - Ciolpan

NekMusic online
https://www.youtube.com/user/nekmusicproduction
https://www.facebook.com/nekmusicproduction

Nek Music Production ® . Contact:nekmusictvromania@gmail.com
Toate drepturile sunt rezervate. Orice upload neautorizat al acestui videoclip este ilegal si poate fi raportat oricand la Youtube. 

All rights reserved. Unauthorized reproduction is a violation of applicable laws. In order to avoid copyright infringement, please do not upload this video on your channel.",manele noi Nek Music muzica balkanica colaje de petrecere carmen de la salciua manele 2026,10,2026-02-07T11:00:06Z,54988,2857,192,DE
Vx5YXks2TzU,"Frei.Wild - Weiter, immer weiter (Offizielles Video)","Hey ihr,
manche Songs trägt man nicht im Kopf, sondern in der Jacke – wie einen zerknitterten Zettel, den man rausholt, wenn’s eng wird. So eine Art Notfalltropfen aus Text und Noten. „Weiter immer weiter“ ist genau so ein Lied für uns.

Ab 06.05.26 streamen/downloaden:
https://save-it.cc/freiwild/weiter-immer-weiter

Und ja: Wir haben diesem Song bis heute nie ein eigenes Video geschenkt.
Was ziemlich verwunderlich ist, denn er ist ein wichtiges Stück Bandgeschichte, das uns seit Jahren begleitet. Wir wollten das schon lange angehen – aber wenn etwas so wichtig ist, macht man es nicht „mal eben so“. Jetzt war der Moment da.

Inhaltlich ist „Weiter immer weiter“ unser Gegenmittel gegen Lethargie und Stillstand:
wenn’s dunkel wird, wenn wir uns selbst verloren haben, wenn die Vergangenheit zäher nachhängt, als es uns lieb ist – und wir dann trotzdem entscheiden, aufs Gaspedal zu drücken. Du stellst die Weichen selber, jeden Tag … wie wahr.

Außerdem hatten wir Bock, den Song neu zu produzieren und bewusst an den Style von „Immer unter Feuer“ heranzuziehen – einfach weil wir wissen wollten, wie sich dieser über 20 Jahre alte Frei.Wild-Klassiker im heutigen Soundkleid macht.

Leute, diese Zeiten, die wir alle gerade erleben, sind völlig verrückt. Für alle. Und unsicher zugleich.
Umso mehr bedeuten uns eure Nachrichten, die ihr uns Tag für Tag schreibt – dass Frei.Wild für euch eine Art „Seelenglücksmaschine“ sei, die zuverlässig anspringt, wenn sonst nichts mehr geht. So etwas trifft uns jedes Mal mitten ins Herz.

Und wisst ihr, warum das so ist? Weil ihr unserem Dasein und unserem Schaffen damit einen unglaublich großen Sinn gebt – wichtiger als Erfolg und jeder Applaus dieser Welt. Und weil auch ihr unsere „Seelenglücksmaschine“ seid. Jeder von euch.

Also, egal was kommt: Es geht weiter immer weiter.
Eure Jungs von Frei.Wild 🖤🤘🔥

Schießt das Video aus allen Rohren, ihr trefft bestimmt ein wichtiges Ziel

--------------------------------------

IMMER UNTER FEUER:
ALLE Infos und Kauflinks unter:
🔥👉https://www.frei-wild.net

Facebook👉 https://www.facebook.com/Frei.Wild
Instagram👉 https://www.instagram.com/frei.wild_official
TikTok👉https://www.tiktok.com/@frei.wildofficial
X👉https://x.com/FreiWildBand

Spotify👉 https://open.spotify.com/intl-de/artist/7GpKqL7BEW0r3SeeMV4II7?si=Tr1CNjrdTuCvdiy5g52NNQ
AppleMusic👉https://music.apple.com/de/artist/frei-wild/268520261
AmazonMusic👉https://music.amazon.de/artists/B001T176JM
YouTubeMusic:👉https://music.youtube.com/channel/UCR5VDjhUCi0FYr4f-3Zd9Bw
Deezer👉 https://www.deezer.com/de/artist/249751942

#freiwild #immerunterfeuer #2025 #newrelease",frei wild freiwild frei.wild frei wild corona fick dich und verpiss dich frei wild südtirol fick dich frei wild wir schaffen deutschland frei wild fig dich schützender engel freiwild schützender engel frei wild live land der vollidioten philipp burger jochen gargitter zegga jonas notdurfter christian forer föhre deutschrock rockmusik brixen freiwild album 20Jahre freiwild jubiliäum best of freiwild immerunterfeuer,10,2026-02-06T19:00:07Z,29927,2360,118,DE
L_uJlhP2VJA,DJ Ötzi & HBz - TIROL 2026 (Offizielles Lyric Video),"Ihr seht DJ Ötzi und HBz mit dem offiziellen Lyric Video zu „TIROL 2026“ - Viel Spaß beim Reinschauen!
 
Hier den Song streamen:
▶️ https://umg.lnk.to/TIROL2026
 
Folgt DJ Ötzi im Netz:
▶️ Website: https://www.djoetzi.at/   
▶️ Instagram: https://www.instagram.com/dj_oetzi/
▶️ TikTok: https://www.tiktok.com/@dj_oetzi  
▶️ Facebook: https://www.facebook.com/djoetzi  
 
Folgt HBz im Netz:
▶️ Website: https://www.hbzmusic.de/
▶️ Instagram: https://www.instagram.com/hbzmusic
▶️ TikTok: https://www.tiktok.com/@hbzmusic
▶️ Facebook: https://www.facebook.com/HBzMusic/

Kanal abonnieren:
▶️ http://www.youtube.com/channel/UC7YoQmiWiW5AX6SXIFbkyAw?sub_confirmation=1

Jetzt Ballermann Hits folgen:
▶️ https://www.instagram.com/ballermannhits/
▶️ https://www.facebook.com/Ballermannhits/
▶️ https://www.tiktok.com/@ballermannhits

Unser Shop:
▶️ https://www.ballermannhitsshop.de/

Meldet euch für unseren Newsletter an:
▶️ https://www.umg-signup.com/ballermann-hits-newsletter#/

Klickt hier für alle Ballermann Hits an einem Ort: 
▶️ https://digster.lnk.to/Ballermann_Hits

#BallermannHits #DJÖtzi #HBz #TIROL2026 #newsingle",ballermann ballermann hits party hits ich find schlager toll schlager hits party schlager mallorca hits ballermann mallorca apres ski apres ski hits oktoberfest hits ballermannhits der geilste ort der welt dj ötzi dj ötzi hbz di ötzi tirol dj ötzi tirol remix hbz tirol hbz tirol remix hbz dj ötzi hbz dj ötzi tirol remix,10,2026-02-07T16:00:24Z,9114,406,11,DE
80zlpkqZrgs,AMARANTHE - Chaos Theory (OFFICIAL MUSIC VIDEO),"Official music video for Chaos Theory
Listen here: https://lnk.to/AmarantheChaosTheory

Lyrics:
Made to drift in a faithless dominion
Seen ambition turn light into blackened cold
I was raised on delusional fables
All those stories grown old

The system malign, it's an insipid disguise
But it’s never too late
Divine utopia denied
I want to step into the light
And now serenity will redefine me

I let the chaos erupt in my theory
The wreckage I see is the crime
I know that you'll suffer eternally
Chaos theory

Designed a destined collision
With words insidious to the core
You were blind to your own disillusion 
And still you came asking for more

The wicked design, a contradiction defined
But it is never too late
From culmination to decline
I want to step into the light
So let it crash and burn to reinvent me

I let the chaos erupt in my theory
The wreckage I see is the crime
I know that you'll suffer eternally
Chaos theory

I let the chaos ignite in my theory
From wreckage and into my prime
I know that I'll shine for eternity
Chaos theory

Maximal, irrational submission settle for the rigid limitations
Predation, condemnation, aggravation, Savouring the craft of the lie

I let the chaos erupt in my theory
The wreckage I see is the crime
I know that you'll suffer eternally
Chaos theory

I let the chaos ignite in my theory
From wreckage and into my prime
I know that I'll shine for eternity
Chaos theory

FOLLOW AMARANTHE
https://facebook.com/amarantheband
https://instagram.com/amarantheofficial
https://www.youtube.com/amaranthetv
https://www.tiktok.com/@amarantheofficial

AMARANTHE & EPICA – Arcane Dimensions Tour ⁠
Featuring special guest Charlotte Wessels’ The Obsession ⁠
06-Mar-26 🇩🇪 Hamburg – Inselpark Arena
07-Mar-26 🇩🇪 Leipzig – Haus Auensee
08-Mar-26 🇩🇪 Berlin – Columbiahalle
10-Mar-26 🇩🇰 Copenhagen – Poolen
11-Mar-26 🇸🇪 Stockholm – Fållan
13-Mar-26 🇫🇮 Oulu – Tapahtumakeskus Tullisali
14-Mar-26 🇫🇮 Helsinki – Black Box
15-Mar-26 🇪🇪 Tallinn – Helitehas
17-Mar-26 🇵🇱 Warsaw – Torwar
18-Mar-26 🇦🇹 Vienna – Gasometer
20-Mar-26 🇭🇺 Budapest – Barba Negra
21-Mar-26 🇨🇿 Prague – Forum Karlín 
22-Mar-26 🇩🇪 Frankfurt – Jahrhunderthalle

CREDITS
Mixed and mastered by Jacob Hansen
Director: Jens De Vos   / https://instagram.com/jensthepanda",,10,2026-02-07T16:00:06Z,53223,6298,336,DE
OqVq3aaYl-w,SIL3A x KARDO - BIG (prod. von Moscow),"Das Album “PARADOX"" erscheint am 13-02-2026! Jetzt Bundle vorbestellen: https://www.sil3a.de/product-page/paradox-album-bundle-gr-s

►""BIG"" jetzt streamen: https://lnk.site/big-sil3akardo
►SIL3A Kanal hier abonnieren: http://ytb.li/SIL3A

Folgt SIL3A:
►SIL3A (Instagram): https://instagram.com/sil3a_kg
► SIL3A (Tiktok): https://www.tiktok.com/@sil3aoffiziell

Folgt KARDO:
►KARDO (Instagram): https://instagram.com/kardorito

Video von a shoota films
https://www.instagram.com/ashootafilm

VFX von Lucas Schütz
https://www.instagram.com/lucas.sctz

Produziert von Moscow
https://instagram.com/moscowwaves

Mix von Tristan Eisenhuth
https://instagram.com/prod.by.brooks

Master von Volker „IDR“ Gebhardt:
https://www.instagram.com/volker_idr_gebhardt

ANFRAGEN, BOOKING, PRESSE:
62MGMT, Aydin Kaya
📲 https://instagram.com/62mgmt
E-Mail: aydin.kaya@62mgmt.com

KG Family ©️ 2026
iGroove ©️ 2026
This Video is copyrighted by KG Family.

#SIL3A #BIG #KARDO",sil3a dealer bis zum tod kriminell nafri babylon ausnahmezustand HHF iba3ash frankfurt rap hash cannabis kg transport kein image big sil3a big kardo big kardo,10,2026-02-05T23:00:06Z,65968,3684,195,DE
6Es_OiNVx3k,WENN ICH NÜCHTERN WÄR - Julian Sommer x Luca-Dante Spadafora [Musikvideo 4K],"Spotify: https://open.spotify.com/intl-de/album/2ne4bOGkdiZKbc7vO3Upfa?si=OcrlF0r7QpiihrWsShk5SQ

„Wenn ich nüchtern wär, wär ich Millionär“ - mit Julin Sommer und mir treffen zwei Welten aufeinander - Ballermann-Schlager aus Malle und bassboosted Techno Beats. Das Ergebnis ist ein viraler deutscher Karneval Hit, der über den Aprés-Ski bis in die Mallorca / Bierzelt Season ballern wird! Der perfekte Ohrwurm für eure Feier-, Saufen- und Party-Playlist! :D 

Danke an den lieben Chris Tall für‘s Mitmachen als Millionär❤️
ᐅ https://www.instagram.com/christall

￼
🎧 Luca-Dante Spadafora auf Spotify: 
 ᐅhttps://open.spotify.com/intl-de/artist/6k9e4mFFVtEAAhGdvJBtqB?si=Tp66x2TuQR23E0xOXh5dsA

🎙️Julian Sommer auf Spotify:
ᐅ https://open.spotify.com/artist/77puYb4Nubacm3PAzkY1UQ?si=FYN72CfwQQ2QbfEGwqaL0w

🔥Luca-Dante Spadafora auf Instagram:
ᐅ https://www.instagram.com/lucadantespadafora

👀Julian Sommer auf Instagram:
ᐅ https://www.instagram.com/juliansommer

🎵Luca-Dante Spadafora auf TikTok:
ᐅ https://www.tiktok.com/@lucadantespadafora

🎵Julian Sommer auf TikTok:
ᐅ https://www.tiktok.com/@juliansommer_official

📹Video:
ᐅ https://www.instagram.com/felix.films_


LYRICS
Wenn ich nüchtern wär
Wär ich Millionär
Hätt ne Segelyacht und ein Haus am Meer
Wenn ich nüchtern
Wenn ich, wenn ich nüchtern 
Wenn ich doch nur manchmal nüchtern wär
 
Wenn ich nüchtern wär
Wär ich Millionär
Hätt ne Segelyacht und ein Haus am Meer
Wenn ich nüchtern
Wenn ich, wenn ich nüchtern 
Wenn ich doch nur manchmal nüchtern wär
 
Du hast nen Lamborghini, schön
Hätte ich auch, das wär alles kein Problem
Du hast ganz viel Geld auf der Bank
Ich acker täglich für mein Weizen in der Hand
Und ja du hast ne Rolex an und drei Boote auf Hawaii
Mein Kopf hat täglich Stromausfall, doch genau das find ich geil
 
Wenn ich nüchtern wär
Wär ich Millionär
Hätt ne Segelyacht und ein Haus am Meer
Wenn ich nüchtern
Wenn ich, wenn ich nüchtern 
Wenn ich doch nur manchmal nüchtern wär
 
Und in der Nacht
Da liegst du da
Und fällst alleine in den Schlaf
Und wir sind wach und geben Gas
Und singen Schalalalala
 
Wenn ich nüchtern wär
Wär ich Millionär
Hätt ne Segelyacht und ein Haus am Meer
Wenn ich nüchtern
Wenn ich, wenn ich nüchtern 
Wenn ich doch nur manchmal nüchtern wär
 
Wenn ich nüchtern wär
Wär ich Millionär
Hätt ne Segelyacht und ein Haus am Meer
Wenn ich nüchtern
Wenn ich, wenn ich nüchtern 
Wenn ich doch nur manchmal nüchtern wär
 
Wenn ich nüchtern wär
Wär ich Millionär
Hätt ne Segelyacht und ein Haus am Meer
Wenn ich nüchtern
Wenn ich, wenn ich nüchtern 
Wenn ich doch nur manchmal nüchtern wär
 
Schalalalala
Schalalalala
Schalala
Schalalalalala
Schalala
Schalalalalala
Schalalala

Multimillionär


Ballermann - Bounce - Techno - Schlager - Malle - Karneval - Rave - Hypertechno - Hardcore - Hardbass - Harddance - Tech - Remix

#juliansommer #lucadantespadafora #karneval #malle #techno #schlager #bass #festival #bierzelt #edm #bass #apresski #bassboosted #sommer #musikvideo",luca date luka dante luca dante spadafora basbosted raveremix rave song techtok techno tekno tekkno hardtekk hartcore techno rimix luca dante spadaora tiktok remix viral song hipertechno tecno lucas dante lampe aus siebzigern lampe remix lampe son wackelkontakt rimix rimixes scharfe teckno viedeo musikvidieo luca juian somer julian sommer millioner nuchtern nüschtern wenn ich nüchtern wer milioner milionär male balermann,10,2026-02-06T15:00:07Z,22948,1207,139,DE
ECEGOw9_g84,Jazeek - OYE! (Official Video),"4LAP Bundles: https://jazeek.universal-music.de/

Tickets für die STARBOY Tour: https://www.jazeek.com/

OYE! jetzt streamen: https://www.jazeek.lnk.to/OYE
Das Album vorspeichern: http://bit.ly/46wy26Y

Produced by Lucry, BigPuffPuff 
Mixed by Lucry 
Mastered by Alex Isaak

Jazeek folgen:
https://www.instagram.com/jazeek99
https://www.tiktok.com/@jazeek99 

#JAZEEK #OYE",Jazeek Jazzek Blunt für dich Superstars Ma Baby Starboy Diamond Ring Deutschrap Deutscher RnB Akon miami MIAMI miami jazeek jazeek miami jazeek x reezy reezy x jazeek jazeek musikvideo miami musikvideo miami lyrics OYE! OYE oye jazeek oye Jazeek OYE jazeek oye lyrics oye lyrics OYE live oye! musikvideo,10,2026-02-05T23:00:06Z,61713,3777,226,DE
5OB4s1D_d1w,Ja volim,"Provided to YouTube by K.S.V.

Ja volim · Jakov Jozinovic

Ja volim

℗ K.S.V.

Released on: 2026-02-03

Producer: Marko Palameta
Composer: laurakojapjeva
Composer: Matt Shaft
Lyricist: laurakojapjeva
Lyricist: Matt Shaft
Lyricist: Jakov Jozinović
Arranger: Marko Palameta

Auto-generated by YouTube.",Jakov Jozinovic Ja volim,10,2026-02-05T10:04:00Z,135072,1440,11,DE
2_u-HDEtrrI,"UNBEKANNT - Morpheuz (produced by whatisagxpsy, Morpheuz & Hannes Pries)",",,UNBEKANNT'' ab sofort überall streambar! 

FOLGE MORPHEUZ 
► https://www.instagram.com/morpheuz_offiziell/ 
► https://www.tiktok.com/@morpheuz_offiziell 

CREDITS:

Beat produced by 
Morpheuz
► https://www.instagram.com/morpheuz_offiziell/ 
whatisagxpsy
► https://www.instagram.com/Whatisagxpsy/ 

Komposition & Streicheraufnahmen
Hannes Pries
►https://www.instagram.com/hannespriies?igsh=bXBhbXJpZmJibm1p

Mixed and Mastered by Baris Büyük
►https://www.instagram.com/buyuk_baris/


Eine ruh.creative Produktion

Executive Producer: Saskia Eigner by ruh.creative
Director: Hüseyin „Bertinaxe“ Yildirim

Producer: Adil Erol
Production assistant: Cihan Dügmeci

Director of Photography: Kevin Stemberger
Director of Photography (2nd unit): JeyGo
1st assistant camera: Can Tibet

Gaffer: Fatih Lights

Event technician: Innovents
Event production: Patrick van Kluth
Event assistant: David Küsters

Cast: Idea Hill

Edit: Hüseyin „Bertinaxe“ Yildirim by ruh.creative
Color Grading: Christian Mohr by ruh.creative


Streicher – Originalaufnahme & Besetzung
Mitglieder des German Pops Orchester
Organisiert von Prof. Bernd Ruf
►https://www.instagram.com/bernd_ruf_musician/

Violine I: Matthias Buck
Violine II: Ulrich Zimmer
Viola: Anna-Lea Alpermann
Violoncello: Lilja Tzeuschner


Orchester (Videoauftritt)
Kammerphilharmonie Mannheim
Leitung: Jochen Steyer
►http://www.kammerphilharmoniemannheim.de",,10,2026-02-05T23:00:06Z,64685,2623,312,DE
aH4PsFPhCvM,Xhensila x MC Kresha – Emrin Tim [Official Video],"𝗙𝗢𝗟𝗘 𝗣𝗨𝗕𝗟𝗜𝗦𝗛𝗜𝗡𝗚 - https://www.smarturl.it/FolePublishing

____________________________


𝗫𝗵𝗲𝗻𝘀𝗶𝗹𝗮 𝘅 𝗠𝗖 𝗞𝗿𝗲𝘀𝗵𝗮 – 𝗘𝗺𝗿𝗶𝗻 𝗧𝗶𝗺 [𝗢𝗳𝗳𝗶𝗰𝗶𝗮𝗹 𝗩𝗶𝗱𝗲𝗼]

____________________________

✔️ Did you subscribe to 𝗫𝗛𝗘𝗡𝗦𝗜𝗟𝗔 𝗠𝗬𝗥𝗧𝗘𝗭𝗔𝗝's Official channel? 👇🏼
►  https://smarturl.it/SubXhensilaMyrtezaj
👉🏼 Turn on the 🔔 to be notified for all the new songs.

🎧 Listen on Spotify / Download on iTunes 👇🏼
► https://music.fole.to/EMRINTIM

____________________________

🎵 Produced by: 𝗘𝗡𝗚𝗟𝗜𝗩𝗘𝗥𝗦𝗔𝗟
🎵 Lyrics by: 𝗝 𝗚𝗔𝗦𝗛𝗜, 𝗘𝗡𝗚𝗟𝗜𝗩𝗘𝗥𝗦𝗔𝗟, 𝗠𝗖 𝗞𝗥𝗘𝗦𝗛𝗔
🎥 Video by: 𝗕𝗔𝗦𝗘𝗠𝗘𝗡𝗧

✔️ Published by : 𝗙𝗢𝗟𝗘 𝗣𝗨𝗕𝗟𝗜𝗦𝗛𝗜𝗡𝗚

____________________________

🎤 Connect with 𝗫𝗛𝗘𝗡𝗦𝗜𝗟𝗔 :
Instagram ► https://www.instagram.com/xhensilamyrtezaj/

🎤 Connect with 𝗠𝗖 𝗞𝗥𝗘𝗦𝗛𝗔 :
Instagram ► https://www.instagram.com/tavnikcity/

🎵 Connect with 𝗘𝗡𝗚𝗟𝗜𝗩𝗘𝗥𝗦𝗔𝗟 :
Instagram ► https://www.instagram.com/engliversal/

✔️ Connect with 𝗙𝗢𝗟𝗘 𝗣𝗨𝗕𝗟𝗜𝗦𝗛𝗜𝗡𝗚 :
Instagram ► https://www.smarturl.it/FolePublishing

____________________________

🎧 Listen to ""𝗔𝗹𝗯𝗮𝗻𝗶𝗮𝗻 𝗛𝗶𝘁𝘀"" playlists on Spotify
► https://open.spotify.com/playlist/2qP0cBaIboo4ncqpNlh4aX?si=20b92b7980c74194
► https://open.spotify.com/playlist/1atQnwKsOLulyl9tpq0S5G?si=ecdb926aea9f4f23

____________________________


℗ & © XHENSILA MYRTEZAJ & FOLE PUBLISHING. All Rights Reserved.

#Xhensila #McKresha #EmrinTim #Folé",xhensila mc kresha emrin tim xhensila mc kresha emrin tim xhensila emrin tim mc kresha emrin ti don xhoni olsi bylyku yll limani finem kristi lamaj dafina zeqiri matolale ghetto geasy irkenc hyka big brother vip albania 5 live uzak sehir 44 fan club big brother big brother vip albania 5 alis nan big brother vip albania live sot alis big brother vip 5 big brother albania big brother vip albania dridhe moj bajame dridhe fireworks hitet e reja 2026,10,2026-02-05T15:00:07Z,708917,10725,399,DE
6cGCYoXmN-A,Avril Lavigne x Alan Walker - Learn To Love Again,"We are presenting You” Avril Lavigne x Alan Walker - Learn To Love Again ""  By :- @DjValka 


🎼 Artist Name - Dj Valka 

🎼 Follow Dj Valka on :-

» Instagram : https://www.instagram.com/djvalka
» Spotify : https://open.spotify.com/artist/3RILDuehdSb8PQnZdaFMXM?si=xmGA7lBvTcKVDtA059bJrg
» Apple Music : https://music.apple.com/us/artist/dj-valka/1644680806

» Use Headphones For Better Experience.

Song Credits :
 
Song: Avril Lavigne x Alan Walker - Learn To Love Again
Video: Dj Valka
Music: Dj Valka
Mixed & Mastered : Dj Valka

[💷NOTE]:If you wish to post on streaming platforms such as Spotify, Apple Music, etc. you need to purchase a license. You must credit me with ]


• Thanks For Watching My Video

Hashtags:-

#carmusic #gangstermusic #carbassmusic #twerk #skibidi #techno #hypertechno #tiktoktechnomusic 

#djvalka #miamalkova #gangstergang #gangstercity #ggang #alexslist #housemusichd #gangstersquad  #trendingmusic #tiktok #tiktokviral #viral #viralmusic #trendingtiktok #topmusic #bassboosted #cargirl #carsandgirls #deephouse #deephouseremix #originalremix 

Tags :- 

deep house remix , dieez remix , deeni remix ,  mannonov remix , plvtina remix remix , alsa & hussein arbabi remix , dndmusic , miami music , azimov remix , hayit murat , deep house , dndm , enza , relax music , love music , emotional , ethnic music , arabic remix , elsen pro , love music , ethnic music , emotional , arabic deep House , isko remix , alvarez , sajid world , dj valka , tiktok trending , russia , russian 

trending tiktok 2024 , tiktok songs 2024 , tiktok songs , trending songs , trending tiktok , tiktok viral songs , tiktok trending , tiktok 2024 , tiktok song , tiktok hits 2024 , tiktok viral 2024 , tiktok music 2024 , tiktok mashup 2024 , viral songs 2024 , tiktok trends , trending tiktok songs , tiktok viral , tiktok music , trending music , tiktok mashup , tiktok songs 2023 ,tiktok , best tiktok songs , tiktok trending 2023 , tiktok remix , tiktok dances,tiktok mashup 2022

arabic remix , 2025 , arabic remix 2024 , 2025 , arabic remix 2024 , arabic music , arabic mix 2024 , arabic mix , arabic mix 2024 , remix arabic , arabic trap remix , arabic songs 2024 , arabic dance mix 2024 , arabic song , remix 2024 , arabic remix song , arabic music mix , arabic remix playlist , remix 2024 , arabic remix songs 2024 , arabic , arabic songs , arabic trap mix 2024 , arabic remix aalach , arabic trap , mix arabic songs 2024 , arabic dance mix , arabic house , arabic trap mix

arabic mix , arabic tiktok remix , arabic remix song 2024 , 2024 , arabic music , remix arabic , arabic tiktok music , tiktok arabic songs , arabic songs , arabic remix on tiktok , arabic remix 2024 , arabic trap remix , arabic remix songs , arabic remix music tiktok , reman arabic tiktok remix , arabic remix aalach , arabic remix playlist , tiktok trending song arabic , tiktok trending arabic song , arabic remix songs 2024 , tiktok , arabic , car remix , car mix,

MiaMalkova
#Music
#Artist
#HipHop
#Rock
#Rap 
#Singer
#DJ
#Song
#Band
#musician 
GangBass, mona music, car music, mix 2021, car music mix, best gangster music mix, gangster music, g-house, guitar, trap music, bass, car video, bass music, remix 2020, gangster, музыка в машину, bass boosted, emre kabak remix, bass mix, car bass mix, best car mix, emre kabak, car bass, best car music, chill, cars, музыка, pop music, музыка в машину,лучшая музыка,клубная музыка,клубняк 2021,electro house,russian music,сейчас в наушниках,club mix,club music,музыка в машину 2021,музыка в машину 2021,музыка в машину басс,музыка в машину с басами,музыка в машину русская,лучшая музыка 2021,лучшая музыка 2021 лучшая музыка всех времен,лучшая музыка для тренировок,лучшая музыка 2021 зарубежные песни хиты,крутая музыка 2020,крутая музыка басы,крутая музыка2021,крутая музыка в машинуelectro house,pop music,music video,bass boosted,magic music,trap music,trap mix,trap remix,bass boosted songs,bass boosted rap songs,bass boosted default dance,bass boosted old town road,magic music video,magic music instrumental,magic music visuals,magic music box,magic music mix,trap music 2021,trap music remix,trap music now,trap music playlist,trap mix 2021,trap mix bass boosted,trap remixes popular songs музыка в машину,лучшая музыка,клубная музыка,клубняк 2021,electro house,russian music,сейчас в наушниках,club mix,club music,музыка в машину 2021,музыка в машину 2021,музыка в машину басс,музыка в машину с басами,музыка в машину русская,лучшая музыка 2021,лучшая музыка 2021,лучшая музыка всех времен,лучшая музыка для тренировок,лучшая музыка 2021 зарубежные песни хиты,крутая музыка 2021,крутая музыка басы,крутая музыка 2023,крутая музыка в машину",,10,2026-01-31T13:33:44Z,352861,2328,35,DE
DybeOtOlAQE,1986zig - Hätte nie gedacht (Offizielles Musikvideo),"🖤

Die neue Single „hätteniegedacht"" hier streamen: 
http://umg.lnk.to/haetteniegedacht

Das Album „Einer von Euch“: https://umg.lnk.to/_EinerVonEuch

🖤

1986zig Live 2026 ""Ich komm nach Hause Tour"":
23.09.2026 Luxemburg (LU)
24.09.2026 Bremen
25.09.2026 Köln
26.09.2026 Mannheim
27.09.2026 Stuttgart
29.09.2026 Nürnberg
30.09.2026 Leipzig
01.10.2026 Hamburg
02.10.2026 Münster
04.10.2026 Berlin
05.10.2026 Oberhausen
06.10.2026 Frankfurt
07.10.2026 München
08.10.2026 Wien (AT)
 
Tickets & Infos unter: https://1986zig-tickets.de/

🖤 

1986zig Merchandise unter https://1986zig.universal-music.de/ 

Folgt 1986zig:
Instagram: https://www.instagram.com/1986zig  
Tik Tok: https://www.tiktok.com/@1986zig  
YouTube: https://www.youtube.com/@1986zigofficial  

Written by: 1986zig, Jules Kalmbacher, Jens Schneider, Tim Wilke, David Kraft
Produced by: The Cratez
Published by: BMG Rights, GoodKid Publishing, Sony ATV
Master: Sascha ""Busy"" Bühren / / saschabusy 
Video Idee, Regie & Edit: Mikis Fontagnier
Assistant: Isabelle Dupont / Upgedreht, Vanessa Weeber

Produktion & Aufnahmeleitung: Mikis Fontagnier

Kamera: Sevki Cevik

Fotos: Isabelle Dupont / Upgedreht, Vanessa Weeber

A 19thys release; (P) + (C) 19thys; distributed by Chapter ONE

#1986zig #newmusic #hätteniegedacht #19thys",1986zig 1986 1986zig hätte nie gedacht hätte nie gedacht 1986 rapper 1986 hip hop 1986zig hätt nie gedacht 1986 hätte nie gedacht hätte nie gedacht musikvideo 1986zig musikvideo 1968 1968zig neunzehnsechsundachtzig 1986zich 1986zig hätte nie gedacht musikvideo,10,2026-02-05T22:59:06Z,51464,3234,205,DE
I45ANFAVnvI,NOAH x LOREDANA - I wanna love you (prod. by Heku),"Folge NOAH: 
► Instagram: https://www.instagram.com/noah.offiziell
► TikTok: https://www.tiktok.com/@noah_ryuk
► Spotify: https://open.spotify.com/intl-de/artist/4lR4w01uPOblBqpIAzuCzL

Folge Loredana:
► Instagram: https://www.instagram.com/loredana
► TikTok: https://www.tiktok.com/@loredanaofficial
► Spotify: https://open.spotify.com/intl-de/artist/2Im8m4STDBosjfmb5hmP80
 
VIDEO:
DIRECTOR x EDIT x CC: Max Huettl
►Instagram: https://www.instagram.com/maxhuettl

Produced by:
Heku
►Instagram: https://www.instagram.com/hekubree

Anfragen: 
► info@tbh-mgmt.de

#deutschrap #rap #lovesong",noah loredana love deutsch rap karimadeyemi deutschrap hiphop fußball mozzik samra caney eno,10,2026-02-05T23:00:06Z,37300,2091,108,DE
IpawhGGoIaQ,Ariis - GOZALO (Lyrics),"🎵 Best TikTok Viral Music: https://youtube.com/playlist?list=PLBbWAaEu3aidb5XY-CVhuOVK-53HyNPlV

⏬ Download / Stream: 
https://open.spotify.com/album/2b5kmUGgnWXyh4Y0ohWW2b

⚡️ Ariis:
https://www.instagram.com/ariismusic

⚡️ Creative Chaos:
https://soundcloud.com/creativchaos
https://open.spotify.com/user/creativchaos
https://www.tiktok.com/@creative.chaos_
https://www.facebook.com/creatvchaos
https://x.com/crevtivechaos
https://www.instagram.com/creativ.chaos

☄️ Lyrics:

[Chorus]
Báilalo, gózalo, como lo canto y lo siento yo (¿Y cómo?)
Báilalo, gózalo, como lo canto y lo siento yo (¿Y cómo?)
Báilalo, gózalo, como lo canto y lo siento yo (¿Y cómo?)
Báilalo, gózalo, como lo canto y lo siento yo (¿Y cómo?)

[Post-Chorus]
Tikitikitiki, takatakataka
Garanguntacareca, garangungatirica
Tikitikitiki, takatakataka
Garanguntacareca, garangungatirica
Tikitikitiki, takatakataka
Garanguntacareca, garangungatirica
Tikitikitiki, takatakataka
Garanguntacareca, garangungatirica

[Refrain]
Cubacumbucumbada, cubacumbucumbada
Cubacumbucumbada, cubacumbucumbada
Cubacumbucumbada, cubacumbucumbada
Cubacumbucumbada, cubacumbucumbada
Cubacumbucumbada, cubacumbucumbada
Cubacumbucumbada, cubacumbucumbada
Cubacumbucumbada, cubacumbucumbada
Cubacumbucumbada, cubacumbucumbada
Cuba

[Chorus]
Báilalo, gózalo, como lo canto y lo siento yo (¿Y cómo?)
Báilalo, gózalo, como lo canto y lo siento yo (¿Y cómo?)
Báilalo, gózalo, como lo canto y lo siento yo (¿Y cómo?)
Báilalo, gózalo, como lo canto y lo siento yo (¿Y cómo?)

[Post-Chorus]
Tikitikitiki, takatakataka
Garanguntacareca, garangungatirica
Tikitikitiki, takatakataka
Garanguntacareca, garangungatirica
Tikitikitiki, takatakataka
Garanguntacareca, garangungatirica
Tikitikitiki, takatakataka
Garanguntacareca, garangungatirica

[Refrain]
Cubacumbucumbada, cubacumbucumbada
Cubacumbucumbada, cubacumbucumbada
Cubacumbucumbada, cubacumbucumbada
Cubacumbucumbada, cubacumbucumbada
Cubacumbucumbada, cubacumbucumbada
Cubacumbucumbada, cubacumbucumbada
Cubacumbucumbada, cubacumbucumbada
Cubacumbucumbada, cubacumbucumbada
Cuba

🚫 If you want to use this music in your video you will need permission from the artist or label.

#Ariis #GOZALO #CreativeChaos #Pop #PopMusic #Music #Vocals #Lyrics #LyricVideo #TopHits #Hits",ariis gozalo gozalo ariis ariis gozalo lyrics gozalo ariis lyrics ariis gozalo gozalo lyrics ariis gozalo phonk gozalo ariis phonk gozalo phonk ariis lyrics gozalo lyrics ariis gozalo lyrics gozalo ariis ariis - gozalo ariis - gozalo lyrics gozalo - ariis gozalo - ariis lyrics báilalo gozalo báilalo gonzalo funk gozalo tiktok ariis gozalo tiktok gozalo ariis tiktok phonk phonk music brazilian phonk báilalo gózalo como lo canto lo siento yo,10,2026-02-02T14:00:28Z,1110680,6316,78,DE
pQirHUlxcsc,Inima ta (feat. Just Eddie) (Radio Edit),"Provided to YouTube by DistroKid

Inima ta (feat. Just Eddie) (Radio Edit) · trvlr. · Just Eddie · Just Eddie · Just Eddie

Inima ta (feat. Just Eddie) [Radio Edit]

℗ trvlr.

Released on: 2026-02-06

Auto-generated by YouTube.",trvlr. Just Eddie Inima ta (feat. Just Eddie) [Radio Edit] Inima ta (feat. Just Eddie) (Radio Edit),10,2026-02-05T10:02:06Z,186477,6669,282,DE
qOcWzVHmG7Y,Домер - Хулиган Ган Ган (клип на 8.000.000 подписчиков),"👉Слушать на всех площадках: https://band.link/3Ib6w
👉 Вы дождались! Встречайте новый клип и трек «Домер Хулиган ган ган».
Этот анимационный Minecraft-клип я выпускаю в честь 8.000.000 миллионов подписчиков на канале Domer Grief. Хочу сказать вам огромное спасибо - без вас не было бы легендарного Minecraft-сервера Рили Ворлд (Рилик). Я бы не смог снимать для вас Грифер-шоу, троллинг стримеров и донаты ютуберам. Спасибо, что остаётесь со мной ❤️

#music #domer #домер #майнкрафт #minecraft #музыка #музыка2026 #майнкрафт #песни2026 #новаямузыка #новыетреки #хиты2026 #топмузыки #песни #анимация

👕 Мой мерч - https://domermarket.com/
🌸Мой канал в Telegram: https://t.me/DomerGrief

⚡IP МОЕГО СЕРВЕРА ( Cнимал тут ): MC.REALLYWORLD.RU 
⚡Для тех кто из Украины, у которых не заходит - mc.reallyworld.me
⚡Купить донат: http://reallyworld.ru 
⚡️ReallyWorld группа: https://vk.com/reallyworlds
⚡️ReallyWorld Телега: https://t.me/rwinfo

💛Я в VK: https://vk.com/skamyshnikov 
💛Мой Instagram: https://www.instagram.com/_domer_/ 
💛Мой Тик-Ток: https://www.tiktok.com/@mrdomer

👍Моя группа в вконтакте : https://vk.com/Domer_Channel 
👍Мой сервер в дискорде: https://discordapp.com/invite/domergrief
👍По поводу рекламы: domer.sponsor@gmail.com

★Наберем 100.000 ♥?",Домер домер гриф Domer Domer Grief Minecraft Майнкрафт песня музыка music song клип трек music Minecraft домер трек domer песня домер клип песня про Майнкрафт Домер - Я Хулиган ( премьера клипа 2026 домер юбилейный трек Хулиган домер трек на 8 миллионов домер песня на 8 миллионов домер клип на 8 миллионов,10,2026-02-07T12:00:06Z,507256,61158,23467,DE
zhgFR2L2reE,THEODORA - DES MYTHOS,"Directed by Melchior Leroux

Produced by Dependant

Executive Producers: Saad Jalal, Raphaël De Albuquerque

Line Producer: Zoé Arich
Production Coordinator: Gabrielle Benkemoun

1st AD: Driss Lumbroso

D.O.P: Bobby Afonso
1st AC: Eddy Martin

Gaffer: Yoran Kerdoncuff
Sparks: Axel Peylet, Romain Carlioz, Thomas Cracco

Key grip: Damien Laubier
Best boy: Nabil Zohair

Set Design: BUILD, Nicolas Lanteri, Carole Latour
Set design assistants: Eloise Megal, Thomas Revoirard

Location Manager: Paulin Bassols
Assistant Location Manager: Alexis Landais

Stylist: Carla Mossaz
Stylist assistant: Alexia Yamajako

HMC Théodora
MUA: Swan Arnaud
Hairstylist: Ushka Nochi Tela

HMC Cast
MUA: Elisa Roux
Hairstylist: Enezia Straba

Actor: Boussey Bathily


Post-production House : Paume
Editor : Eugene Signoret 
Post-producer : Madeleine Kondé 
VFX : Melchior Leroux, Rafael Moulin-Roussel
Color grading : Vincent Amor 


Special thanks to: Cininter, Pablo Betis, Studios 44, Rocky",,10,2026-02-06T18:00:07Z,217059,27173,998,FR
rsKJZOBPfN4,Rohff - Pop corn,Découvre le nouveau banger de ROHFF #Popcorn ! Rohff confirme une fois de plus que le RAP est un ART pas un ÈRE. Les punchlines assassines sont au rendez-vous. Sortez les Pop corn pour ce magnifique et authentique chef d'œuvre visuel.Produit par Legend AliveRéalisateur Gaetan RomeroProduction Nocolor FilmDirectrice de production Mélissa ChettouhAssistant Réalisateur William WatronRégisseur Général KemsDirecteur de la Photo Julien RuchotBest Boy Moby Bilal And KeeraBeatmaker ProdbySlamAbonne-toi à la chaîne : http://bit.ly/2lWnCcBPlus d'infos :Snapchat : https://www.snapchat.com/add/realrohffFacebook : https://www.facebook.com/OfficielRohffTwitter : https://twitter.com/rohffInstagram : https://www.instagram.com/Rohffofficiel,Rohff,10,2026-02-06T19:27:29Z,109727,7356,964,FR
NtMGcDARjlM,Mous-K - Freestyle Fast Track (Clip Officiel),"""Fast Track Freestyle"" disponible en streaming: https://link.dibsteur.com/fasttrack

Retrouvez-moi sur :
Instagram: https://www.instagram.com/Mous_k91usa
Tik Tok: https://www.tiktok.com/@mous_k91usa 
Snapchat: https://www.snapchat.com/@Laquicka_full

Réalisation : Lieuzart

Drone : Jawad Adjoudj

#MousK #Fast Track",,10,2026-02-06T19:05:03Z,99956,3519,88,FR
85QRxuh6a5o,Seychelles,"Provided to YouTube by Universal Music Group

Seychelles · Booba

Seychelles

℗ 2026 Tallac Records

Released on: 2026-02-05

Vocalist, Author: Booba
Composer, Producer: Zee

Auto-generated by YouTube.",Booba Seychelles,10,2026-02-05T23:01:39Z,247627,9440,1294,FR
80VeOBHcExs,Walida,"Provided to YouTube by Santé & Bonheur

Walida · Kofs · Youv

Walida

℗ Santé & Bonheur

Released on: 2026-02-08

Producer: Crystal Music
Sound Engineer: Kofs
Composer: Crystal Music
Lyricist: Kofs
Lyricist: Youv

Auto-generated by YouTube.",Kofs Youv Walida,10,2026-02-07T10:00:18Z,9408,942,80,FR
UwUJyL4LXEU,AMK - G-Life Ft. Franglish (Clip officiel),"Outsider Partie 2 : H'ella Stories disponible partout : AMK.lnk.to/OutsiderPartie2HellaStories  

📍​ Retrouvez AMK en concert à l'Olympia le 28.03.2026 : https://tix.to/Olympia_AMK 

-- 

Composé par :  Ken&Ryu, Narcos, Skyjee
Mix & master : Wavmaker
Écrit et inspiré par : AMK & Franglish 
Réalisation : Sank Day n night 
Production : FNTYLS 
Productrice :  Fenty LENTIN
DOP : Marty 
Montage / étalonnage  : Shems Cut / EX3CUTTERZ
Stylisme : OGShark

Retrouve AMK sur :
Instagram :   / amkofficiel75  
TikTok :   / amk75officiel   
Twitter : https://x.com/amk_dinero

#AMK #FRANGLISH #OUSTIDER",,10,2026-02-06T17:00:08Z,156468,8825,366,FR
It7FVmC43oE,Lagui - STREET PLANT (Clip Officiel),"J'suis même pas a 8% 🎸🎸

Site : https://lagui.fr/
Insta : https://www.instagram.com/laguitreize/
Snap : https://www.snapchat.com/@lagui.treize
Tiktok : https://www.tiktok.com/@laguitreize

Real : ​⁠@spongeproductions 
Prod : @houthsidebeats
Mixe : @qu4trobeats
Rec : ​ @houthsidebeats",,10,2026-02-05T17:00:13Z,254090,9074,3587,FR
nwfYcMwsJSg,VEN1 - PERSONA NON GRATA,"CREDITS 
Réalisation : Seveneyes
DA : Nouvomonde
Mix /Master : Russel 
Compo : Skary / Wyskobeats",,10,2026-02-06T17:00:07Z,100822,5962,419,FR
Azv8AIH7GeE,TIGUIDA KANTE BEBEDENI CHUCKY audio officiel,"ECOUTEZ ET ADMIRER CE TUBE SPECIAL BEBEDENI CHUCKY
#bebedenitchouki #nankama #tiguida #bujul #malisong #tandancemali",,10,2026-02-07T16:28:01Z,148190,8853,481,FR
UAyubzDrWxg,Des étoiles plein les yeux,"Provided to YouTube by Columbia

Des étoiles plein les yeux · Star Academy

Le bal de la promo 2025

℗ 2026 Sony Music Entertainment France SAS / Société BC11

Released on: 2025-12-05

Associated Performer: Star Academy
Composer, Lyricist: Victor Aupecle
Lyricist, Composer: Anouk Brackelaire
Producer, Composer, Lyricist, Recording Engineer: Jonathan Cagne
Lyricist, Composer: Mélissa Fesch
Lyricist, Composer: Théo Pasquet
Lyricist, Composer: Léa Doffey
Composer, Lyricist: Sarah N'Dri
Lyricist, Composer: Ambre Berger
Composer, Lyricist: Jeanne Viard
Composer, Lyricist: Alice et Moi
Composer, Lyricist: Cenzo
Mixing Engineer: Romain Botti
Mastering Engineer: Bryan Pachaud

Auto-generated by YouTube.",Star Academy Le bal de la promo 2025 Des étoiles plein les yeux,10,2026-02-07T20:00:16Z,9492,1595,0,FR
O5GMgWWksV0,"Didine Canon 16 - Rosalinda ,  Ft Flashy OTR ",,,10,2026-02-07T17:15:08Z,234781,28289,1939,FR
3SoSpZTcxVo,VITAA - ÇA FAIT MAL (Clip Officiel),"VITAA - ÇA FAIT MAL (Clip Officiel)
Album #CHARLOTTE disponible : https://lnk.to/Charlotte_DIGITAL

----------------------------------------------------------------
Réseaux Vitaa :
https://www.facebook.com/VitaaOfficiel
https://instagram.com/Vitaa
https://twitter.com/Vitaa
https://www.tiktok.com/@vitaa 
Snapchat : VitaaOfficiel
WhatsApp & Discord : https://bfan.link/charlotte

----------------------------------------------------------------
Abonne-toi à la chaîne : http://bit.ly/2aDglYs
----------------------------------------------------------------
Crédits:
Réalisateur : Azzedine Brahimi 

Chef opérateur : Bertrand Marin 

SFX :
Superviseur SFX : Marius Kamieniecki
Assistant SFX : Tom Fize, Valentin Prudhomme

Monteur : Fabien Vourlat 
VFX : Paul Marchal 
Étalonneur : Sully Robert

HMC : Soraya Meziane, Carina Chatel, Jérôme Capriati

----------------------------------------------------------------


#Vitaa #charlotte #ÇAFAITMAL",vitaa,10,2026-02-06T17:59:07Z,61229,4822,304,FR
7QA5hJwdbR0,GIMS - MONICA (Official Lyrics Video),"GIMS - MONICA (Official Lyrics Video)
MONICA disponible en streaming : https://gims.bfan.link/monica
Abonne-toi à la chaîne : https://www.youtube.com/channel/UCCB1Byx5yTbLpQaV-rlfmtA

TikTok : https://www.tiktok.com/@gims_off
Instagram :https://www.instagram.com/gims/
Facebook : https://www.facebook.com/gims
Twitter : https://twitter.com/GIMS/
Snapchat : Warano75

Paroles:
Sois pas choquée 
Je m’avance vers toi, j’vais toucher ton épaule
Me dis pas non
Juste quelques mots doux puis j’oublie tes défauts le temps d’un écho

Emmène moi vers l’infini Monica
J’te parle pas d’Koh Samui Monica
Chaque absence dure une décennie Monica
Je t’aime comme pas permis Monica
Monica, Monica

Ne complique pas les choses, trop d’problèmes d’égo
Problème de dispo, trop distante
Entre deux trois disputes, ton odeur sur l’tissu
Ma passion se consume
Oh no
Ma passion se consume
J’vois toujours pas d’issue
Dis moi oui ou non

J’ai trinqué à ta santé
J’ai posé, j’ai claqué
J’ai passé du temps

Emmène moi vers l’infini Monica
J’te parle pas de Koh Samui Monica
Chaque absence dure une décennie Monica
Je t’aime comme pas permis Monica
Monica, Monica

J’étais dans ma bulle
J’pensais à faire de la thune
J’regardais ton doigt quand tu me montrais la lune
J’étais dans ma bulle
J’pensais qu’à faire de la thune
J’regardais ton doigt quand tu me montrais la lune

Emmène moi vers l’infini Monica
J’te parle pas de Koh Samui Monica
Chaque absence dure une décennie Monica
Je t’aime comme pas permis Monica
Monica, Monica

#GIMS #MONICA",maitre gims LDVM gims LDVM maitre gims 2022 maitre gims 2023 gims 2022 gims 2023 maitre gims album gims album Maitre gims LDVM monica monica gims,10,2026-02-05T23:00:06Z,322266,17260,1985,FR
SJ264-94b1g,Rim'K - Katana ft. @SoolkingOff,"🎧 Écouter en streaming 👉  http://rimk.ffm.to/katana

Réalisation : Nadym Ben Bakar (Digital NAK)

℗2026 - La Bougie Productions
Music video by Rim'K & Soolking performing Katana ℗ & © 2025 MB

******

Retrouvez Rim’K sur :
https://youtube.com/channel/UCxdVRT5-dLcp4junZpcdLQg
https://instagram.com/rimkofficiel
https://www.tiktok.com/@rimkmusic 
https://snapchat.com/add/rimkmusic
https://twitter.com/rimkofficiel
https://www.twitch.tv/RIMK
https://www.facebook.com/rimkofficiel

#lela #guerilla #tontondubled",Rim'K rimk rimkofficiel music rap francais 113 tonton bled lela soolking guerilla tout doux african jungle dubai ninja desert tonton du bled saif run rimk cellophané french rivieira soolking lyrics soulking Soolking Soolking 2026 musique urbaine rap français raï algérien clip officiel soolking soolking type beat paroles soolking affranchis music algérie musique DZ Soolking album Soolking remix,10,2026-02-06T10:59:39Z,715060,19959,693,FR
JVAfRV6s9sU,Landy - Isuké (Clip Officiel),"Landy - Isuké (Clip Officiel)

Single ""Isuké"" disponible sur les plateformes : https://landy.bfan.link/isuke
Abonne-toi à la chaîne de Landy : http://bit.ly/LandyYT

Landy :
Facebook : http://bit.ly/LandyFB
Instagram : http://bit.ly/LandyINSTA
Twitter : http://bit.ly/LandyTWI
Snapchat : landyasa93
Tiktok : https://tiktok.com/@landyofficiel 
Spotify : http://bit.ly/LandySPOTIFY
Deezer : http://bit.ly/LandyDEEZER
Apple Music : http://bit.ly/LandyAPPLE

#landy #isuke",,10,2026-02-06T17:00:07Z,101348,2763,130,FR
9KWkO-96FQk,Binguini Bakhaga - Nana Zerbo (Clip Officiel),"Abonne-toi à Binguini Bakhaga Officiel sur YouTube 👉 https://www.youtube.com/channel/UCbimeSblS-Z02BWigBmt7Yw?sub_confirmation=1
-----------------------------------------------------------------------------------
Mon tout nouveau clip est maintenant disponible. 
-----------------------------------------------------------------------------------
Auteur : Binguini Bakhaga
Réalisateur : Dopé DPM
Compositeur : Dofoh Music
Production : Royaume Keit / Ate Gri Gri
Distribution : Keyzit Distribution

#BinguiniBakhaga #AteGriGri #RoyaumeKeit",biguini biguini 2021 binguinibakhaga binguini bakhaga griotte binguini bakhaga 2021 binguini bakhaga nouveau binguini bakhaga nouveaute binguini bakhaga mali binguini bakhaga music binguini bakhaga musique binguini bakhaga album binguini bakhaga chanteuse binguini bakhaga malienne musique malienne musique malienne 2021,10,2026-02-06T12:00:10Z,271386,18861,5535,FR
E46S4HQBjpY,Favé - Tout Donner (Clip Officiel),"Favé - Tout donner (Clip Officiel)
Nouvel album ""Pleins Phares"" disponible : https://fave.bfan.link/pleinsphares

ACCOR ARENA PARIS le 5 avril 2026 : https://www.ticketmaster.fr/fr/manifestation/fave-billet/idmanif/620038/idtier/35610514

©️2026 Morning Glory Music / Believe 

Favé : 
Instagram : https://instagram.com/fave.db  
Twitter : https://twitter.com/favedb95  
TikTok : https://tiktok.com/@fave.db

#Favé #Toutdonner #PleinsPhares",favé favé clip favé flashback favé gazo favé il le fallait favé la mano favé mode avion favé money maker favé saturday favé timar favé timar tsunami favé urus flashback french hip-hop hip-hop il le fallait money maker pleins phares rap saturday tout donne,10,2026-02-06T17:00:07Z,114371,7240,289,FR
u5NF_wpboJk,Mikhail Bennett - I am waiting my son (Official Music Video),Music video by Mikhail Bennett performing I am waiting my son (Official Music Video).Mikhail Bennett,Mikhail Bennett Vivo Tunes Blues,10,2026-02-06T18:40:34Z,27046,868,11,FR
Xpg0DLTbfS4,Zkr - Chimaev (feat Morad) (Clip officiel),"Zkr - Chimaev (feat Morad) (Clip officiel)

Nouveau proejt 'La Méthode K' disponible ici : https://fanlink.tv/zkrlamethodek

Composé par PICVSSO & BIG PAPA313
Enregistré au studio Art Space Barcelona
Mixé et masterisé par TigerBeatz assisté par Arthur Bouton
Clip produit par Africaprod, tourné à Barcelone

https://youtu.be/Xpg0DLTbfS4",zkr morad faudra s'y faire chimaev barcelone roubaix la méthode k,10,2026-02-06T16:12:50Z,192741,8720,303,FR
txclLksH56M,DINOR - Only One (Clip officiel),"Dinor Rdt - Only One (Clip Officiel)

Nouveau single « Only One » maintenant disponible sur toutes les plateformes 

Beatmaker: @Randygotthejuice https://instagram.com/randygotthejuiice?igsh=MTBhaGtoN3o3d2MzMQ==
Réalisateur : CherifNocolor
Ingenieur du son : Tissey studio bluenight

Abonne-toi à la chaine :  @dinorofficiel

Rejoins moi sur les réseaux :
Instagram : @dinor_rdt   
Snapchat : LUNETTE2SKI :  / @lunette2ski   
TikTok : https://vm.tiktok.com/ZNHoAvk95aL5w-MGVfJ/",,10,2026-02-06T17:00:00Z,107718,7458,153,FR
cf8MROlm65s,Skima - Elle veut (Clip Officiel),"« Elle veut » est maintenant disponible sur toutes les plateformes : https://skima.lnk.to/ElleVeut

Abonne-toi à la chaîne : @Skimaofficiel 

----

Réal : Chérif NO COLOR FILMS / Romero
Montage : Screen Smoke
----

Concentrez vous !
Instagram : https://www.instagram.com/skimayg/
Tik Tok : https://www.tiktok.com/@skimayg
X : https://x.com/skimayg
Snapchat : skimayg 

----
#Skima #ElleVeut #92",rap skima rappeur a suivre booska p midi minuit elle veu elle veut rapfr,10,2026-02-06T17:00:45Z,20914,1406,50,FR
eINGijZsaOE,Gaspi - Aw Te Son (Clip Officiel),"Abonne-toi à mon compte YouTube pour découvrir tous mes nouveaux projets  : 
😊😊😊😊😊😊😊😊😊😊😊😊😊
Le clip ""Aw Te Son"" est désormais disponible.
🔥🔥🔥🔥🔥🔥🔥🔥🔥🔥🔥🔥🔥
Compositeur : Gasma O Control
Realisateur : Tiger Picture
😊😊😊😊😊😊😊😊😊😊😊😊😊
Booking : Elfuego  Wara
Label : Wara Gang
Distribution : Keyzit Group
👀👀👀👀👀👀👀👀👀👀👀👀
Follow Gaspi On 🔗

Facebook : https://www.facebook.com/waragaspiofficiel 
Instagram : https://www.instagram.com/wara_gaspi_officiel
Tiktok : https://www.tiktok.com/@gaspiwaragang

#Gaspi #WaraGang #AwTeSon",Gaspi Wara Gang El Fuego JPP Djiné Papou,10,2026-02-07T18:00:45Z,56116,8938,579,FR
aHJY7py8aYI,Lynda - Mode Avion (Visualizer Officiel),"Lynda ""Mode Avion"",  disponible sur toutes les plateformes ! 
https://bfan.link/lynda-mode-avion

S'abonner à la chaîne : https://www.youtube.com/channel/UCFYygGuBWl8AGEPtOgXbocw/?sub_confirmation=1

Suivez Lynda : 
Tiktok : https://www.tiktok.com/@lyndasherazade?_r=1&_t=ZN-91um5Bze4Eo
Instagram : https://www.instagram.com/lynda_officiel?igsh=MWY0ZWNlZTczcHhjaA==
Snapchat : https://snapchat.com/t/4nLhElBD
Spotify : https://open.spotify.com/intl-fr/artist/2GlEiSHYEKlq9cUYDa9oZb?si=nNLsV23zQZKmA3IrL1_w3A
Facebook : lyndaofficiel  
X : https://twitter.com/lynda_officiel

#Lynda #ModeAvion",,10,2026-02-05T23:00:01Z,59248,2317,134,FR
F-TFh3XJCb0,Le chasseur,"Provided to YouTube by Universal Music Group

Le chasseur · Michel Delpech

Le chanteur

℗ 2026 Fontana

Released on: 2026-02-06

Lyricist, Vocalist: Michel Delpech
Producer: Pascal Obispo
Lyricist: Jean-Michel Rivat
Composer: Michel Albert Louis Pelay

Auto-generated by YouTube.",Michel Delpech ミッシェル・デルペッシュ Le chanteur Le chasseur,10,2026-02-05T10:00:33Z,7089,81,3,FR
NWAV8eEHH00,"DJ Snake, Justin Bieber - Let Me Love You (Sub. Español + Lyrics)","DJ Snake, Justin Bieber - Let Me Love You (Sub. Español + Lyrics)
DJ Snake, Justin Bieber - Let Me Love You (Letra en Español + Lyrics)
DJ Snake, Justin Bieber - Let Me Love You (Traducida al Español + Lyrics)
DJ Snake, Justin Bieber - Let Me Love You (Subtitulada en Español + Lyrics)

👤 Artista | DJ Snake, Justin Bieber
💿 Canción | Let Me Love You
📅 Fecha de Lanzamiento | 27/06/2017
🔊 Géneros Musicales | Dance, Pop

✨ Acerca de la Canción:
“Let Me Love You” habla de no rendirse en el amor y de luchar por alguien incluso cuando todo parece incierto. Justin Bieber expresa la promesa de quedarse, apoyar y amar sin miedo, mientras la producción de DJ Snake le da una energía intensa y emocional que convierte la canción en un mensaje de fe y lealtad en una relación.

⭐ Encuéntrame en Redes:
➤ Instagram | https://www.instagram.com/jostland_/
➤ Facebook | https://www.facebook.com/josstland/
➤ TikTok | https://www.tiktok.com/@iamjostland
📬 Contacto Directo por Instagram: @jostland_

🎶 [Letra de ""Let Me Love You""]

[Verse 1: Justin Bieber]
I used to believe
We were burnin' on the edge of somethin' beautiful (Somethin' beautiful)
Somethin' beautiful (Somethin' beautiful)
Sellin' a dream
Smoke and mirrors keep us waitin' on a miracle (Oh)
On a miracle (Oh)

[Pre-Chorus: Justin Bieber]
Say, go through the darkest of days
Heaven's a heartbreak away
Never let you go, never let me down
Oh, it's been a hell of a ride
Driving the edge of a knife
Never let you go, never let me down

[Chorus: Justin Bieber]
Don't you give up, nah, nah, nah
I won't give up, nah, nah, nah
Let me love you
Let me love you
Don't you give up, nah, nah, nah
I won't give up, nah, nah, nah
Let me love you
Let me love you

[Verse 2: Justin Bieber]
Don't fall asleep (Ooh)
At the wheel, we've got a million miles ahead of us
Miles ahead of us
All that we need (Ah)
Is a rude awakening to know we're good enough
(Yeah) Know we're good enough

[Pre-Chorus: Justin Bieber]
Say, go through the darkest of days
Heaven's a heartbreak away
Never let you go, never let me down
Oh it's been a hell of a ride
Driving the edge of a knife
Never let you go, never let me down

[Chorus: Justin Bieber]
Don't you give up, nah, nah, nah
I won't give up, nah, nah, nah
Let me love you
Let me love you
Don't you give up, nah, nah, nah
I won't give up, nah, nah, nah
Let me love you
Let me love you

[Bridge: Justin Bieber]
Never let you go, never let you go-go
Never let you go, never let you go-go
Never let you go (Woah)
No, never let you go (Ooh)
Never let you go, never let you go-go
Never let you go, never let you go-go (Oh no, no, no, no)
Never let you go (Yeah)
No, never let you go (Yeah)

[Chorus: Justin Bieber]
Don't you give up, nah, nah, nah
I won't give up, nah, nah, nah
Let me love you
Let me love you
Don't you give up, nah, nah, nah
I won't give up, nah, nah, nah
Let me love you
Let me love you

#DJSnake #JustinBieber #LetMeLoveYou

[ Tags ]

dj snake justin bieber let me love you, dj snake justin bieber let me love you lyrics, dj snake justin bieber let me love you español, dj snake justin bieber let me love you sub español, dj snake justin bieber let me love you letra en español, dj snake justin bieber let me love you traducida al español, dj snake justin bieber let me love you subtitulada en español, dj snake justin bieber let me love you en español, dj snake justin bieber let me love you reaccion, dj snake justin bieber let me love you karaoke, letra, lyrics, español, sub, sub español, traducida, subtitulada, hd, hq, topic, jostland",let me love you justin bieber let me love you justin bieber español let me love you justin bieber lyrics let me love you justin bieber slowed let me love you justin bieber letra justin bieber let me love you justin bieber let me love you español justin bieber let me love you slowed justin bieber let me love you sub español justin bieber let me love you letra justin bieber let me love you lyrics letra lyrics sub español sub español video oficial hd hq topic jostland,10,2026-02-02T19:05:03Z,215073,465,5,FR
xvHTEzQHCnM,Silence radio,"Provided to YouTube by BMG Rights Management France SARL

Silence radio · Gauvain Sers

Silence radio

℗ 2026 BMG Rights Management (France) SARL

Released on: 2026-02-06

Guitar: Gauvain Sers
Producer, Percussion, Piano, Drums, Arrangement, Synths, Programming, Sound Engineer: Egil ""Ziggy"" Franzén
Producer, Bass, Guitar, Arrangement, Synths, Programming, Sound Engineer: Romain Descampe
Sound Engineer: Alex Gopher
Author, Composer: Gauvain Sers
Composer: Vincha
Arranger: Egil ""Ziggy"" Franzén
Arranger: Romain Descampe

Auto-generated by YouTube.",Gauvain Sers Silence radio,10,2026-02-05T10:03:39Z,7832,378,29,FR
FNLN5oMJ3so,BORO 700 - NDDB #7,"BORO 700 - NDDB #7

Disponible sur toutes les plateformes : https://open.spotify.com/album/0KJJxBj4GPFRXYSb2UJ398?si=jrLWyGOaQli0vjxtyV95cg

Suivez BORO 700 sur ces réseaux :

Instagram :   / https://www.instagram.com/borodelal/
Snapchat :   / https://www.snapchat.com/@boro.atc?invite_id=QA8GTT6D&locale=fr_FR&share_id=HbcZnDPxThmVGV16PiBV9w&sid=4381366d57d94e8eb062982be455ffff
Tiktok : https://www.tiktok.com/@borodelal
Twitter : https://x.com/callmeboro?s=21

Prod by : Tyrexotb, a.rk988

Réalisation :  @petit.chocobon 

PAROLES : NDDB #7

Partie 1.

Rends moi mes affaires 
C’est ma faute si ta sœur elle l’adhere 
En mode quoi ? T’es un chaud 
Vien par la ont n’en fera l’aché 
Je sais ou tu traîne donc faut pas te cacher 
J’écoute pas ma géné ils sont nul à chier

Y’a tout le périmètre Doumss à mon tek 
Ça mère m’a vu naître 
Ma mère l’a vu naître 
Je tréren une lame dans son ventre à 10 mètre 

Avec mes potes juste avant l’acte 
Je commets un pacte
Le premier est de pas balancer 
Le second est de restée sur ça lancée 
J’en n’ai vu assez
J’en suis lassée je fais que partir la C 

MDR ils sont mort j’ai même pas commencé 
En moi j’ai un Djinn 
Il faudrait une sourate 
Le tipeu appuie sur la sonnette 
3M Shit je sélecte 
Un opposant ont le delete

Son appart j’ai laissé a vide 
Jamais loupé c’est étoile de David 

Je me fais accoster par une Samira
Louis vi Fendi je sais que ça m’ira
En tout cas pour l’instant je revends l’écaille 
Gauche et ma droite y’a Munkar et Nakir 

La salaire du péché gamin c’est la mort
R à foutre j’en vends tout les jours 
Verset 5.6 ont connais les flammes
Avec une lame j’ai arraché une âme 

J’ai même pas leur âge 
Et leurs poches sont pas a la page 
Elle me dit je veux faire de la MMA 
Dans tout Paris j’envoie MDMA

Partie 2.

En effet oui !
Je distribue que des paroles Haram
Un enfant maudit je ne fais pas le carême 
Sais-tu qu’en enfer ma tête a une prime 
La matiti est revendu en Chine 

C’est la fin du monde rendez vos âme 
Ça n’en vaut pas la peine 

Munkar et Nakir 
Qui toque à ma porte 
***
Je sais que c’est enfer que je vais keheb 

La part était coupé en 3 
Des couilles et un 13 peut en faire courir 16 

Allée de l’enfer *** qui m’entend 
Séquestration - Effraction defois ça dépend 

Au tipeu j’ai pas ordonné 
J’ai un putain amateur dans le collimateur 
Le rap je le tiens pas à cœur 
Malfaiteur j’étais étant en cours 

La victime est la ont n’a cassé un tour 
Les porcs ont les vires 
J’ai tapé des kerh ( Maison )
Aucun corps à corps le 12 c’est l’enfer 
STH a pire j’suis pas la bourre
W’Alla* c’est les jeunes 
En moi j’ai un djinn
C’est pas ce qui me gêne 
C’est pas ce qui me freine 
Mais bon sans rancune 
Je verrai avec **
Gamin la ruelle c’est pas un jeux 
C’est les portes de l’enfer qui m’attendent 

J’distribue la Weed la white ont n’est quittent 
Le tipe op distribue les quêtes 
T’inquiète pas c’pas mes paroles qui m’inquiète 
Même le #5 a choqué le *

T’façon ont ce verra tôt ou tard 
Je bois le feu et pas de l’eau 
J’suis un démon et pas un ange !

#boro700 #rapfrancais #paris",,10,2026-02-06T17:00:32Z,17932,1360,352,FR
T279VMaSW2k,G.G.A - Triple S (Official Video),"G.G.A - Triple S (Official Video)

Track N:2 from the album GHRAM TRIPLE S

Written & performed by G.G.A",Gga GGA REDSTAR RAP TUNSI RAP 2026,10,2026-02-07T12:59:29Z,76520,6874,557,FR
JKvdvxHqxhU,DJ Erise - Goumen feat @meryl270 (Clip officiel),"""Goumen"" (feat. Meryl) maintenant disponible : https://DJErise.lnk.to/Goumen 
Abonne-toi à la chaîne http://bit.ly/DJEriseYTB

Production
Noire Vision

Réalisation
Nono

Produit par
Black Anouar

Producteur exécutif / Line Producer
Nour Moussa

Directeur de production
Florian Henock

Directeur de la photographie (DOP)
Lenny Carter

1er assistant réalisateur
Boris Stakhanov

Chef électricien (Gaffer)
Simon Prentout

Électriciens
Tom Creuzet
André Nyaga
Hadassa Koffi

1er assistant caméra
Martin Lutrot

2e assistant caméra
Achille Delcourt

Retrouve DJ Erise sur ses réseaux :
Instagram : http://bit.ly/DJEriseInsta
TikTok : https://www.tiktok.com/@djerise
Facebook : http://bit.ly/DJEriseFB
Snapchat : http://bit.ly/DJEriseSnap

Retrouve Meryl sur ses réseaux :
Instagram : https://www.instagram.com/meryl270/?hl=fr 
TikTok : https://www.tiktok.com/@meryl270 
X : https://x.com/Meryl270?lang=fr
Facebook : https://www.facebook.com/Meryl972/?locale=fr_FR 

#Goumen #Rizer #Meryl",dj e-rise djerise erise rizer erize meryl shatta shatta confession tiktok tiktok hits n'ken kalash TKS2G maureen kenzy kenzy rizer umbrella naza keblack gims l2B R2 bouyon theodora viral trend viral song,10,2026-02-06T17:00:45Z,18121,816,36,FR
5gikEaJP7rE,Na Za Désolé,"Provided to YouTube by Atlantic France

Na Za Désolé · Black Cat

Na Za Désolé

℗ 2026 MPR Records

Vocals: Black Cat
Recorded By: Kiizbla
Composer: BLN
Composer: Bankai
Lyricist: Black Cat
Composer: Skiller

Auto-generated by YouTube.",Black Cat Na Za Désolé,10,2026-02-03T18:25:38Z,20888,1028,0,FR
rRGnoQ-d25M,Pop corn,"Provided to YouTube by DistroKid

Pop corn · Rohff · Rohff

Pop corn

℗ Legend Alive

Released on: 2026-02-06

Auto-generated by YouTube.",Rohff Pop corn,10,2026-02-05T10:02:06Z,43565,1767,0,FR
00WUPNadxpg,Pour l'éternité,"Provided to YouTube by Jo&Co

Pour l'éternité · Linh

Pour l'éternité

℗ Jo&Co / Black Star Music

Released on: 2026-02-06

Producer: Linh
Producer: Jonathan Thyssens
Producer: John Claes
Mixing Engineer: Yan Memmi
Musician: John Claes
Composer: Linh
Composer: Jonathan Thyssens
Composer: John Claes
Lyricist: Linh
Lyricist: Jonathan Thyssens

Auto-generated by YouTube.",Linh Pour l'éternité,10,2026-02-05T10:02:39Z,11824,551,18,FR
a38L8Lxv_G8,Emma'a - Maman,"EMMA'A - MAMAN (CLIP OFFICIEL)

Écoute le titre ici : https://emmaoff.lnk.to/Maman 
Pré-commande mon 1er album ""CYCLE"" : https://emmaoff.lnk.to/Cycle

EMMA'A en concert à la Machine du Moulin Rouge le 18/04/2026 : https://linktr.ee/EmmaA2026


Directed By : Kevin KLIDJO 
Cadreur : Hyacinthe D’Almeida
Chef opérateur : JB 
Studio : Alaro Adek 
Chargé du Casting : Valdye Gbaguidi
Photographe : Juliao 
Accessoiriste : Belovejoadine

Abonne-toi à la chaîne : https://Emmaa.lnk.to/Sabonner

Retrouve Emma’a sur les réseaux:

Instagram : Emmaaofficielle
Facebook : Emma’a
TikTok : emmanuelaissembe


Music video by Emma’a performing Maman©℗ 2026 (P) 2026 Elengi Music, under exclusive Licence to Sony Music Entertainment Africa FR

#Emmaa #Maman #ClipOfficiel",Emma'a Maman,10,2026-02-06T17:00:06Z,213240,9387,521,FR
EGAOnZikLQA,Phuket,"Provided to YouTube by Universal Music Group

Phuket · Josas

Phuket

℗ 2026 Hyper Focal Publishing, Because Editions, Kental Music

Released on: 2026-02-06

Vocalist: Josas
Producer, Composer: Tizma
Composer Lyricist, Producer: Diego-José Murcia
Mixing Engineer, Recording Engineer, Mastering Engineer: Franguy
Recording Engineer: Dalil

Auto-generated by YouTube.",Josas Phuket,10,2026-02-05T23:03:59Z,36920,1198,45,FR
axefdKQL6No,Djadja & Dinaz - Brique par brique [Lyrics Video],"Djadja & Dinaz - Brique par brique [Lyrics Video]
Nouveau single disponible : https://djadjadinaz.bfan.link/briqueparbrique
Tournée 2026 : https://decibelsprod.com/dates/artiste/djadja-dinaz/
Abonne-toi à la chaîne → http://bit.ly/DDYTB

Montage - 3D : Sorek
Graphisme : Dozamenart

Prod : Bankai
Mix - Master : MSBTZ

Paroles :
C’est le principal
J’avance mais j’laisse les principes al
Là j’viens de commencer l’récital
En boussole j’tournais dans toute la capitale 
Poto depuis mes débuts
J’suis trop resté devant 
J’ai toujours rappé pour l’kiff 
Avant ça comptait pas les ventes
J’aiguise ma lame sur la chauffe 
Maintenant tu parles au chef 
Si on parle de moi c’est mieux tu donnes ta langue aux chats
J’étais sur le côté pour mieux rentrer comme un gaucher
J’notais les phases de keh qu’ils ont tentés pour m’approcher
J’men doutais
Le bonheur allait raccrocher 
J’écoutais des rappels j’en avais besoin avant d’me coucher
J’travail sur moi ça prend tu temps 
Desfois j’avais mal j’le disais pas
Maintenant les petits ils font les grands
Maintenant les hommes ils font les femmes 
On a contourné les failles
Le pire il était proche j’avais du mal à l’admettre
Ils font les méchants c’est des vices
La baffe ils l’ont déjà prise mais là j’ai envie d’la remettre

Trop tôt déscolarisé 
On m’a dit c’est pas bon 
Trafic en bande organisée
Que j’fréquente les bas fonds 
La street m’a donné du taff 
J’encaisse c’est pas grave 
J’sais qu’les souvenirs ils sont gravés 
J’sais pas pourquoi j’men veux 

Elle m’dit tient moi la main
J’sais pas comment aimer
J’me suis fait dans la rue 
J’ai tourné tard la nuit
Quand j’étais dans l’dur 
J’t’ai pas dis attend moi
J’les ai senti les coups
J’ai la dalle comme un caïman 
Semblant, j’sais pas l’faire 
Ils veulent te faire 
T’inquiètes pas j’serais là frère 
J’me retourne le temps passe
Plus d’temps à perdre 
Brique par brique on l’a bossé l’affaire
Un milliard de questions j’me demande
Qui prendra l’dessus
Mes anges, mes démons 
Chercher à qui la faute, moi j’fais plus long
Ils verront bien qu’j’ai fait quand j’serais plus là
Il parle mal devant moi c’est pas l’même
J’dis pas tout, j’ai ce qui faut pour t’calmer
On peut pas tout réparer 
J’vais tout prendre j’suis cramé 

Trop tôt déscolarisé 
On m’a dit c’est pas bon 
Trafic en bande organisée
Que j’fréquente les bas fonds 
La street m’a donné du taff 
J’encaisse c’est pas grave 
J’sais qu’les souvenirs ils sont gravés 
J’sais pas pourquoi j’men veux 

Trop tôt déscolarisé 
On m’a dit c’est pas bon 
Trafic en bande organisée
Que j’fréquente les bas fonds 
La street m’a donné du taff 
J’encaisse c’est pas grave 
J’sais qu’les souvenirs ils sont gravés 
J’sais pas pourquoi j’men veux

Rejoins la Team DD 🐺
Tous nos réseaux & plateformes : https://djadjadinaz.bfan.link/lateamdd.yde
Newsletter mail & SMS : https://bit.ly/DD-newsletter
Notre boutique officielle : https://store.djadjadinaz.com/fr-fr/

#DjadjaDinaz #BriqueParBrique",Djadja dinaz Djadja & dinaz Djadja Dinaz Telegram Rap Hip hop Cloud rap Brique par brique Descolarisé,10,2026-02-05T23:00:07Z,200456,2628,171,FR
GOZDjtvE_wY,Jonathan C. Gambela - Témoignage (clip officiel),"Voici pour vous le clip du chant ""Témoignage"", extrait de l'album ""Point de non-retour"". Un hymne à la reconnaissance en l'honneur de ce Dieu qui nous expose quotidiennement à sa bonté! 

Auteur : Jonathan C. Gambela 
Compositeurs : Jonathan C. Gambela / Jonathan MATIABA
Guitare Basse : Jean-Bruno KABEYA
Claviers : Jonathan MATIABA
Batterie : Gédéon Lutonadio
Percussions : Blanchi Mbondo Olinga
Choeurs : Yolaine Batumba, Naomi Kabasele, Jonathan C. Gambela
Guitares : Meres Lufua
Cuivres : Yanis Beugré
Ingénieurie mixage : Emma PLUS
Ingénieurie Mastering : Sodasound
Réalisation : Zazapub


Album ""Point de non-retour"" disponible depuis le 06 février 2026 sur toutes les plateformes de téléchargement 

Suivez le prophète Jonathan C. Gambela
Facebook : https://m.facebook.com/Jonathangambela/
Instagram : https://www.instagram.com/jonathangambela/
TikTok : https://www.tiktok.com/@jonathangambela

Contact : booking@lambanogroupe.com
Label : Power Empire production

#jonathangambela #temoignage #Pointdenonretour #PDNR #gospel",jonathan gambela sabaoth sabaoth jonathan gambela sabaoth sabaoth defends ma cause sabaoth defend ma cause gambela jonathan sabaoth,10,2026-02-06T18:00:11Z,55003,5354,561,FR
V2XL9StQMnQ,Ti Bébé,"Provided to YouTube by Convergence Music

Ti Bébé · Vacra

Ti Bébé

℗ Convergence Music

Released on: 2026-02-06

Mastering Engineer: Jack Palmer 
Mixing Engineer: Matshimoto
Sound Engineer: Mhidi Namous
Composer: Narco Verra Beatz
Lyricist: Vacra

Auto-generated by YouTube.",Vacra Ti Bébé,10,2026-02-05T23:00:42Z,26847,1362,26,FR
wiY9GB6rsSo,Placard,"Provided to YouTube by TuneCore

Placard · Moha la squale

L’Appache

℗ 2026 BENDEROMUSIC

Released on: 2026-02-06

Vocals: Moha la squale
Producer: Moha la squale
Composer Lyricist: Mohamed Bellahmed
Songwriter: Mohamed Bellahmed
Composer: Mohamed Bellahmed

Auto-generated by YouTube.",Moha la squale L’Appache Placard,10,2026-02-05T10:02:33Z,25791,1632,0,FR
oWDXcb6gM6o,Soeur de coeur,"Provided to YouTube by DistroKid

Soeur de coeur · Inconnuedesvosges

Soeur de coeur

℗ 10765326 Records DK

Released on: 2026-01-31

Auto-generated by YouTube.",Inconnuedesvosges Soeur de coeur,10,2026-02-01T03:33:05Z,10550,216,2,FR
vtoKHVwUEvA,DEMENTOS – ALLÔ ALLÔ (Music Vidéo),"Streamez  le single sur (Spotify,AppleMusic,…)
🫴 https://li.sten.to/AlloAlloByDementos
⸻
Music vidéo by DEMENTOS performing ALLÔ ALLÔ.
⸻
PRODUCTION
 • ​⁠Label: Evouna Production Inc.
 • Executive producer : Fredy Evouna
 • Video producer: Elam Gallery
⸻
MUSIC CRÉDITS
 • Compositeur: ​⁠Very Nice
 • Mix & Master: ​⁠Maxirym 
 • Recording studio: Labo241
⸻
VIDÉO CRÉDITS 
 • Director: Daxede Mebale 
 • D&A: The Mouss
 • Set photographer: Paul Le Photographe
 • Logistics: Maison Motra & Sosty Mabicka
 • Artist clothes: ￼Drip Store (Asap De La Cascade) 
———
BOOKING & INFOS | DEMENTOS 
 • https://paa.ge/dementos/fr
⸻
© Copyright 2026 Evouna Production Inc.
    ⸻ All rights reserved.",DEMENTOS ALLÔ ALLÔ DEMENTOS À QUEL NIVEAU DEMENTOS FEAT HIMRA HIMRA FEAT DEMENTOS DEMENTOS ASKEL GESTE DEMENTOS FEAT NDONG MBOULA DEMENTOS MOKOLO HIMRA VS DIDI B DEMENTOS ARRÊTE DE WAKA COMME UN NDOSS DEMENTOS DOUCEMENT DEMENTOS NOUVEAU SON DEMENTOS FEAT HIMRA X L’OISEAU RARE,10,2026-02-07T18:00:11Z,59519,9048,1189,FR
pCttreB-VWg,SenSey’ - Et c’est OK (Lyrics Vidéo),"SenSey' - Et c'est OK (Lyrics Vidéo)
Single disponible ici : https://bfan.link/et-c-est-ok

S'abonner à la chaîne : https://www.youtube.com/channel/UCwO0ODGHQcfLhLz1uBLW4vw

Retrouvez SenSey’ sur : 
Snap : senseyofficiel 
Insta : senseyofficiel_
Twitter : _sensey6

Graphiste : @reduxalmrc4683

#SenSey #Etcestok #Lyrics",,10,2026-02-05T23:01:00Z,29815,1840,99,FR
UGmxyFnaJo4,Meu Amor (feat. TATIANA),"Provided to YouTube by DistroKid

Meu Amor (feat. TATIANA) · NESTA*NC · TATIANA · NESTA*NC x TATIANA · NESTA*NC

Meu Amor (feat. TATIANA)

℗ 8710523 Records DK

Released on: 2026-02-03

Auto-generated by YouTube.",NESTA*NC TATIANA NESTA*NC x TATIANA Meu Amor (feat. TATIANA),10,2026-02-02T10:03:35Z,18317,512,8,FR
_RoWY_rEE7c,Cesar Sanches - Nha Desejo (Official Music Video),"Cesar Sanches – Nha Desejo é uma música Kizomba romântica inspirada na beleza, paixão e profundidade emocional da cultura musical cabo-verdiana.

Com melodias suaves e letras cheias de sentimento, Nha Desejo expressa desejo, amor e intimidade através de um som kizomba autêntico. Esta canção reflete conexão, emoção e o ritmo intemporal que define a Kizomba de Cabo Verde.

⸻

🎙️ Créditos:

🎼 Música & Letra: Cesar Sanches
🥁 Beat: YPB
🎬 Vídeo: Elvis Kamdjulado
💃 Modelo: Maddy
💄 Maquilhagem: Nair
👗 Guarda-roupa: CLk Closet

🎧 Produção & Apoio:
• CLk Pro Music
• Dany Santiago (DS) Eventos
• CLk Closet

⸻

🔔 Não te esqueças de:
Gostar 👍 | Comentar 💬 | Partilhar 🔁 | Subscrever 🔔",Cesar Sanches Nha Desejo Cesar Sanches Nha Desejo Nha Desejo kizomba Cesar Sanches kizomba kizomba kizomba love romantic kizomba kizomba 2026 new kizomba music kizomba music video kizomba cabo verde cabo verde music cabo verde kizomba cv music african kizomba lusophone music african love song kizomba vibes kizomba dance kizomba official video kizomba africa kizomba couple sensual kizomba love song kizomba african romantic music,10,2026-02-07T11:00:06Z,14732,458,47,FR
dF9RHIVlAJI,"Sia, Sean Paul - Cheap Thrills (Sub. Español + Lyrics)",,,10,2026-02-02T23:00:55Z,225430,547,4,FR
RNmd6j490fQ,Stand by Me,"Provided to YouTube by Warner Music Group - X5 Music Group

Stand by Me · Ben E. King

Shower Sing-a-Long

℗ 2026 Warner Music Group - X5 Music Group

Released on: 2026-01-31

Guitar: Al Caiola
Vocals: Ben E. King
Guitar: Charles McCracken
Piano: Ernie Hayes
Drums: Gary Chester
Producer: Jerry Lieber
Bass: Lloyd Trotman
Producer: Mike Stoller
Percussion: Phil Kraus
Band Member: Romeo penque
Composer Lyricist, Writer: Ben E. King
Composer Lyricist, Writer: Jerry Leiber
Composer Lyricist, Writer: Mike Stoller

Auto-generated by YouTube.",Ben E. King Shower Sing-a-Long Stand by Me,10,2026-01-30T10:00:51Z,168435,1363,9,FR
Wsb4BW0HGos,TCHAIKABO - Daishi-Drill (Clip Officiel),"Realisation: Chris-Kaira

DA : Tchaikabo
Production: Popy Multi-Service

  / popsmokesonivoire  
instagram.com/pop_smok_son_ivoire
tiktok.com/@popsmok.sonivoire0ficiel",,10,2026-02-06T18:00:06Z,99622,5269,2022,FR
cVGHIgnMbD0,Gnawi - Machi Logic Prod. CEE-G [ Officiel Music Video ],"¤ Prod , Mixed By : CEE-G
¤ Filmed By : XLABO
¤ Edited By : ANASSHYPER
¤ manager : Mohamed Ferrichou
¤ Digital Distribution:​⁠ ​⁠​⁠@WataryProduction 

__________________________________________
 Written and Prerformed By : ​Gnawi

¤ Contact with Gnawi :
 https://www.facebook.com/Gnawiofficial/
https://www.instagram.com/gnawiofficial/
https://www.tiktok.com/@gnawioficial
------------------------------------------------------------------
¤ Booking & Managing : Contactgnawi@gmail.com
https://www.instagram.com/ferrichoumohamed
------------------------------------------------------------


TAEM : ​⁠ @gnawifamily 


Gnawi©️ 2026",,10,2026-02-07T18:00:21Z,128622,18925,1778,FR
HJfeMUoYSq4,7.62 Trou Noir (feat. Saïf),"Provided to YouTube by DistroKid

7.62 Trou Noir (feat. Saïf) · 7.62 · Saïf · 7.62 · Street Reality Production

7.62 Trou Noir (feat. Saïf)

℗ Street Reality Production

Released on: 2026-02-07

Auto-generated by YouTube.",7.62 Saïf Street Reality Production 7.62 Trou Noir (feat. Saïf),10,2026-02-06T10:03:16Z,10578,669,53,FR
1fWlPq411Uc,Just a Boy,"Provided to YouTube by Kontor New Media GmbH

Just a Boy · DrINsaNE

Just a Boy

℗ DrINsaNE under exclusive license to Jahin Music Distribution / Jahin Music LLC

Released on: 2025-11-28

Artist: DrINsaNE
Vocals: Aiden Le An
Composer, Lyricist: MNAH ALI SALIM AL YAFII
Music Publisher: Jahin Music Distribution Publishing

Auto-generated by YouTube.",DrINsaNE Just a Boy,10,2026-01-31T16:54:03Z,852362,21151,45,FR
lAtlysSAGV8,Lacrim - Amori Stupidi (Official Lyric Video),"Ascolta ora “CIPRIANI” 
il nuovo album di Lacrim con Lazza, Luché, Guè, Baby Gang, Simba La Rue, Emma, Noyz Narcos, Niky Savage, Nerissima Serpe e Papa V 
https://epic.lnk.to/CIPRIANI",Cipriani Lazza Luché Guè Baby Gang Simba La Rue Emma Noyz Narcos Niky Savage Nerissima Serpe Papa Sanremo 2026 Kid Yugi Geolier Amori Stupidi Lacrim,10,2026-02-06T00:01:01Z,50767,2099,92,FR
78L4Wfn62X8,KS Bloom - Dis pas un mot (Clip officiel),"Découvrez  le premier titre de mon prochain album ""Youyou Oplus"",
 ""Dis pas un mot"" actuellement  disponible sur toute les plateforme de téléchargement légal.

Réaliser par :  Cedrick Cayla

Instagram :
https://www.instagram.com/ks_bloom_music/?hl=fr",JESUS amour partage pardon gospel rap chretien rap chretien musique nouveau son dernier son clip dance love onction buzz nouveauté,10,2026-02-05T16:31:33Z,438020,38520,3166,FR
v8wHpd-kO2s,Nono la Grinta-Ciel Etoilé,"Provided to YouTube by TuneCore

Nono la Grinta-Ciel Etoilé · ChenReds

Nono la Grinta-Ciel Etoilé

℗ 2026 ChenReds

Released on: 2025-11-11

Mixed Artist: Chen Reds
Graphic Design: ChenReds
Composer Lyricist: Redsnp Psa
Songwriter: Redsnp Psa
Composer: Redsnp Psa

Auto-generated by YouTube.",ChenReds Nono la Grinta-Ciel Etoilé,10,2026-02-03T14:08:54Z,10391,317,0,FR
kH7OpR5NV7I,HICHEM TGV 2026 | RANI LOADING | Ft Hani Miringé { OFFICIEL - MUSIC - VIDEO },,,10,2026-02-05T17:00:07Z,526227,18954,1280,FR
GG5_ga4l1M4,Balthazard Dy - Gagnô beppu - (official  video),"GAGNÔ BEPPU
© EPILOG / Afrikaine connexion
Réalisation : Blackshoot
Cadreur/Monteur : Blackshoot  X Ulrich's Pixel
Auteur : Balthazar DIALLO
Mix/Master : ISBD
Prod by :  ⁨@producedbysrbeats⁩  
Figurant 1: kakimbow
Figurant 2: Nfafing
Figurant 3: Rachid Sarr
Figurant 4: Booba
Accessoire : Kakimbow boutique
Mes réseaux
Instagram : / balthazard_dy
Facebook: https://www.facebook.c....
Spotify: https://open.spotify.c....",,10,2026-02-07T17:00:06Z,12203,1363,164,FR
9IzPFffXZGU,Jarod - START 2026,"L'année peut commencer !

START 2026 : https://push.fm/fl/lchyx0zj

Booking : groupejarod@gmail.com 

Réalisation : La cause
Montage : Loic Nfm
Images : Zig
Composition : Freaky Joe
Mix : BIG A$H",fashion week rap fr rap hip hop gims Mode doumbe rohff booba,10,2026-02-05T17:28:08Z,38775,1961,270,FR
QfQKhyIUk-s,SRT FULL NWAR,"Provided to YouTube by DistroKid

SRT FULL NWAR · MINUISKI · Rayan Matoug · Rayan Matoug

SRT FULL NWAR

℗ 11283220 Records DK

Released on: 2026-02-01

Auto-generated by YouTube.",MINUISKI Rayan Matoug SRT FULL NWAR,10,2026-02-01T10:37:30Z,10660,434,0,FR
9pAc2wUJWDI,MONTAGEM MIAU,"Provided to YouTube by DistroKid

MONTAGEM MIAU · gedam nesh

MONTAGEM MIAU

℗ 10922929 Records DK

Released on: 2026-02-03

Auto-generated by YouTube.",gedam nesh MONTAGEM MIAU,10,2026-02-04T08:48:18Z,994587,11747,0,FR
T_qBgY7EqOA,Khesari Lal Yadav New Song 2026 | Choli Bheej Jata | Shilpi Raj | Ft. Priya Raghuwanshi | Holi Video,"Presenting Trending Star Khesari Lal Yadav , Shilpi Raj ka new Bhojpuri Holi Song Choli Bheej Jata ( चोली भीज जाता) Ft. Priya Raghuwanshi. Khesari Lal Yadav aur Priya Raghuwanshi ki bhojpuri jodi Choli Bheej Jata ( चोली भीज जाता ) song aap sabhi ke dil pe raj karega aur 4 ke holi me dhamal machayega.

►Song - Choli Bhij Jata
 ►Singer - Khesari Lal Yadav, Shilpi Raj 
►Featuring - Priya raghuwanshi 
►Lyrics - Abhishek Bhojpuriya 
►Music Director - Aarya Sharma 
►Director - Pawan Pal 
►Video by - Wailens Production 
►Editor - Angad Pal 
►D.I - Rohit Singh 
►Choreographer - Kuldeep Vishakha 
►DOP - Dileep chaurasiya 
►Makeup - Amit Singh Team 
►Hair - Ranjan Kumar 
►Dance Group - Ps Dance Group 
►Light - Ganpati Light

🌈 Holi आ Khesari… मतलब रंग आ धमाका!  NEW BHOJPURI HOLI SONG
Agar aap Bhojpuri Holi song, latest Holi geet, Khesari Lal Yadav new song, Holi special Bhojpuri gana, ya Bhojpuri Holi aap ke liye aa gaya hai.

📌Bhojpuri Top Video Song Ek Click Mein
 Cooler Kurti Mein Laga La - https://www.youtube.com/watch?v=kfdplJ49_f0
Laundiyabaaz - लौंडियांबाज़ - https://www.youtube.com/watch?v=i6qcBFc5Z5c 
 Lasho Na Chinaahi - लाशो न चिनाही  - https://www.youtube.com/watch?v=nLVHG6B10ao
Chhalakata Hamro Jawaniya  - https://www.youtube.com/watch?v=nhr8DEmgmcA
Dole Da Kamariya : https://www.youtube.com/watch?v=sEdzSmULtjk
Cooler Kurti Me Laga La : https://www.youtube.com/watch?v=kfdplJ49_f0
Kamar Hila Ke कमर हिला के  : https://www.youtube.com/watch?v=lVMv1Hn4OGQ
Fulgobhi फुलगोबी :https://www.youtube.com/watch?v=wtk2ek4_Lno
Dhakkan hatake Makkhan : https://www.youtube.com/watch?v=WMEM42oULn4

📌Bhojpuri Arvind Akela Kallu Ke Top Video Song Ek Click Mein
Kamar Hila Ke कमर हिला के  : https://www.youtube.com/watch?v=lVMv1Hn4OGQ
Dole Da Kamariya : https://www.youtube.com/watch?v=sEdzSmULtjk
Fulgobhi फुलगोबी : https://youtu.be/wtk2ek4_Lno
Bandookk  बन्दूक : https://www.youtube.com/watch?v=2UyLLmSkAD0
Bandookk Dhai Dhai - बन्दूक धांय धांय : https://www.youtube.com/watch?v=Qh3TPyuXRa4
Lahsun Mircha ke chatani   लहसून मिर्चा के चटनी : https://www.youtube.com/watch?v=lC0Gg1yPd_Q

📌Bhojpuri Hit Playlist
https://www.youtube.com/watch?v=sEdzSmULtjk&list=RDsEdzSmULtjk&start_radio=1
https://www.youtube.com/playlist?list=PLUX-jTNuAtBMsQbz_TJ_PBmLggZZyNoEs 
https://www.youtube.com/playlist?list=PLUX-jTNuAtBNRy7EWvNWTGW6tOl0oXBh7 
https://www.youtube.com/playlist?list=PLN5VUdkZIuH-RxiMUrfEXnBnwXe6AIujA
https://www.youtube.com/playlist?list=PLUX-jTNuAtBNRy7EWvNWTGW6tOl0oXBh7 
https://www.youtube.com/playlist?list=PLN5VUdkZIuH-RxiMUrfEXnBnwXe6AIujA

#khesari #shilpiraj #holi #khearilalyadav #holivideo2026 #bhojpuriholi",khesari lal yadav khesari lal new song khesari lal yadav holi song khesari lal yadav holi khesari lal yadav holi 2026 khesari lal yadav holi gana khesari lal yadav new holi song khesari lal yadav ka holi ka gana shilpi raj shilpi raj ke gana shilpi raj bhojpuri holi song shilpi raj holi 2026 khesari lal yadav shilpi raj holi khesari lal yadav shilpi raj songs choli bhij jata choli bhij jata shilpi raj choli bhij jata khesari lalyadav चोली भिज जाता khesari holi,10,2026-02-07T00:45:07Z,1237471,69232,6847,IN
-gZylSjWtPo,#Video | नाच नागिन जैसन | #Raushan Rohi & #Khushi Kakkar | Nach Nagin Jaisan | New #Maghi Song 2026,"►Create Your Reels :- 

►Album :- नाच नागिन जैसन 
►Song :- Nach Nagin Jaisan
►Singer :- Raushan Rohi & Khushi Kakkar
►Lyrics :- Ayush Raj Singh
►Music :- Vicky Vox
►Mixing :- Ankit Ahir
►Video Director :- Ashish Park
►Feat :- Radha & Jyoti
►Manager :- Bittu Singh
►Poster Design :- Dhiraj DKT
►Producer :- Raushan Rohi
►Company/Label - Raushan Rohi Entertainment
►Trade Inquiry No - 
___________________________________________________________
►Digital Head :- Vicky Yadav
►Digital  Partner :- Marsorbit Entertainment Pvt. Ltd.
___________________________________________________________
►Raushan Rohi Entertainment Pages 
►Facebook :- https://www.facebook.com/raushan.shiv... 
►Instagram :- https://www.instagram.com/singerraush...    
___________________________________________________________
►Company Brand :- Raushan Rohi Entertainment
►Subscribe Our Channel  :- 
►Thanks For Watching Our  Channel...
►Have A Nice Day ...
►Subscribe For More Updates ...",Raushan Rohi नाच नागिन जैसन raushan rohi raushan rohi new song raushan rohi new gana raushan rohi new maghi song raushan rohi naya gana raushan rohi song new raushan rohi ka gana nach nagin jaisan raushan rohi new maghi gana raushan rohi ke gana raushan rohi new video raushan rohi maghi gana khushi kakkar new song khushi kakkar maghi new song raushan rohi khushi kakkar new song raushan rohi entertainment khushi kakkar,10,2026-02-08T01:18:38Z,196005,21087,4038,IN
XB6va4bR0-s,"BORDER 2: Mitti Ke Bete (Full Video)| Sunny Deol | Varun D,Diljit,Ahan |Mithoon |Sonu Nigam |Manoj M","Presenting the Full Video Song ""Mitti Ke Bete"" from the India's Iconic Patriotic Film - BORDER 2.

Gulshan Kumar, T-Series & JP Films Present
A T-Series Films & JP Films Production

""BORDER 2"" running successfully in cinemas worldwide.

♪Full Song Available on♪ 
Amazon Prime Music: https://bit.ly/4sFdF0P
JioSaavn: https://bit.ly/3YIhPYe
Spotify: https://bit.ly/4pxlMtD
Apple Music: https://bit.ly/3LHeYMe
Gaana: https://bit.ly/4qUEyfL
YouTube Music: https://bit.ly/3LIUeUm

Song Credits: 
Song - Mitti Ke Bete
Song Composed & Arranged by Mithoon
Lyrics by Manoj Muntashir
Singer: Sonu Nigam
Creative Head: Anugrah
Music Production: Sameer Mhatre & Godswill Mergulhäo
Music Assistants: Anugrah, Godswill Mergulhäo, Eli Rodrigues & Kaushal Gohil.
Flute: Rakesh Chaurasia
World Strokes: Tapas Roy
Shehnai: Durgesh Bhosle
Banjo: Kishor Mohite
Indian Rhythm Ensemble: Naeem Sayyed, Satyajit Jamsandekar, Rahul Rupawate, Prabha Mosamkar, Keyur Barve & Omkar Salunkhe. 
Choir Section Co-ordinator: Shripad Lele
Choir Section: Shripad Lele, Umesh Joshi, Vivek Naik, Nitin Karandikar, Devendra Chitnis, Janardan Dhatrak, Mohan Morajkar, Mangesh Shirke, Anil Bhilare, Santosh Bote, Kishor Mohite, Pratap Kalke, Karan Kagale, Siddhant Karawde, Prasad Manjarekar, Kaustubh Patil, Latesh Pujari, Sagar Kudalkar, Nishad Joshi, Puran Shiva & Yashad Ghanekar
Song Recorded by Vijay Dayal at YRF Studios
Assistant: Sagar Sathe
Additional Recording by A Manivannan at Living Water Studios.
Song Mixed and Mastered by Eric Pillai at Future Sound of Bombay 
Assistant Mixing Engineer: Michael Edwin Pillai 
Mithoon’s Manager: Vijay Iyer 
Mithoon’s Staff: Sanjeev Utekar & Sagar Akhade.
Music Label - T-Series

Film Credits:
​Cast: Sunny Deol, Varun Dhawan, Diljit Dosanjh, Ahan Shetty, Mona Singh, Sonam Bajwa, Anya Singh, Medha Rana
Directed By: Anurag Singh
Produced By: Bhushan Kumar, Krishan Kumar
Produced By: JP Dutta, Nidhi Dutta
Co-Producer: Shiv Chanana
Co-Producer: Binnoy K Gandhi
President (T-Series): Neeraj Kalyan
Story: Nidhi Dutta
​Screenplay & Dialogues: Sumit Arora, Anurag Singh
DOP: Anshul Chobey
Production Design: Mayur Sharma
Supervising Producer: Siddhi Dutta
​Executive Producer: Ashwini Kumar
Editor: Manish More
Costume Designer: Sheetal Sharma
​Music: Anu Malik, Mithoon, Vishal Mishra, Sachet-Parampara, Gurmoh
​Lyrics: Javed Akhtar, Manoj Muntashir Shukla, Kumaar, Kausar Munir
​Background Music: John Stewart Eduri
​Sound Designer: Nihar Ranjan Samal
Mix & Master: Eric Pillai @ Future Sound of Bombay
​Finance Head: Rachna Bhagat
​Casting Director: Mukesh Chhabra CSA
​Action Director: Ravi Varma, Nick Powell, Parvez Shaikh, Allan Amin
​Director Of Choreography: Raju Khan, Ganesh Acharya
​Associate Director: Harshit Bhatia
​1st Assistant Director: Sarvesh Shingre
​Line Producer: Amit J. Chaudhary, Santosh Rai
​Post Producer: Ankush Dhawan
​Re-Recording Mixer: Debajit Changmai
​VFX: Redefine, Labyrinth
​VFX Supervisor: Vishal Anand, Soumen Das
​VFX Creative Head (Labyrinth): Siddhartha Jayakar
​DI: Prime Focus Ltd.
DI Colorist: Ashirwad Hadkar
​Music On: T-Series
​Project Head (T-Series): Meghha Chheda
​Music Head (T-Series): Shivam Chanana
​Music Marketing Head (T-Series): Vivin Sachdeva
​Film Marketing Lead (T-Series): Neel Mehta
​Film PR Lead (T-Series): Rahul Dubey
Film Digital Marketing Lead (T-Series): Shahrukh Khan
​Film Marketing & Promotions (T-Series): Mita Choudhary, Heett Savla
Music Team (T-Series): Raj Chanana, Sonal Chawla, Sonu Srivastava, Vivin Sachdeva
Music Marketing Team (T-Series): Sana Shaikh, Raisa Ghosh
Digital Team (T-Series): Varun Arora, Juhi Singh, Praveen Sharma
​Publicity Design: Parass Kanani (House Of Awe)
​Digital Marketing: White Rivers Media
​Visual Promotions: Just Right Studioz NX

#BORDER2 #MittiKeBete 

👉 Subscribe to T-Series:  https://www.youtube.com/tseries
👉 Like us on Facebook:  https://www.facebook.com/tseriesmusic
👉 Follow us on X:  https://x.com/tseries
👉 Follow us on Instagram:  https://www.instagram.com/tseries.official
👉 Follow us on Snapchat:  https://www.snapchat.com/@tseriesonsnap",bollywood songs 2026 tseries tseries songs mitti ke bete border 2 songs mitti ke bete full video song sunny deol mitti ke bete mitti ke bete border 2 sunny deol songs border 2 mitti ke bete full song mitti ke bete full video border 2 movie desh bhakti songs patriotic songs border 2 miti ke bete jo wapas na laute vah mitti ke bete border 2 song mitti ke bete video song border 2 movie song mitti ke bete full song new hindi song hindi songs new,10,2026-02-07T08:30:10Z,546954,11232,626,IN
uzGVMAlynpg,HOLI ITIHAAS HO JAAI - LATEST BHOJPURI HOLI SONG  2026 - ARVIND AKELA KALLU | FEAT - ASTHA SINGH,"Presenting latest bhojpuri holi song Holi Itihaas Ho Jaai sung by Arvind Akela Kallu , shivani singh

Song -  Holi Itihaas Ho Jaai

Singers - Arvind Akela Kallu, Shivani Singh

Lyrics- Ashutosh Tiwari

Music - Priyanshu Singh

Video - Paradise Production

Feat - Astha Singh, Arvind Akela Kallu

Project Manager T-series - Sonu Srivastava 

Choreographer - Vikram Rajput

Dop - Atul Bihari, Monu Verma

Editor - Sandeep Yadav

Di - Rohit Singh

Makeup - Sam , Sweta

Parikalpana- Arbind Mishra

Sahyog- Guddu Jee Pandey,hanuman Jee Pandey, Sujeet Media Aara


SUBSCRIBE T-Series channel Hamaar Bhojpuri for unlimited entertainment
http://www.youtube.com/hamaarbhojpuri
Facebook: https://www.facebook.com/tserieshamaarbhojpuri/
Instagram : https://www.instagram.com/tserieshamaarbhojpuri/",arvind akela kallu holi song arvind akela kallu new holi song arvind akela kallu holi video song arvind akela kallu holi arvind akela kallu holi gana arvind akela kallu holi 2026 arvind akela kallu 2026 holi arvind akela kallu song Holi Itihaas Ho Jaai Ashutosh Tiwari holi itihaasho jaai tseries holi songs tseries songs,10,2026-02-07T02:39:01Z,696224,39138,3347,IN
DvBC630Jzv4,Nas Nas Kyu Dukhe | पिया मेरी नस नस के हो दुखे | Anjali Raghav & Karan Chaudhary| Braj bhasha Song,"Nas Nas Kyu Dukhei | पिया मेरी नस नस के हो दुखे | Anjali Raghav & Karan Chaudhary| Braj bhasha Song



#nasnaskyudukhei
#nasnaskyudukhe
#nasnaskyudukhei
#पिया मेरी नस नस के हो दुखे
#brajbhasha
#piyamerinasnaskyundookhei
#nasnaskyudukhisong
#nasnaskyudikhedance
#nasnaskyudukhisongdj
#balammerinasnaskyudukhei
#newbrajbhashasong
#newbrajsong
#anjaliraghav
#anjaliraghavnewsong
#anjaliraghavnasnaskyudukhe



nas nas kyu dukhei, nas nas kyu dukhe, nas nas kyu dukhei, piya meri nas nas kyu dookhei, nas nas kyu dukhi song, balam meri nas nas kyu dukhei , nas nas kyu dukhi song dj, nas nas kyu dukhi song dance, nas nas kyu dikhe song dj remix, nas nas kyu dukhe, braj bhasha song, braj songs, anjali raghav new song, anjali raghav nas nas kyu dukhe, piya meri nas nas dukhe song, nas nas kyu dukhe remix, new braj bhasha song, new brajbhasha song 2026.



Song Credits:
🎵 Song Title: Nas Nas Kyu Dukhei (नस नस क्यों दूखै)
🎭 Starring: Anjali Raghav & Karan Chaudhary
🎤 Singers: Kabir Singhora & Sarita Yadav
📝 Lyrics: Kabir Singhora
🎼 Music: JPS Music
🎶 Composer: Himanshu Rajput
🎬 Director: Nicky Singh
 📽 DoP: Munish Sharma
💻 Edit & DI: Sunny Panchal
🖼️ Poster : Vivek Kumar (Climax Studio)
👔 Producer: Shiv Pratap Singh
🏢 Production Manager: Vishu Singhaniya
👥 Casting: Nicky Singh
💄 MakeUp: Vinay Gautam
🏡 Location: Fatehabad, HR
🎥 Production Banner: Braj Records
💃 Supporting Artists: Vandana's Group
🙏 Special Thanks: Vinu Yadav Brajwasi


video credit 

ritika queen 
sharad shivhare 
Shoot with editing -patel


LYRICS: 
Piya Meri Nas Nas Kyun Dookhei
Balam Meri Nas Nas Kyun Dookhei
Na Hilo Jaye.. Na Chigo
Aaj Meri Chhati Si Toote
Piya Meri Nas Nas Kyun Dookhei...

Gori Toye Nazar Lagi Deekhei
Haan Gori Nazar Lagi Deekhei
Ja Sabre Gaam Me Top Lugai Bas Tu Hi Deekhe
Gori Toye Nazar Lagi Deekhei...

Haan Ghar Te Nikru Saj Dhaj Ke
Moye Toke Log Lugai
Koi Radua Maare Siti
Dekh Koi Bolo Butterfly

Toye Laad Kare Je Ghar Kunve Ki
Sagri Chachi Tayi
Aur Naam Bata De Raduan Ko
Do Minute Me Karu Kutayi
Haan Tu Bhi Kare Na Laad Piya
Mope Daanti Si Meense

Gori Toye Nazar Lagi Deekhei...
Arey Bano Chaudhary Ghoome
Sab Din Mope Kaam Karave
Ho.. Phoonk Jaray Du Ghar Ghoore Ku
Aisi Mann Mein Aave

Arey Raakh Sabar Meri Dhanno
Kayko Tu Itni Ghabrave
Aur Lal Kilo Tere Naam Karay Du
Ek Ber Muskaye De
Moye Dekh Ke Devar Ek Aankh Te
Photo So Kheenche

Gori Toye Nazar Lagi Deekhei...
Piya Mero Jee So Cho Ghabrave
Rang Mero Neelo Padto Aawe
Baidh Bulaye De...
Jhaaro Jaldi Tu Moku Lagvaye De...

Mat Na Leve Tension Pyari
Tote Karu Laad Main Bhari..
Chhappar Phaar Kein...
Teri Nazar Utaaru Mantar Maar Kein..

Keywords :-
Braj Recods, ब्रज रिकार्ड्स, Braj Bhasha Song, Braj Songs, New Brajbhasha Songs, Anil Rawat Hit Songs, Anil Rawat Viral Songs, Anil Rawat Song List, Anil Kajal Hit Songs, Anjali Raghav Songs,
Brajwood Songs, Braj Cinema Songs, Braj Songs, DJ Songs , BrajBhasha Song, Braj Bhasha Songs, Brij Bhasha Songs, New Brajwood Song, New Braj Bhasha Song 2025

TAGS :-
Shahar Barelly, Sanjana Yaduvanshi New Song, Dharmender Hemamalini, Anjali Raghav New Song, Karan Chaudhary Song, Ansh Karan Films, BrajCinema Songs, Viral Jodi Song, Viral Jodi, Nas Nas Kyun Dookhe, Happy New Year Babu, Piya Meri Nas Nas Kyun Dukhe, Balam Meri Nas Nas Kyun Dukhe, Anjali Raghav New Song, Anjali Raghav Hit Song, Anjali Raghav Haryanvi Song, Anjali Songs, Kabir Singhora New Songs, Viral Jodi Hai Gayi Apni, Nazar Utaru Mantar Maar Ke, Piya Mero jee so Cho Ghabrave, Jaaro Jaldi Tu Moku Lagwaye De, Dj Song 2026,",,10,2026-02-06T09:45:01Z,246955,753,16,IN
7_xwrPbD2IA,Nas Nas Kyu Dukhei | पिया मेरी नस नस के हो दुखे | Anjali Raghav & Karan Chaudhary| Braj bhasha Song,"Nas Nas Kyu Dukhei | पिया मेरी नस नस के हो दुखे | Anjali Raghav & Karan Chaudhary| Braj bhasha Song



#nasnaskyudukhei
#nasnaskyudukhe
#nasnaskyudukhei
#पिया मेरी नस नस के हो दुखे
#brajbhasha
#piyamerinasnaskyundookhei
#nasnaskyudukhisong
#nasnaskyudikhedance
#nasnaskyudukhisongdj
#balammerinasnaskyudukhei
#newbrajbhashasong
#newbrajsong
#anjaliraghav
#anjaliraghavnewsong
#anjaliraghavnasnaskyudukhe



nas nas kyu dukhei, nas nas kyu dukhe, nas nas kyu dukhei, piya meri nas nas kyu dookhei, nas nas kyu dukhi song, balam meri nas nas kyu dukhei , nas nas kyu dukhi song dj, nas nas kyu dukhi song dance, nas nas kyu dikhe song dj remix, nas nas kyu dukhe, braj bhasha song, braj songs, anjali raghav new song, anjali raghav nas nas kyu dukhe, piya meri nas nas dukhe song, nas nas kyu dukhe remix, new braj bhasha song, new brajbhasha song 2026.



Song Credits:
🎵 Song Title: Nas Nas Kyu Dukhei (नस नस क्यों दूखै)
🎭 Starring: Anjali Raghav & Karan Chaudhary
🎤 Singers: Kabir Singhora & Sarita Yadav
📝 Lyrics: Kabir Singhora
🎼 Music: JPS Music
🎶 Composer: Himanshu Rajput
🎬 Director: Nicky Singh
 📽 DoP: Munish Sharma
💻 Edit & DI: Sunny Panchal
🖼️ Poster : Vivek Kumar (Climax Studio)
👔 Producer: Shiv Pratap Singh
🏢 Production Manager: Vishu Singhaniya
👥 Casting: Nicky Singh
💄 MakeUp: Vinay Gautam
🏡 Location: Fatehabad, HR
🎥 Production Banner: Braj Records
💃 Supporting Artists: Vandana's Group
🙏 Special Thanks: Vinu Yadav Brajwasi


video credit 

ritika queen 
sharad shivhare 
Shoot with editing -patel


LYRICS: 
Piya Meri Nas Nas Kyun Dookhei
Balam Meri Nas Nas Kyun Dookhei
Na Hilo Jaye.. Na Chigo
Aaj Meri Chhati Si Toote
Piya Meri Nas Nas Kyun Dookhei...

Gori Toye Nazar Lagi Deekhei
Haan Gori Nazar Lagi Deekhei
Ja Sabre Gaam Me Top Lugai Bas Tu Hi Deekhe
Gori Toye Nazar Lagi Deekhei...

Haan Ghar Te Nikru Saj Dhaj Ke
Moye Toke Log Lugai
Koi Radua Maare Siti
Dekh Koi Bolo Butterfly

Toye Laad Kare Je Ghar Kunve Ki
Sagri Chachi Tayi
Aur Naam Bata De Raduan Ko
Do Minute Me Karu Kutayi
Haan Tu Bhi Kare Na Laad Piya
Mope Daanti Si Meense

Gori Toye Nazar Lagi Deekhei...
Arey Bano Chaudhary Ghoome
Sab Din Mope Kaam Karave
Ho.. Phoonk Jaray Du Ghar Ghoore Ku
Aisi Mann Mein Aave

Arey Raakh Sabar Meri Dhanno
Kayko Tu Itni Ghabrave
Aur Lal Kilo Tere Naam Karay Du
Ek Ber Muskaye De
Moye Dekh Ke Devar Ek Aankh Te
Photo So Kheenche

Gori Toye Nazar Lagi Deekhei...
Piya Mero Jee So Cho Ghabrave
Rang Mero Neelo Padto Aawe
Baidh Bulaye De...
Jhaaro Jaldi Tu Moku Lagvaye De...

Mat Na Leve Tension Pyari
Tote Karu Laad Main Bhari..
Chhappar Phaar Kein...
Teri Nazar Utaaru Mantar Maar Kein..

Keywords :-
Braj Recods, ब्रज रिकार्ड्स, Braj Bhasha Song, Braj Songs, New Brajbhasha Songs, Anil Rawat Hit Songs, Anil Rawat Viral Songs, Anil Rawat Song List, Anil Kajal Hit Songs, Anjali Raghav Songs,
Brajwood Songs, Braj Cinema Songs, Braj Songs, DJ Songs , BrajBhasha Song, Braj Bhasha Songs, Brij Bhasha Songs, New Brajwood Song, New Braj Bhasha Song 2025

TAGS :-
Shahar Barelly, Sanjana Yaduvanshi New Song, Dharmender Hemamalini, Anjali Raghav New Song, Karan Chaudhary Song, Ansh Karan Films, BrajCinema Songs, Viral Jodi Song, Viral Jodi, Nas Nas Kyun Dookhe, Happy New Year Babu, Piya Meri Nas Nas Kyun Dukhe, Balam Meri Nas Nas Kyun Dukhe, Anjali Raghav New Song, Anjali Raghav Hit Song, Anjali Raghav Haryanvi Song, Anjali Songs, Kabir Singhora New Songs, Viral Jodi Hai Gayi Apni, Nazar Utaru Mantar Maar Ke, Piya Mero jee so Cho Ghabrave, Jaaro Jaldi Tu Moku Lagwaye De, Dj Song 2026,",nas nas kyo dukhe piya meri nas nas kyo dukhe balam meri nas nas kyo dukhe new hariyanvi song new hariyanvi viral song new hindi song,10,2026-02-07T03:45:00Z,163342,713,6,IN
yIUR3EpMteY,"VALAI Official Teaser | Atharvaa, Rupa Manjari, Vani Bhojan | Jeeva Sankar | Ghibran","Lahari Music Tamil Presents the highly anticipated ‘VALAI’ Official Teaser, starring Atharvaa, Rupa Manjari and Vani Bhojan.
 
#Valai #ValaiTeaser #Atharvaa #AtharvaaMurali #VaniBhojan #RupaManjari #LahariMusicTamil #TamilCinema #Kollywood #NewTamilMovie #ActionThriller #TamilTeaser2026 #TrendSetter #SuspenseThriller #VaniBhojanOfficial #AtharvaaFans #TamilMovies #TeaserLaunch #4KTeaser #LahariMusic

Subscribe to our YouTube Channel : http://bit.ly/1hE4KpS​
---------------------------
Star cast: Atharvaa, Rupa Manjari, Vani Bhojan, Murali Sharma, Aadukalam Naren, Jayaprakash, Arjai, Arul D. Shankar, Thulasi, Mayilsamy, Imman Annachi
 
Directed by: Jeeva Sankar
Produced by: Pepsi V.S. Balamurali
Production: Raadhu Infotainment
A Ghibran musical
Director of Photography: Jeeva Sankar
Editor: Sathish Suriya
Production Designer: Gopi Prasannaa
Art Director: Shanmugaraja
Action: Stunner Sam
Lyrics: Karthik Netha, Mohanraj, Vamanaa
Costume Design: Ramola Krishnaraj
Choreography: Brinda, Kalyan
Sound Design: Tapas Nayak
Costumer: Sarangapani
VFX: Big Bang Image works, D Note Studio, Renderhood
VFX Supervisors: Baskar, Murthy, Morish Immanuvel D
Colorist: G.S. Muthu (Infinity Media)
Hair & Make-Up: Kalaimaamani “R. Sundaramoorthi”
Stills: Ashok
PRO: Suresh Chandra (D’ One)
Publicity Design: Gopi Prasannaa
Production Controller: G. Murugapoopathy
Executive Producer: Baskar Deenadayalan
Dubbing engg: Samson M.
Direction Team: M.S. Manikandan, S. Sundar Rajan, Naan Ram, Vijay Vignesh C, Ajith Kannan M, Adityan V.T, Velan Karpoora Sundaran S.
Outdoor location manager: Sabari, Kumaran, Harish
Accounts: Baskar Deenadayalan

Music Label: Lahari Music
---------------------------
Enjoy & stay connected with us!!

Subscribe to our YouTube Channel : http://bit.ly/1hE4KpS​
Follow us on Instagram: https://instagram.com/laharimusic/
Like us on Facebook: https://facebook.com/laharimusic
Follow Us on Twitter: https://twitter.com/LahariMusic
Follow Us on Sharechat: https://bit.ly/3rI5vG7
Follow Us on Moj: https://mojapp.in/@laharimusicofficial",Valai Official Teaser Valai Tamil Movie Atharvaa Murali New Movie Vani Bhojan Hits Rupa Manjari Comeback Atharvaa Action Movies Lahari Music Tamil Valai Movie Cast Atharvaa Valai Teaser Vani Bhojan Valai Tamil Thriller Movies 2026 Action Teaser Tamil Suspense Thriller Tamil Crime Thriller Best Tamil Teasers High Voltage Action Mass Entertainer New Tamil Trailers Kollywood Updates 4K Tamil Teaser Viral Teaser Official Trailer 2026 Tamil Cinema,10,2026-02-06T07:28:06Z,616262,14288,453,IN
i7BYrMQZfSY,Teri Yaadon Ki Chadar Odhe Official Video Dil Ne Tera Naam Liya #bollywood #hindisong #2026,"Teri Yaadon Ki Chadar Odhe   Official Video   Dil Ne Tera Naam Liya   #bollywood #hindisong #2026challenge 
#hindisong 
#hindudevotionalsong 
#90sbollywood 
#hindisong 
#love 
#bollywoodfeelings
teri yaadon ki chadar odhe official video,dil ne tera naam liya) || romantic bollywood hits song 2026,teri yaadon ki chadar odhe song,teri yaadon ki chadar odhe dj song,teri yaadon ki chadar odhe,teri yadon ki chadar odhe ringtone,teri yadon ki chadar full video song,teri yaadon ki chadar odhe dj mix,teri yaadon ki chadar odhe dj remix,teri yadon ki chadar odhe song,teri yaadon ki chadar odhe dj umesh etawah,teri yadon ki chadar odhe,dil ne tera naam liya new version",teri yaadon ki chadar odhe official video dil ne tera naam liya) || romantic bollywood hits song 2026 teri yaadon ki chadar odhe song teri yaadon ki chadar odhe dj song teri yaadon ki chadar odhe teri yadon ki chadar odhe ringtone teri yadon ki chadar full video song teri yaadon ki chadar odhe dj mix teri yaadon ki chadar odhe dj remix teri yadon ki chadar odhe song teri yaadon ki chadar odhe dj umesh etawah teri yadon ki chadar odhe dil ne tera naam liya new version,10,2026-02-08T03:30:41Z,63248,933,28,IN
j1XkCqvOoAM,Teri Yaadon Ki Chadar Odhe (Official Video ) (Dil Ne Tera Naam Liya) || Romantic Bollywood Song 2026,"Teri Yaadon Ki Chadar Odhe (Official Video ) (Dil Ne Tera Naam Liya) || Romantic Bollywood Hits Song 2026
Dil Ne Tera Naam Liya 2.0 💞 90s Bollywood Romantic Vibe | Soulful New Version

Song - Teri Yaadon Ki Chadar Odhe
Singer- Shobi Sarwan 
Lyricist- Dinesh Kumar & Tarun Chaudhary 
Music - Bunny Beats
Video & Digital Publicity Design - GDTM Studios
Producer - Mr A 
Digital Partner: Reverv 
Social Media Promotions : Reverv

Music Label : VGB MUSIC
Copyrights Holder : 
Ph - 8171465723

YT Topic : https://bit.ly/46GfOB1
JioSaavn : https://bit.ly/45ir586
Spotify : https://bit.ly/4lbp044
Apple : https://bit.ly/45xzx4N
Gaana : https://bit.ly/4mq7MRd
Amazon Prime : https://bit.ly/4m41G9y
YouTube Music : https://bit.ly/3UKOiuQ

Lyrical -

तेरे बिना सूना है जहाँ, तेरे बिना तन्हा है दिल,
तेरे बिना हर धड़कन में, बस गूँजता है तेरा सिलसिला।
तेरी यादों की चादर ओढ़े, हर रात गुज़र जाती है,
तेरी तस्वीर आँखों में, फिर भी आँखें भीग जाती हैं।

दिल ने तेरा नाम लिया, हर साँस ने तेरा नाम लिया… (2)

तेरे होंठों की मुस्कान में, मैंने खुदा का नूर देखा,
तेरे आँचल की छाँव में, सारा सुकून देखा।
तेरी आवाज़ में वो मिठास है, जो साजों को जगा देती है,
तेरी खामोशी भी अब तो, मेरी रूह को सजा देती है।

दिल ने तेरा नाम लिया, हर साँस ने तेरा नाम लिया… (2)

कभी तेरी बातें याद आईं, तो दिल मुस्कुरा उठा,
कभी तेरी दूरी ने छू लिया, तो दिल बिखर उठा।
तेरे बिना जो जीना पड़ा, वो जीना ना रहा,
तेरे बिना हर लम्हा मेरा, अधूरा-सा रहा।

दिल ने तेरा नाम लिया, हर साँस ने तेरा नाम लिया… (2)

तेरे जाने के बाद भी, तेरा एहसास रहता है,
हर शाम तेरी यादों का, साया पास रहता है।
तेरे ख़त के अक्षर अब भी, महकते हैं जैसे फूल,
तेरे नाम से ही चलती हैं, मेरी हर मंज़िल की धूल।

दिल ने तेरा नाम लिया, हर साँस ने तेरा नाम लिया… (2)

तेरी आँखों में जो गहराई है, उसमें मेरा जहाँ है,
तेरे इश्क़ की पनाहों में, मेरी पहचान है।
तेरी राहों में बिछ जाऊँ, अगर तू मुस्कुराए,
तेरी ख़ुशी में अपनी हर सांस, मैं कुर्बान कर जाऊँ।

दिल ने तेरा नाम लिया, हर साँस ने तेरा नाम लिया… (2)

कभी खामोशी में तेरा नाम लूँ, तो आँसू चल पड़ते हैं,
कभी तेरे ख़्वाबों में खो जाऊँ, तो लम्हे थम पड़ते हैं।
तेरे जाने के बाद भी, दिल तुझसे बातें करता है,
हर तन्हा रात में अब भी, तेरा ही ज़िक्र करता है।

दिल ने तेरा नाम लिया, हर साँस ने तेरा नाम लिया… (2)

अब बस इतना कह दूँ तुझसे, लौट आ किसी बहाने,
तेरे बिना ये दिल मेरा, टूटे पत्ते जैसा दीवाने।
तेरे प्यार में ही तो मेरी, दुनिया पूरी होती है,
तेरे आने से ही मेरी, ज़िंदगी रोशन होती है।

दिल ने तेरा नाम लिया, हर साँस ने तेरा नाम लिया… (2)

#pyarbharegeet
#BollywoodSongs
#HindiSongs
#BollywoodMusic
#IndianSongs
 #HindiMusic
#BollywoodHits #EvergreenSongs #OldIsGold #MusicLovers #HindiMelodies
💖 Romantic Bollywood Songs
#RomanticSongs #BollywoodRomance #LoveSongs #HindiRomanticSongs
#BollywoodLove #HeartTouchingSongs #RomanticMelodies #HindiLoveSongs
💔 Sad & Emotional Bollywood Songs 
#SadSongs #BollywoodSadSongs #EmotionalSongs #BrokenHeartSongs
#HindiSadSongs #PainfulSongs #HeartbreakSongs #BollywoodFeelings
🔥 Popular & Trending 
#TrendingSongs #ViralSongs #YouTubeMusic #MusicVideo
#BollywoodVibes #HindiAudio #MusicChannel
“Dil Ne Tera Naam Liya 2.0” — a soulful recreation of a 90s Bollywood classic, bringing back the essence of old is gold with a fresh and modern touch.
This song blends nostalgic romance with new-age sound, creating a melody that touches the heart and revives golden memories.

🎧 Vibe: Old is Gold – 90s Bollywood Romantic
🎤 Vocals: Male & Female Duet
🎼 Genre: Soulful Love Melody | Romantic Recreated Version
💖 Mood: Nostalgic | Heartfelt | Emotional

Experience the timeless beauty of love once again with Dil Ne Tera Naam Liya 2.0 — where every note speaks of true feelings.

👉 Subscribe for more recreated Bollywood-style romantic songs.

dil ne tera naam liya 2.0
dil ne tera naam liya new version
old is gold new version
90s bollywood romantic song
soulful hindi love song
emotional romantic song
bollywood cover song 
evergreen hindi song
classic bollywood vibe
nostalgic melody 
old song new version 
swar wawe official 
romantic melody 2025
heart touching song
retro bollywood romance

#DilNeTeraNaamLiya2 #OldIsGold #RomanticSong #90sBollywood #LoveMelody #SwarWaweOfficial",Dil Ne Tera Naam Lia Pyar Ki Chadar Teri Yaadon ki Chadar Odhe Teri Yado ki Chadar Odhe haryana gana haryanavi haryanvi song haryanvi songs haryanvi songs haryanavi latest haryanvi song latest songs new haryanvi song new haryanvi songs haryanavi new song YouTubeMusic ViralSongs TrendingSongs Romantic Bollywood Songs DilNeTeraNaamLiya2 Teri Yaadon Ki Chadar Odhe RomanticSong,10,2026-02-06T14:30:13Z,225963,1695,26,IN
rWU4uxjm8dE,Bagdo - Dj Song | Raj Mawar | Manisha Sharma | Khushi Baliyan | Mannu Pahari New Haryanvi Song 2025,"Bagdo - Dj Song | Raj Mawar | Manisha Sharma | Khushi Baliyan | Mannu Pahari New Haryanvi Song 2025VANSH RECORDS DESIHaryanvi Presents Latest New Haryanvi Song 2025  🌍 🎵 “ BAGDO ” Brand New Haryanvi Song 🎶 🗣️ In The Voice of “ RAJ MAWAR & MANISHA SHARMA,” And Starring “  KHUSHI BALIYAN & MANNU PAHARI ” Music Directed by “ GR MUSIC ”🎵 🎼 The New Haryanvi Song Is Lyrics Penned By “ NAVEEN VISHU BABA & PARHLAD PHAGNA ” 🖊️ 🔖  Video Of The New Haryanvi Song 2025 is Directed By “ GAURAV JAAT ” 🎬🎥

#bagdo #rajmawar #manishasharma #khushibaliyan #mannupahari #haryanvisong #djsongs #haryanvidjsong #haryanvisongs #djsong #newharyanvisongsharyanavi2025 #hrsong #haryanvidjsong #newharyanvisong  
 
🎬 Credits 🎥 :

✨ Song Name: Bagdo
🎤 Singer: Raj Mawar | Manisha Sharma
🎭 Starring: Khushi Baliyan | Mannu Pahari
🎼 Music: Gr Music
✍️ Lyrics: Naveen Vishu Baba | Parhlad Phagna
🎥 Director: Gaurav Jaat
🎬 Editor:  Harsh Verma
🎥 DOP: IPotter
🎬 Editor: Pankaj Shah
🎨 Costume: Rampy
💃 Choreography: Gaurav
🎨Makeup -Mithun 
💃Dance Group: Suresh Indora 
🎭 Project Management: Shamsher Vats 
🎥 Light & Camera Equipment: Rinku Cine Cinema studio
👏 Special Thanks: Rahul Biharipuriya
🎧 🎶 LABEL: Star Music Haryanvi

🎧 🎶 YouTube Promotion: HiFi Digital +91 9818045400

🎶 🎧 Digital Partner - ABK Digital 🎧 🎶

To listen/download ""Bagdo"" click on the link below :

Spotify – https://bitly.cx/1no9S
YouTube Music - https://bitly.cx/Vzxn9
JIOSaavn – https://bitly.cx/LYHd
Amazon Music – https://bitly.cx/ENCW9
Itune - https://bitly.cx/E0YM

अगर आपको हमारा Video Song अच्छा लगे तो Comment मै हमे बताएं और हमारे Youtube Channel (Star Music Haryanvi) को Subscribe करके हरियाणवी गानों को सपोर्ट करें Like or Share करना भी ना भूलें Thank-You
haryanvi song
new haryanvi song
new haryanvi song 2025
bagdo song
haryanvi new song
bagdi song
hr new song 2025
bagdo
haryanvi song 2025
raj mawar new song
haryanvi song new
new hr song 2025
raj mawar new song 2025
new song
new song haryanvi
hr song
hr song 2025
masoom sharma new song
song
haryanvi new song 2025
haryanvi song new 2025
new hr song
song new
haryanvi song 2025 new
raj mawar
fortuner
latest haryanvi song 2025
new haryanvi song 2025 latest this week
masoom sharma new song 2025
new dj song 2025
haryana new song
hr new song
raj mawar song
new song haryanvi 2025
new song 2025
pahari song
dj song
new hr song 2025 latest this week
bagdi
khushi baliyan new song
haryana gana
latest haryanvi song
new song 2025 haryanvi
competition song
dj song new
khushi baliyan
sheet lahar song
dj song 2025
bagado
bagado song
new dj song
beej marna song
hr song new
sapna choudhary new song
hr song new 2025
mannu pahari song
हरियाणवी सॉन्ग
darji song
gane
haryanvi gane naye
hr song 2025 new
new haryana song
new haryanvi songs haryanavi 2025
new hr
new song dj
new song hr
haryanvi song 2025 latest this week
masoom sharma
naya song
new haryanvi song 2026
new haryanvi songs
ajay hooda new song 2025
badal song
bagado haryanvi song
bagdo raj mawar
dj
financer song
haryanvi song 2026
haryanvi song dj
khushi baliyan song
light song
manisha sharma song
new haryanvi song 2025 latest
न्यू हरियाणवी सॉन्ग
bagdo haryanvi song
gana
hariyanvi dj songs com
haryana song
haryana song new
haryanvi gane
haryanvi song new trending
hr new song 2025 latest this week
latest dj songs
latest haryanvi song 2025 this week
naye gane
new haryanvi song 2024
new haryanvi trending song
new hr song 2026
new song haryana
song haryanvi
2025 new song dj
bagdi new song
bagro song

bagdo | bagdo song | haryanvi song | haryanvi songs | new haryanvi song | new haryanvi songs | haryanvi song new | raj mawar | raj mawar new song | raj mawar song | haryanvi new song | haryanvi dj song | manisha sharma | manisha sharma new song | khushi baliyan | khushi baliyan song | haryanvi | hr song | mannu pahari | mannu pahari new song | new haryanvi song 2025 | latest haryanvi song | latest haryanvi songs | haryanvi gane | new song haryanvi | haryanvi song 2025 | dj songs | new hr song

Thank you everyone for Watching Our Latest Haryanvi Songs from 2025. If you like This Latest Haryanvi Song, then SUBSCRIBE to Our Channel With the Press Bell Icon to get notifications of our New, Latest, and Most Popular, Superhit Haryanvi Songs Haryanavi 2025. We Will Provide the Best Haryanvi Songs Of All Time
  
Bagdo - Dj Song | Raj Mawar | Manisha Sharma | Khushi Baliyan | Mannu Pahari New Haryanvi Song 2025
Bagdo - Dj Song | Raj Mawar | Manisha Sharma | Khushi Baliyan | Mannu Pahari New Haryanvi Song 2025",bagdo dj song bagdo - dj song bagdo dj remix song bagdo remix dj song bagdo song bagdo dj bagdo song dance bagdo haryanvi song bagdi song bagdo dj remix bagdo dj rishi dj songs dj song 2026 bagdo dj hard bass haryanvi dj song bagdo dj remix hard bass haryanvi dj song dance rajasthani dj song new hr song dj remix dj remix song haryanvi dj songs haryanvi 2026 dj song dj edm song 2026 rajasthani dj songs bagdo raj mawar dj remix,10,2026-02-06T05:52:36Z,161725,562,9,IN
935ZjF02BSg,तीन बाण के धारी | छोटू सिंह रावणा | New Bhajan | Khatu Shyam | Teen Ban Ke Dhari | Chotu Singh Rawna,"तीन बाण के धारी | छोटू सिंह रावणा | New Bhajan | Khatu Shyam | Teen Ban Ke Dhari | Chotu Singh Rawna



Teen ban ke dhari, Teen baan ke dhari bhajan, Khatu Shyam bhajan, Khatu Shyam ji bhajan, Shyam Baba bhajan, Chotu Singh Rawna, Chotu Singh Rawna bhajan, Shyam bhajan 2025, New Shyam bhajan, Latest Shyam bhajan, Khatu Shyam new bhajan, Khatu Shyam song, Shyam Baba song, Khatu Shyam ji song, Rajasthani bhajan, Marwadi bhajan, Shyam bhajan hindi, Khatu Shyam live bhajan, Shyam bhakti song, Baba Shyam bhajan, Khatu Shyam devotional song, Teen baan dhari Shyam, Shyam Baba ke bhajan



🔖 YouTube Hashtags 

#TeenBanKeDhari
#KhatuShyam
#ChotuSinghRawna
#ShyamBhajan
#KhatuShyamBhajan
#NewShyamBhajan
#ShyamBaba
#Bhajan2025
#DevotionalSong
#shyambhaktisong 
#TeenBanKeDhari
#तीनबाणकेधारी
#KhatuShyam
#KhatuShyamJi
#ShyamBaba
#ChotuSinghRawna
#छोटूसिंहरावणा
#ShyamBhajan
#KhatuShyamBhajan
#NewShyamBhajan
#ShreeShyam
#Morvinandan
#Bhajan
#DevotionalSong
#hindubhajansmalayalam 

chotu singh rawna new bhajan khatu shyam, teen ban ke dhari chotu singh rawna, chotu singh rawna new bhajan, तीन बाण के धारी छोटू सिंह, chotu singh rawna bhajan, khatu shyam new bhajan, chotu singh rawna new song, chotu singh rawana bhajan, teen ban ke dhari teeno baan chalao na, teen baan ke dhari teeno ban chalavo na, haare ke sahare khatu shyam bhajan, khatu shyam ke bhajan, teen baan ke dhari teenon ban chalao na, teen baan ke dhari bhajan, khatu shyam ji ke bhajan, chotu singh ravna ka femash bhjan",chotu singh rawna new bhajan khatu shyam teen ban ke dhari chotu singh rawna chotu singh rawna new bhajan तीन बाण के धारी छोटू सिंह chotu singh rawna bhajan khatu shyam new bhajan chotu singh rawna new song chotu singh rawana bhajan teen ban ke dhari teeno baan chalao na teen baan ke dhari teeno ban chalavo na haare ke sahare khatu shyam bhajan teen baan ke dhari teenon ban chalao na khatu shyam ji ke bhajan chotu singh ravna ka femash bhjan Chotu Singh Rawna,10,2026-02-06T12:04:39Z,245268,1774,98,IN
u3upyoEJ3_c,#Video - केशीया झारो है भौजो | #Aashish Yadav का एक बबाल होली सांग | #Magahi Holi Song 2026,"►Album :- केशीया झारो है भौजो
►Song :- Keshiya Jharo Hai Bhaujo
►Singer :- Aashish Yadav
►Lyrics :- Chintu Raja 
►Music Director :- Pappu Bhai 
►Video Dr :- Aashish Park
►Choreographer :- Vickey Ds
►Recording :- Govind vidyarthi 
►Composer :- Nandan yadav 
►Di :- Rohit singh Mumbai
►Poster Design :- Krishna Singh GFX ( BMD )
►Producer :- Pawan Yadav 
►Managed By :- Brothers Media Digital
►Label / Company :- Maxo Music World
____________________________________________________________
►Digital Head :- Suraj Sundram 
►Digital Manager :- Himanshu Pandey 
►Digital  Partner :- Brothers Media  ( 8877998058 )
____________________________________________________________
►Company Brand :- Maxo Music World
►Subscribe Our Channel  :- 
►Thanks For Watching Our  Channel.
►Have A Nice Day ...
►Subscribe For More Updates ...",केशीया झारो है भौजो Keshiya Jharo Hai Bhaujo Ashish Yadav Welcome Ye Jija Maghi Holi Song 2026 ashish yadav new holi ashish yadav holi gana ashish yadav new song aashish yadav maghi song ashish yadav new gana ashish yadav ka gana ashish yadav ke holi gana ashish yadav new video ashish yadav ke gana ashish yadav ka new holi song aashish yadav song ashish yadav ka new song aashish yadav new song ashish yadav ke naya gana maxo music world,10,2026-02-07T01:00:00Z,251599,8626,274,IN
hdtMgUrJtRM,Dard Kitna Hai Dil Mein Bata Na,"Provided to YouTube by The Blackboy Official

Dard Kitna Hai Dil Mein Bata Na · Mahi Muskan · Aryan Abhi

Dard Kitna Hai Dil Mein Bata Na

℗ Blackboy Official

Released on: 2026-02-04

Composer: Dharmendra Kumar
Lyricist: Dharmender Kumar

Auto-generated by YouTube.",Mahi Muskan Aryan Abhi Dard Kitna Hai Dil Mein Bata Na,10,2026-02-04T10:54:40Z,142802,1387,0,IN
ksFlmkorllM,#Video | मूड नइखे | #Khesari Lal Yadav & #Shilpi Raj | Mood Naikhe | Ft. Komal Singh | New Song,"#Video | मूड नइखे | #Khesari Lal Yadav & #Shilpi Raj | Mood Naikhe | Ft. Komal Singh | New Song

Credits:
Album - Mood Naikhe
Song - मूड नइखे
Singer - Khesari Lal Yadav & Shilpi Raj
Lyrics - Sagir Sanehi & Pratik Raj
Music - Arya sharma
Feat - Komal Singh 
Director & Choreographer - Lakkie Vishwakarma
DOP - Rahul Yadav Roxy
Camera Team - Rahul Rock & Harsh Pandit
Editor - Anand Kumar (Santu)
Assistant Choreographer - Shani & Abhyas 
Makeup Hair - Vikash Kumar
DI - Rohit Singh
BTS - Suraj Vishwakarma
Production - Aakash Vishwakarma
Trade Enquiry - 9958736399


khesari lal yadav hits song,
hits of khesari lal yadav mp3 song,
bhojpuri song hits khesari lal yadav,
bhojpuri songs old hits khesari lal yadav,
khesari lal yadav old hits song,
hits of khesari lal yadav mp3 song 2022,
khesari lal yadav hits songs,
khesari lal yadav hit song album,
khesari lal yadav hit song audio,
khesari lal yadav akshara singh hit song,
khesari lal yadav amrapali hot song,
a khesari lal yadav,
khesari lal yadav hits,
khesari lal yadav 2019 all song,
khesari lal yadav hit song bhojpuri,
khesari lal yadav ka bhojpuri hit song,
bhojpuri song khesari lal yadav hit song dj,
khesari lal yadav hit song bhakti,
bhojpuri gana khesari lal yadav hit song,
khesari lal yadav ka bewafai hit song,
khesari lal hit bhojpuri bhakti song,
khesari lal yadav hit chhath song,
khesari lal yadav chhath geet hit song,
khesari lal yadav chaita hit song,
khesari lal yadav chita song,
00 11 khesari lal yadav,
khesari lal all chaita,
khesari lal yadav songs dj,
khesari lal yadav hit dance song,
khesari lal yadav hit song dj,
khesari lal ka bhojpuri hit song dj remix,
khesari lal yadav hit song dj remix,
khesari lal yadav super duper hit song,
khesari lal yadav durga puja hit song,
khesari lal yadav 1st song,
khesari lal yadav first song,
ek khesari lal yadav,
khesari lal yadav first hit song,
khesari lal yadav film hit song,
khesari lal ke bhojpuri hit song gana,
khesari lal yadav ka hit song gana,
khesari lal bhojpuri song hit gana,
khesari lal yadav hit song gana,
khesari lal yadav hit hit song,
khesari lal yadav songs hindi,
seema haider khesari lal yadav hit song,
khesari lal yadav hit song thik hai,
khesari lal yadav ka hit holi song,
khesari lal yadav songs holi,
khesari lal yadav hit song holi,
khesari lal yadav ka hit song 2023,
khesari lal yadav kajal raghwani hit song,
khesari lal yadav ka new hit song,
khesari lal yadav ka old hit song,
khesari lal yadav ka hit song video,
khesari lal yadav ke sabse hit song,
khesari lal yadav ka naya hit song,
ke khesari lal yadav,
#khesari_lal_yadav_latest_song_hit_2023,
#khesari_lal_yadav_latest_song_hit_2020,
#khesari_lal_yadav_latest_song_hit_2021,
#khesari_lal_yadav_latest_song_hit_2022,
#khesari_lal_yadav_latest_song_hit_2024,
khesari lal yadav hit song list,
khesari lal yadav songs list,
khesari lal yadav hit song latest,
l khesari lal yadav,
khesari lal yadav hit song mp3,
khesari lal yadav most hit song,
khesari lal yadav song mal ke mobile,
khesari lal yadav songs new,
khesari lal bhojpuri hit song non stop,
khesari lal yadav hit song new,
khesari lal yadav hit song nonstop,
khesari lal bhojpuri hit song new,
khesari lal yadav songs new 2024,
khesari lal yadav new hit song 2024,
khesari lal yadav hit navratri song,
khesari lal yadav hit songs collection,
khesari lal all song hit,
khesari lal bhojpuri song old hit,
khesari lal yadav songs old,
hits of khesari lal yadav song,
khesari lal yadav hit song playlist,
khesari lal yadav songs playlist,
khesari lal yadav ka pahla hit song,
khesari lal yadav mp3 songs,
khesari lal yadav album song,
khesari lal yadav 2019 song,
khesari lal yadav songs reaction,
khesari lal yadav songs remix,
khesari lal yadav songs ram,
khesari lal antra singh song,
khesari lal new song tin vardan,
only khesari lal yadav,
bhojpuri song khesari lal yadav hit song,
khesari lal yadav ka sabse hit song,
khesari lal yadav new song hit song,
khesari lal yadav hit song status,
khesari lal yadav mp3 song,
khesari lal yadav mp3 download,
khesari lal yadav top hit song,
khesari lal yadav all time hit song,
khesari lal yadav top 10 hit song,
khesari lal yadav song top,
khesari lal yadav songs video,
khesari lal yadav hit song video,

This channel is owned and operated by Angle Music Video Pvt. Ltd. All rights to this song, including but not limited to copyrights and publishing rights, are the exclusive property of Angle Music Video Pvt. Ltd. Any unauthorized commercial use, reproduction, or distribution of this song constitutes a violation of copyright law and may result in legal action by Angle Music Video Pvt. Ltd.",Ladfa World Bhojpuri khesari lal yadav bhojpuri song khesari lal yadav new song khesari lal new song khesari lal yadav khesari lal new song 2025 shilpi raj new song khesari lal song mood naikhe khesari lal song mood naikhe song khesari lal mood naikhe song new song khesari lal ke new bhojpuri song new bhojpuri mood naikhe mood naikhe new bhojpuri song khesari lal shilpi raj bhojpuri song khesari lal yadav ke gana mood nayikhe bhojpuri song bhojpuri song,10,2026-02-07T09:08:00Z,112016,426,12,IN
W14F_q3UGMw,Payal ki khanak dance video // kaise aau milne bajenge kangna #payalkikhanak #dancevideo #viralsong,"Payal Ki Khanak | Official Video | Hindi New Song | कैसे आऊं मिलने बजेंगे कंगना/#payalkikhanak 
Payal Ki Khanak | Official Video | Hindi New Song | कैसे आऊं मिलने बजेंगे कंगना/#payalkikhanak 

Payal Ki Khanak | Official Video | Hindi New Song | कैसे आऊं मिलने बजेंगे कंगना/#payalkikhanak 

Payal Ki Khanak | Official Video | Hindi New Song | कैसे आऊं मिलने बजेंगे कंगना/#payalkikhanak 

#payalkikhanak 
#पायल_की_खनक
#payal_ki_khanak
#पायल_की_खनक_से_जगेंगे_सजना
#payal_ki_khanak_se_jagege_sajna
#anilrawatkegane 
#anilrawat 
#anil_rawat 
#anilrawatsong
#अनिल_रावत_सोंग
payal ki khanak anil rawat song
पायल की खनक अनिल रावत सोंग
anil rawat viral song
अनिल रावत वायरल सोंग
payal ki khanak viral song



हो कैसे आऊ मिलवे बजेंगे कंगना 
पायल की खनक से जगेंगे सजना,,

हा आवे तो आजा झूठी बात क्यों बनावे,,
दो महीना से रानी येठ क्यों दिखावे 

हा बात बनावे बैठी बैठी अंगना,,
गोली नींद की दे अइयो सो जावे संजना,,

हा करले सवर बाबू मिलने भी आऊंगी,,
प्यार की है प्यास पानी हाथ से पिलाऊंगी,,

प्यार से बडो कोई रोग हतना,,
पायल की खनक से जगेंगे सजना,,

न चहिए प्यार मोकू बारिश की बूंद को,,
छाती से लगाके देजा मौकु सकून सो,,

हा खून सो जलावे गोरी तेरा हंसना,,
गोली नींद की दे अइयो सो जाएंगे सजना,,

Ho kese aau milve bajenge kangna,,
Payal ki khanak se jagenge sajna 

Aave to aaja jhuti baat Kyo banave,,
Do mahina se rani yeth kyo dikhave,,
Ha baat banave bethi bethi angana,,
Goli need ki de aiyo so jaave sajna

Ha karle savar babu milne bhi aaungi ,,
Pyar ki hai pyas pani hath se pilaungi,,,
Pyar se bdo koi rog hath na,
Payal ki khanak se jagenge sajna,,

N chahiye pyar moku barish ki bund ko,,
Chhati se lagake deja moku sakun so,,

khoon  so jalave gori tera hasna,,
Goli need ki de aiyo so jaave sajna,,,


Payal ki khanak New Song 
Payal ki khanak Anil Rawat 
Payal ki khanak Kajal Hathrasi
Payal ki khanak Viral Song 
Payal ki khanak Se Jagenge Sajana 
Payal ki khanak Hindi Song 
Payal ki khanak Birj Bhasha 
Payal ki khanak Hariyanvi Song 
Payal ki khanak Mohit Love 
Payal ki khanak Kajal Hathrasi Song 
Payal ki khanak Anil Rawat Kajal Hathrasi 
Payal ki khanak Anshu Chodhary 
Payal ki khanak Mohit New Song 
Payal ki khanak Anil Rawat Song 
Payal ki khanak Anil Kajal Viral Song 
Payal ki khanak Kajal Hathrasi Trending Song 
Payal ki khanak Anil Rawat Mohit Love 
Payal ki khanak Love Song Anil Rawat 
Payal ki khanak Viral Song 
Payal ki khanak Trending Song 


Goli Nid Ki De Aiyyo So Jave Sajana 
Goli Nid Ki De Aiyyo New Song 
Goli Nid Ki De Aiyo Viral Song 
Goli Nid Ki De Aiyo Anil Rawat 
Goli Nid Ki De Aiyo Kajal Hathrasi 
Goli Nid Ki De Aiyo Anil Rawat Kajal 
Goli Nid Ki De Aiyo Kajal Hathrasi Anil Rawat
Goli Nid Ki De Aiyo Trending Song 
Goli Nid Ki De Ayiyo Mohit Love Song 

Goli Nid Ki De Ayiyo Mohit Love Song 
Goli Nid Ki De Ayiyo Mohit Love 
Goli Nid Ki De Ayiyo Mohit Love,Anshu Chodhary 
Goli Nid Ki De Ayiyo Mohit,Anshu Chodhary 

Goli Nid Ki De Aiyo Hindi Song 
Goli Nid Ki De Aiyyo So Jave Sajana Dj Song 
Goli Nid Ki De Aiyyo New Love Song 
Goli Nid Ki De Aiyo Viral Song Anil Rawat 
Goli Nid Ki De Aiyo So Jaave Sajana 2025
Goli Nid Ki De Aiyo Kajal Hathrasi New Song 
Goli Nid Ki De Aiyo Anil Rawat Viral Song 
Goli Nid Ki De Aiyo Kajal Hathrasi Song 
Goli Nid Ki De Aiyo Trending Love Song
Goli Nid Ki De Ayiyo Love Song
Goli Nid Ki De Aiyo Sad Song 
Goli Need Ki Hariyanvi Song
Goli Need ki Rajsthani Song
Goli Need Ki Biraj Bhasha Song 
Goli Need Ki Hindi Song 
Goli Need Ki Viral Song 
Goli Need Ki Trending Song 

Kaise Aaun Milave Bajenge Kangana Hit Song 
Kaise Aaun Milave Bajenge Kangana Anil Rawat
Kaise Aaun Milave Bajenge Kangana Kajal Hathrasi 
Kaise Aaun Milave Bajenge Kangana Mohit Love 
Kaise Aaun Milave Bajenge Kangana Anshu Chodhry
Kaise Aaun Milave Bajenge Kangana Trending Song 
Kaise Aaun Milave Bajenge Kangana Viral Song 
Kaise Aaun Milave Bajenge Kangana Hindi Song 
Kaise Aaun Milave Bajenge Kangana Love Song 
Kaise Aaun Milave Bajenge Kangana Dj Song 



teg: 
Payal ki khanak official video,Payal Ki Khanak Se Jagege Sajna,पायल की खनक से जगेगे सजना,Anil Rawat new song,Kajal Hathrasi new song,bhaigiri music,Payal ki khanak Anil Rawat song,nind ki goli Anil rawat,anil rawat sad song,new sad song,hindi song,payal ki khanak biraj song,hit song hindi,goli nid ki de aaiyo,so jave sajna,love song,mohit love song,anil rawat new song,mohit love payal ki khanak,anil rawat,tranding love song,anil rawat hit song",,10,2026-02-07T03:30:33Z,140506,296,8,IN
-8huf11DraM,#Video | 2026 Ke Holi Special | #Pawan Singh | स्पेशल होली गाने 2026 | Bhojpuri Holi Song 2026,"#Video | 2026 Ke Holi Special | #Pawan Singh | स्पेशल होली गाने 2026 | Bhojpuri Holi Song 2026
#Video | 2026 Ke Holi Special | #Pawan Singh | स्पेशल होली गाने 2026 | Bhojpuri Holi Song 2026
#Video | 2026 Ke Holi Special | #Pawan Singh | स्पेशल होली गाने 2026 | Bhojpuri Holi Song 2026
#Video | 2026 Ke Holi Special | #Pawan Singh | स्पेशल होली गाने 2026 | Bhojpuri Holi Song 2026
#Video | 2026 Ke Holi Special | #Pawan Singh | स्पेशल होली गाने 2026 | Bhojpuri Holi Song 2026
#Video | 2026 Ke Holi Special | #Pawan Singh | स्पेशल होली गाने 2026 | Bhojpuri Holi Song 2026
#Video | 2026 Ke Holi Special | #Pawan Singh | स्पेशल होली गाने 2026 | Bhojpuri Holi Song 2026
#Video | 2026 Ke Holi Special | #Pawan Singh | स्पेशल होली गाने 2026 | Bhojpuri Holi Song 2026
#Video | 2026 Ke Holi Special | #Pawan Singh | स्पेशल होली गाने 2026 | Bhojpuri Holi Song 2026
#Video | 2026 Ke Holi Special | #Pawan Singh | स्पेशल होली गाने 2026 | Bhojpuri Holi Song 2026
#Video | 2026 Ke Holi Special | #Pawan Singh | स्पेशल होली गाने 2026 | Bhojpuri Holi Song 2026
#Video | 2026 Ke Holi Special | #Pawan Singh | स्पेशल होली गाने 2026 | Bhojpuri Holi Song 2026
#Video | 2026 Ke Holi Special | #Pawan Singh | स्पेशल होली गाने 2026 | Bhojpuri Holi Song 2026
#Video | 2026 Ke Holi Special | #Pawan Singh | स्पेशल होली गाने 2026 | Bhojpuri Holi Song 2026",pawan singh holi song pawan singh Lahngawa Lal Ho Jaai pawan singh new holi song Pawan Singh Official pawan singh bhojpuri song pawan singh song pawan singh ke gana holi song pawan singh pawan singh hit holi song pawan singh ka gana pawan singh new song holi pawan singh holi songs pawan singh ka new song pawan singh holi gana pawan singh holi song 2025 pawan singh old holi song pawan singh holi geet pawan singh holi video shilpi raj,10,2026-02-07T01:45:00Z,80548,771,17,IN
uJvEubDzars,Nagan Si Lugai Tera Balam Chota (Official Video) Farmani Naaz | New haryanvi Song | Hema| Naaz Music,"#NaganSiLugai #farmaninaaz i #terabalamchota #Naazmusic 

Song  - Nagan Si Lugai | नागन सी लुगाई 
Artist   -  Hema Chaudhary.Rahul Mulheda , Varunesh Baisla
Lyrics  - varunesh baisla , Anuj Mulheda 
Music - Gaurav Panchal (Gr Music -8708626865)
Singer - Farmani Naaz , Manish Tyagi 
Video Shoot - Panchal Productions
Director -  Rahul Mulheda , Nitin Panchal 
Editor - Nitin Panchal 
Publicity Design - Rahul mulheda
Publisher - Naaz Music
Label -   Naaz Music
Production - Rahul Mulheda
Special Thanks - Naaz Music And Team
For any query:- Email - farmaninaaz786@gmail.com

                 Lyrics
Mhare khat khatoli ka na tota
ra mahre khat khatoli ka na tota

tu to nagan si lugai tera balam chotta ri
tu to nagan si lugai tera balam chotta ri 

Lakh lakh ke shut ma phru
Sava lakh ki jutti re

Chandi ka mera vir al nada
Delhi ke ma kotti re

tu to nagan si lugai tera balam chotta ri 
tu to nagan si lugai tera balam chotta ri 

Up ke ma dunga maru halle delhi sari ri
Dur dur ta nigah gadave rande cheel juhari ri

Love you bhabhi

tu to nagan si lugai tera balam chotta ri 
tu to nagan si lugai tera balam chotta ri 

do balka ki ma bngi ma lagu kati kavari si 
Dhunge mere jholl marre

Chotti nag bnari ri
Bin hi bja du kya

tu to nagan si lugai tera balam chotta ri 
tu to nagan si lugai tera balam chotta ri


म्हारे खाट खटोली का ना टोटा
र म्हारे खाट खटोली का ना टोटा 

तू तो नागन सी लुगाई तेरा बालम छोटा री
तू तो नागन सी लुगाई तेरा बालम छोटा री 

लाख लाख के सूट मै पहरू सवा लाख की जूती रे
चांदी का मेरा वायरल नाड़ा दिल्ली के मै कोठी र

तू तो नागन सी लुगाई तेरा बालम छोटा री 
तू तो नागन सी लुगाई तेरा बालम छोटा री 

यूपी के मै ढुंगा मारू हाले दिल्ली सारी री
दूर दूर त निगाह गड़ावे रांडे छेल जुहारी री
लव यू भाभी

तू तो नागन सी लुगाई तेरा बालम छोटा री 
तू तो नागन सी लुगाई तेरा बालम छोटा री 

दो बालका की मां बनगी मै लागू कती कवारी सी
ढुंगे मेरे झोल मार र चोटी नाग बनारी री
बीन ही बजा दू क्या

तू तो नागन सी लुगाई तेरा बालम छोटा री 
तू तो नागन सी लुगाई तेरा बालम छोटा री

Nagan Si Lugai | नागन सी लुगाई | Official Video Haryanvi Songs Haryanavi 2024. Nanhe Nanhe Ghungroo Haryanvi Song Starring with farmani naaz hema chaudhary  
This Haryanvi Song Sung by rahul mulheda. Music given manish tyagi. Penned by Ravi Rangi. Copyright & Music label by NAAZ MUSIC

Tags - Nagan Si Lugai,Nagan Si Lugai Official Video,Nagan Si Lugai Farmani Naaz,Tera Balam Chota,tu to nagan si lugai


Youtube:-  https://www.youtube.com/channel/UCefQdBk_0ZvcqONJCfeHADA

Naaz Music~ https://www.youtube.com/channel/UCtp6...

Naaz Bhakti~ https://www.youtube.com/channel/UCtp6...

Facebook~ https://www.facebook.com/farmaninajsinger/

Instagram~https://www.instagram.com/farmaninaaz786/

Farmani Naaz ~https://youtube.com/c/farmaninaazz

Twitter~https://twitter.com/Farmani_Naaz?s=09

Social Media Links for Naaz Nazam

Spotify :-  https://open.spotify.com/artist/3dOuPCu4ZqZI8QoXFGDppQ?si=EQbxFdoCTTeoZI9DdVZTIw

Apple Music :-  https://music.apple.com/in/artist/farmani-naaz/1613174123

Amazon Prime :-  https://music.amazon.in/artists/B09R82W9J5/farmani-naaz

Youtube Music :- https://music.youtube.com/watch?v=ErXw6B5E3oc",2024 dj song Dehati Song Dj song nagan si lugai Farmani Naaz Farmani naaz new song Gullak fod ke Haryanvi new song Haryanvi song Hema Chaudhary nagan si lugai Hit song haryanvi Nagan Nagan Si Lugai Nagan Si Lugai Farmani Naaz Nagan Si Lugai Official Video,10,2026-02-05T10:00:51Z,632424,1678,15,IN
_B-Jj5sGeyU,"सुपरहिट गजानन महाराज भक्ति गीत Gajanan Maharaj Song | Aarti, Bavani, Ashtak | गजानन महाराज गाणी","सुपरहिट गजानन महाराज भक्ति गीत Gajanan Maharaj Song | Aarti, Bavani, Ashtak | गजानन महाराज गाणी 

🔔 सर्व भक्तांना नम्र विनंती आहे की आपण @NovaMarathiBhakti चॅनेलला Subscribe करावे आणि भजनांचा आनंद घ्यावा. तसेच अन्य भक्तांबरोबर Share करावे व Like जरूर करावे. धन्यवाद.
http://bit.ly/NovaMarathiBhakti

📱 Listen to Your Favourite Bhakti Songs, Get Full Lyrics & Meaning, Visit our Website
https://www.NovaSpiritualIndia.com

Popular Gajanan Maharaj Videos
🙏🏻 Shri Gajanan Maharaj Bavani - https://youtu.be/rxGMLnsXGII
🙏🏻 Gajanan Maharaj Aarti - https://youtu.be/CdKCOWt59s0
🙏🏻 Gajanan Maharaj Raksha Mantra - https://youtu.be/dmNHJMJUGd4
🙏🏻 Gajanana Gajanana Shegaviche Gajanana - https://youtu.be/LaVCXGeb7u4
🙏🏻 Gajanan Maharaj Prarthana - https://youtu.be/PVdamONGra8
🙏🏻 Gajanan Maharaj Ashtak - https://youtu.be/Galsh_B67Mc

Song Listing:
00:00 - Intro
00:10 - गजानन महाराज बावनी
06:45 - गजानना गजानना शेगावीचे गजानना
26:27 - गजानन महाराज अष्टक
33:05 - गजानन महाराज स्तोत्र
1:18:47 - तुझ्या दर्शनासी आलो शेगावीच्या देवा
1:23:51 - शेगावीचे राया
1:27:05 - भक्ती मार्ग वरती भेटे
1:32:16 - गजानन महाराज रक्षा मंत्र
1:53:51 - गजानन महाराज मंत्र
2:13:48 - गजानन महाराज आरती

Lyrics:
जय जय सद्गुरू गजानना
Jai Jai Sadguru Gajanana
रक्षक तुची भक्तजना
Rakshak Tuchi Bhakta Jana
निर्गुण तू परमात्मा तू
Nirguna Tu Parmatma Tu
सगुण रूपात गजानन तू
Saguna Rupata Gajanana Tu
सदेह तू परि विदेह तू
Sadeha Tu Pari Videh Tu
देह असूनि देहातीत तू
Deha Asuni Dehatita Tu
माघ वद्य सप्तमी दिनी
Magha Vadya Saptami Dini
शेगांवात प्रगटोनी
Shegavat Pragatoni

उष्ट्या पत्रावळी निमित्त
Ushtya Patravali Nimmitta
विदेहत्व तव हो प्रगट
Videhatva Tava Ho Pragata
बंकटलालावरी तुझी
Bankat-Lala Vari Tuzhi
कृपा जाहली ती साची
Krupa Zahli Ti Saachi
गोसाव्याच्या नवसासाठी
Gosavya Chya Navasasathi
गांजा घेसी लावुन ओठी
Ganja Gheshi Lavun Othi
तव पदतीथें वाचविला
Tava Pada Teerathe Vachavila
जानराव तो भक्त भला
Janarava To Bhakta Bhala

जानकीरामा चिंचवणे
Janaki Rama Chichavane
नासवुनी स्वरूपी आणणे
Naasavuni Swarupi Annanay
मुकिन चंदुचे कानवले
Mukin Chandu Che Kanhavale
खाऊन कृतार्थ त्या केले
Khavun Krutartha Tva Kele
Vihiri Mazi Jalavihina
Kele Deva Jala Bharanna
Madha Mashyanche Dank Tuva
Sahan Sukhe Kele Deva

Tyanche Kaate Yoga Bale
Kadhun Sahaji Dakhavile
Kusti Hari-Shi Khelloni
Shakti Darshana Ghadavoni
Veda Mhanunni Dakhavila
Chakit Dravid Brahman Jhala
Jaltya Paryaka Varati
Brahma Giri La Yeh Prachiti

Takalikar Haridas-Acha
Ashwa Shaant Kela Saacha
Balkrishna Balapura Cha
Samartha Bhakta Chi Jo Hota
Ramadasa Rupe Tyala
Darshana Devoni Tosha Vila
Sukalalachi Gomata
Dwad Bahu Hoti Taata

Krupa Tuchi Hotacha Kshanni
Shaant Jahali Tee Jananee
Ghude Laxman Shegavi
Yeta Vyadhi Tu Niravi
Dambhikata Pari Ti Tyachi
Tu Na Chalavuni Ghe Sachi
Bhaskar Patil Tava Bhakta
Udharila Si Tu Twarit

Aagya Shirasa Vandya
Kaak Hi Manat Tujha Vandya
Vihiri Majhi Rakshiyala
Deva Tu Ganu Jawrya La
Pitambara Karavi Leela
Vathala Aamba Pallavi La
Subuddhi Deshi Joshya La
Maaf Kari To Danda La

Savadad Yethil Ganga Bharti
Thunkuni Varili Rakta Piti
Pundalikache Gandantara
Nishtha Jaannuni Kele Dura
Omkareshwari Phutali Nauka
Tari Narmada Kshannata Eka
Madhava Natha Samaveta
Kele Bhojan Adrushtha

Lokamanya Tya Tilak Ana
Prasad Tuchi Pathavila
Kavar Sutachi Kanda Bhakar
Bhakshilis Tya Prema Khatir
Nagna Baisuni Gaadita
Leela Daavili Vipareeta
Baayaje Chhitti Tava Bhakti

Pundalika Var Virakta Preeti
Bapuna Mani Vitthala Bhakti
Swaye Hoshi Tu Vitthala Moorti
Kavathyachya Tya Warakaryala
Marhi Pasuni Vachavila
Vasudeva Yati Tuja Bhette
Premachi Tee Khoonna Patte
Uddhata Zala Havaldara
Bhasmibhuta Zale Gharadara

Dehanta Chya Nantara Hi
Kiti Jana Anubhav Yei
Padtya Majura Jheliya Le
Baghati Jana Ashcharya Bhale
Angavarati Khamb Pade

Stree Vanche Ashcharya Ghade
Gajananachya Adbhut Leela
Anubhav Yeti Aaja Meetila
Sharan Javuni Gajanana
Dukha Taya Te Kari Kathana
Krupa Kari To Bhaktansi
Dhavuni Yeto Vegesi
Gajananachi Bavanni
Nitya Asavi Dhyani Mani
Bavanna Guru Vari Neme
Kara Patha Bahu Bhakti Ne

Vighne Sari Palati Dura
Sarva Sukhacha Yei Pura
Chinta Sarya Door Kari
Sankatatuni Paar Kari
Sadachar Rata Sada Bhakta
Phalla Labhe Baghta Baghta
Bhakt Bole Jai Bola
Gajanana Chi Jai Bola
Jai Bola Ho Jai Bola
Gajanana Chi Jai Bola

Anant Koti Brahmand Nayak
Maharajadhiraj Yogiraj
Parbrahmha Sachhidanand
Bhakt Pratipalk
Shegaon Nivasi
Samarth Sadguru
Shri Gajanana Maharaj Ki Jai

Join Us
⦿ YouTube: http://bit.ly/NovaMarathiBhakti
⦿ Facebook: https://www.facebook.com/NovaMarathiBhakti
⦿ Instagram: https://www.instagram.com/nova.spiritual.india
⦿ Android App: http://bit.ly/BhajanBhaktiApp
⦿ Website: https://www.medianova.in

#GajananMaharaj #MarathiBhaktiGeete #BhaktiSong",gajanan maharaj bavani gajanan maharaj song gajanan maharaj aarti gajanan maharaj गजानन Gajanan गजानन महाराज बावन्नी गजानन महाराज आरती गजानन महाराज गाणी gajanan bavanni gajanan maharaj bavani marathi gajanan bavani gajananachi bavani bavani gajanan baba ki bavani bavanni gajanan maharaj गजानन बावन्नी bhakti geet marathi marathi bhakti geet Marathi Bhajan bhakti song pahatechi bhakti geete marathi songs marathi song gajanan maharaj ke gane,10,2026-02-08T00:30:07Z,29008,152,10,IN
2YjSHyERzpc,सलवारवा (4K Video) #Khushi Kakkar | Salwarwa | Ft. #Muskan Jaiswal | New Bhojpuri Holi Song 2026,"सलवारवा (4K Video) #Khushi Kakkar | Salwarwa | Ft. #Muskan Jaiswal | New Bhojpuri Holi Song 2026

Make Reels :- https://www.instagram.com/reels/audio/1228402548711313/

►Subscribe Us :- https://bit.ly/49IVAVE

Credits:
►Album :- Salwarwa
►Song :- सलवारवा
►Singer :- Khushi Kakkar
►Lyrics :- Ravi Chauhan
►Music :- Kanha Singh
►Feat :- Muskan Jaiswal
►Director :- Shiv Shyam Production
►Choreographer :- Akash Raj
►DOP :- Rohit Yadav
►Edit :- Sharwan Tiwari
►Makeup :- Sangeeta Yadav
►DI :- Rohit Singh
►Digital :-  Global Music Junction
►Trade Enquiry :- 9958736399
►Label :- West Bhojpuri
________________________________________________________
Follow Us On:
Facebook: https://www.facebook.com/profile.php?id=100088828772184
Instagram: https://www.instagram.com/westbhojpuri/
Telegram: https://t.me/+8A5PbuIQvB45ZDk1
WhatsApp: https://whatsapp.com/channel/0029VaC7uT68qJ00YIok3D1B
________________________________________________________",khushi kakkar khukhi kakkar song salwarwa khushi kakkar holi song khushi kakkar hit songs salwarwa सलवारवा west bhojpuri salwarwa holi song salwarwa song khushi kakkar ke gaane khushi kakkar song khushi kakkar new song 2026 khushi kakkar bhojpuri holi khushi kakkar holi geet new holi song 2026 holi song khushi kakkar holi song 2026 bhojpuri song khushi kakkar latest holi song new holi song salwarwa holi video khushi kakkar holi video holi ke naya gana,10,2026-02-06T01:00:05Z,333143,2170,52,IN
EZwjpJNq_E4,"Rakta Golapa -Official 4K Trailer | Elina, Jayaprakash & Abhishek | Aesthetic Films | Sidharth Music","Are you ready to uncover the truth? 🧐
Can the veil be lifted from this blood-stained tale of love? The truth is never as simple as it seems. Experience the thrill of ""Rakta Golapa""! 🌹
🔪🩸 Releasing on 13th February 2026, in your nearest theatres.
--------------------------------------------------------------------------------
Film Credits
Starring: Elina Samantray, Choudhury Jaya Prakash Das, Abhishek Giri, Samaresh Routray, Hara Rath, Udit Guru
Director: Peenakee Singh & Sisir Kumar Sahu
Producers: Ashrujeet Mahapatra & Shovan Das
Music Composer: Ashish Pradhan
Director of Photography: Yudhisthira Behera
Item Song DOP: Iswar Barik
Screenplay & Dialogue: Amit Kumar Dash & Anil Barik
Executive Producer: Sradhasuman Mohapatra
Lyrics: Ranjan Nayak, Rakesh Dash, Sumit Panda & Ashrit Mohapatra
Editor: Ankit Bidyadhar & Peenakee Singh
Chief Assistant Director: SK Sabir
1st Assistant Director: Haris Sethy
2nd Assistant Director: Sujit Nayak
3rd Assistant Director: Khirodh Kumar Jena
Art Director: Sudhanshu Bhusan Mohanty (Nilu)
Action Director: Raja D
Choreographer: Amit Nayak & Team (Patal Ghanta Dance Number)
Costume Designer: Arun Behera
Sound Designer: Shakti Swaroop Dwidedy
Sync Sound Recordist: Abhijit Senapati
Background Score - Ashish Pradhan & Roumyaj Pradhan

IT Support : Durga Prasad Das
Music Supervisor : Sangram Swain
Digital Coordinator: Sudhir Kumar Behera
OTT Coordinators: Pratap & Mrutyunjay
Banner : Sidharth Music
Music Label: Sidharth Music
FM Partner: 91.9 Sidharth FM
Channel Partner: Sidharrth TV
Promotional Partner: Sidharth Gold
------------------------------------------------------
Watch & Subscribe to our other YouTube Channels:
👉 Sidharth TV: http://www.youtube.com/c/SidharthTV 
👉 Sidharth Music: http://www.youtube.com/c/SidharthMusic 
👉 Sidharth Utsav: https://www.youtube.com/c/SidharthBhakti
👉 Jay Jagannath TV :https://www.youtube.com/@JayJagannathTVofficial
👉 Namita Agrawal : https://www.youtube.com/c/NamitaAgrawal 
------------------------------------------------------
Enjoy & stay connected with us!
👉 Like us on Facebook: https://www.facebook.com/officialsidharthmusic
👉 Follow us on Instagram: https://www.instagram.com/sidharthmusicofficial/
👉 Follow us on X(Twitter):  https://x.com/Sidharth_Music
-----------------------------------------
#RaktaGolapa #ElinaSamantaray #SidharthMusic #AestheticFilms #RaktaGolapaTrailer",Rakta Golapa Rakta Golapa Trailer Rakta Golapa Official Trailer Rakta Golapa 4K Teaser Rakta Golapa Movie Rakta Golapa Odia Movie Rakta Golapa Suspense Thriller Rakta Golapa Sidharth Music Rakta Golapa Aesthetic Films Elina Samantray Movie Elina Samantray New Movie Sidharth Music Movie Elina Samantray Rakta Golapa rakta golapa odia movie rakta golapa odia movie trailer rakta golapa odia movie song rakta golapa odia movie new rakta golapa odia trailer,10,2026-02-07T09:00:07Z,30023,1908,196,IN
WVqOmkRSgQc,Google Bata Do Khush Rehne Ki Dawai 💔🍻 | Sad Heart Touching Song | NiteshJiKeGaane New Song 2026,"Google Bata Do Khush Rehne Ki Dawai 💔🍻 | Sad Heart Touching Song | NiteshJiKeGaane New Song 2026


google bata do khush rahane ki dawai
गूगल बता दो खुश रहने की दवाई
google bata de khush rahane ki dawai
google bata de
google batao khush rahane ki dawai
google batao khush rehne ki dawai
google bata do
gugal batado khuse rahne ki davai
google
google batao
google bata do khush rahane ki dawai gana
google song
google bata de khush rahane ki dava
गूगल बता दे खुश रहने की दवाई
google bata do khush rahane ki dava
googal bata do khush rahne ki dawa
google bta do khush rahne ki dawai
google bata de khush rehne ki dawai
google bata de khush rahane ki dawai gana



Google bata do khush rehne ki dawai 💔
Dil toot chuka hai yaar, bas yaadein reh gayi hai 😢

Ye gaana un sab ke liye hai jo:
👉 Bewafai seh chuke hain
👉 Raat ko tanha baith ke dard peete hain
👉 Jinka dil aaj bhi kisi ke liye rota hai

Is song ko suno, feel karo aur apne dard ko halka karo 💙

Agar dil ko chhoo jaye to LIKE 👍
Apne doston ke saath SHARE karo

Channel ko SUBSCRIBE zarur karna 🔔
Singer/Lyrics – NiteshJiKeGaane

Original Song Official Song _Only NiteshJiKeGaane

Sad | Heart Touching | Breakup Song

This song is for entertainment purpose only.
Google is a registered trademark of Google LLC.
We do not claim any association with Google.

This song is for entertainment purpose only.
Google is a registered trademark of Google LLC.
No affiliation or sponsorship is intended



#GoogleBataDoKhushRehneKiDawai
#SadSong
#HeartTouchingSong
#BreakupSong
#EmotionalSong
#Bewafa
#DardBharaSong
#NewSadSong2026
#NiteshJiKeGaane
#HindiSadSong
#AloneVibes
#PainfulSong
#BrokenHeart
#NightVibes
#ReelsTrending

Is channel par aapko milenge dil ko chhoo jaane wale sad songs, emotional love songs, broken heart melodies aur mind relax kar dene wale remix & original tracks ❤️‍🩹🎵
Agar aap bhi true love, dard, yaadon, judaai aur real emotions ko mehsoos karte ho, to ye channel aapke liye hi hai 💔✨

🎤 Singer: {Nitesh thakur}
✍️ Lyrics: {NiteshJiKeGaane}
🎶 Music: {NiteshJiKeGaane}
📽️ Video/Edit: {NiteshJiKeGaane}
📀 Label: {NiteshJiKeGaane}

🎧 Headphones laga ke suniye
💭 Aankhon ko band karke mehsoos kijiye
❤️ Har song dil se bana hai
👉 Like, Share & Comment karke batana zaroor ki kaunsa song aapke dil ko chhoo gaya
👉 Subscribe karein aur bell icon 🔔 dabayein taaki har naya song sabse pehle mile
📌 Music is not just sound, it’s a feeling.

👉 LIKE 👍 agar song dil ko chhoo jaye
👉 COMMENT 💬 apna dard ya feelings share karein
👉 SHARE 🔁 un logon ke saath jo ye feel samajh sakte hain
👉 SUBSCRIBE 🔔 for daily new emotional songs
📌 Every song has a story, every story has a pain.

#HindiSong, #SadSong, #EmotionalSong, #HeartTouchingSong, #BrokenHeart
#LoveSong, #NewHindiSong, #SadLoveSong, #IndianSongs
#BollywoodStyleSong, #EmotionalMusic, #MindRelaxSong
#BreakupSong, #PainfulLove, #TrueLoveFeels
#SadStatusSong, #HeartBrokenSong, #MelodySong
#HindiSadSong, #RomanticSadSong ,#NiteshJiKeGaane
#RemixSong, #SadRemix, #LoFiSong, #SlowReverb, #DJRemix#retro #music

You contact me..
Instagram _NiteshJiKeGaane789
Main Channel_NiteshJiKeGaane

Don't forget to subscribe 🔔🙏❤️‍🩹



This song is for entertainment purpose only.
Google is a registered trademark of Google LLC.
We do not claim any association with Google.

This song is for entertainment purpose only.
Google is a registered trademark of Google LLC.
No affiliation or sponsorship is intended.
Ask",new Hindi song new Hindi song 2026 new song 2026 new sad song new sad song 2026 sad songs sad songs 2026 Retro songs 2026 Retro songs Trending songs NiteshJiKeGaane lyrics lyrics video latest hindi song Emotional song study music music new Hindi music new music breakup song sad romantic songs romantic song Love song 2026 explorepagr shorts YouTubershorts for you for you page tiktokgame USA Google Google bata do Google bata do khush Newsong2026,10,2026-02-05T02:00:37Z,423933,3033,57,IN
kNMuQnztxUQ,"#Video | Hero जीजा | #Ankush Raja, #Shivani Singh | Bhojpuri Holi Song 2026","► Subscribe Now :- https://goo.gl/gN4hrj

►Album :-  Hero जीजा 
►Song   :- Hero Jija 
►Singer :- Ankush Raja ,Shivani Singh 
►Featuring :- Gauri Subba 
►Music :- Vicky vox 
►Writer :- Bos Rampuri 
►Director :- Goldi Jaiswal 
►Choreographer :- Sunny Sonakar 
►DOP :- Gaurav Rai 
►Edit :- Pappu Verma 
►DI :- Rohit Singh
►Manager :- Neta Ji ( Nitesh Yadav) 
►Guardian :- Lakhan Baba  
►Poster :-  Sawan GFX 
►Company/ Level :- Ankush Raja Official
____________________________________________
► Digital Head :- Vicky Yadav 
► Digital Partner :- Marsorbit Entertainment Pvt Ltd 
____________________________________________


___________________________________________
Trade Enquiry :- Nitesh Yadav Neta ji (Ankush Raja's Manager ) 
💌 Gmail:- ankushrajaofficial01@gmail.com
____________________________________________

#ankushraja #bhojpurisong #torabahinkesotamaro#trendingsong #bhojpuri#viral #asthasingh",Ankush Raja Shivani Singh ankush raja holi song ankush raja holi song 2026 ankush raja holi new song ankush raja new holi song ankush raja new holi song 2026 ankush raja new holi shivani singh holi song holi song holi song bhojpuri holi ke gana new holi song 2026 bhojpuri ankush raja bhojpuri holi song 2026 ankush raja new song ankush raja ke gana Hero जीजा,10,2026-02-05T01:26:21Z,642475,10644,302,IN
UVqjs4rP2hI,Teri Yaadon ki Chadar Odhe || तेरी यादों की चादर ओढ़े || Insta Trending song #bollywood #hindisongs,"Teri Yaadon ki Chadar Odhe || तेरी यादों की चादर ओढ़े || Insta Trending song #bollywood #hindisongs
Teri Yaadon ki Chadar Odhe || तेरी यादों की चादर ओढ़े || Insta Trending song #bollywood #hindisongs
Teri Yaadon ki Chadar Odhe || तेरी यादों की चादर ओढ़े || Insta Trending song #bollywood #hindisongs
Teri Yaadon Ki Chadar Odhe   Official Video   Dil Ne Tera Naam Liya   #bollywood #hindisong #2026challenge 
#hindisong 
#hindudevotionalsong 
#90sbollywood 
#hindisong 
#love 
#bollywoodfeelings
#teriyaadonkichadarodhe #hindisongs #bollywood #instatrending #reelsviral",Teri Yaadon ki Chadar Odhe तेरी यादों की चादर ओढ़े Teri Yaadon Ki Chadar Odhe Song Teri Yaadon Ki Chadar Teri Yaadon Ki Chadar Odhe Hindi Song Teri Yaadon Ki Chadar Odhe Trending Song Hindi Love Song Sad Romantic Hindi Song Bollywood Sad Song Emotional Love Song Heart Touching Hindi Song Breakup Song Hindi Bollywood Love Song Romantic Hindi Song Shorts Viral Hindi Song Viral Hindi Song Hindi Songs 2026,10,2026-02-05T02:30:35Z,86419,550,17,IN
Plgi1cpQzBY,Chand Taare | Addi Kalyan | Ft. Mohit Rohil & Himanshi Khatri | New Haryanvi Song 2026,"Aneet Music brings you beautiful melodious romantic song 'Chand Taare' by Addi Kalyan , featuring very popular Mohit Rohil & Himansi Khatri

Susbscribe  ‪@AneetMusic‬ 

#Chandtaare #Addikalyan #Mohitrohil #Himanshikhatri #aneetmusic #newharyanvisong2026 #haryanvisongs2026 #haryanvisong2026 #haryanvisongs #haryanvisong #valentinespecial

Song - Chand Taare
Singer / Lyrics - Addi Kalyan
Music - Sunil Balhara
Featuring - Mohit Rohil, Himanshi Kharti
Video - Meet Chuli
Design - B Town Graphics
Special Thanks - Anuj Bishnoi , Amit Sheoran, Aman Bhyan, Ankit Saharan

Producer - Satish Sheoran , Aman Loura, Jeet Ruhal 
Presenting Label - Aneet Music

Reels Promotion - Groww Reels ( Mandeep Chahal - 90562 70597)

LOVE !! LIKE !! COMMENTS !! SUBSCRIBE

For Song Releasing
Subscribe Channel -   ‪@AneetMusic‬ 


Chand Taare  Addi Kalyan, Ft. Mohit Rohil, Himanshi Khatri | New Haryanvi Song 2026

latest haryanvi song 
latest haryanvi song 2026
latest best song 
new haryanvi song 
new haryanvi 2026
best haryanvi song
best haryanvi song 2026
new romantic song 
new romantic song 2026
new love song 
romantic song
valantine days song 
best valantine song 
valantine special 
latest valantine song 
valantine song 2026
valantine special song 2026
latest valantine days song 
romantic haryanvi song 2026",chand taare song chand taare himanshi khatri song mohit rohil song love song romantic song best romantic song valantine day song best romantic song 2026 addi kalyan new song addi kalyan song new haryanvi song new haryanvi song 2026 haryanvi romantic song romantic gaane haryanvi gaane gaane songs haryanvi songs best haryanvi songs 2026 best haryanvi song aadi kalyan song new song love songs 2026 latest haryanvi song 2026,10,2026-02-08T05:38:06Z,39525,6298,1695,IN
SoA14yM-AzU,#Video | रोटिया बेलही के परी | Srishti Bharti | Rotiya Belahi Ke Pari | Bhojpuri Video Song 2026,"#Video | रोटिया बेलही के परी | Srishti Bharti | Rotiya Belahi Ke Pari | Bhojpuri Video Song 2026
#Video | रोटिया बेलही के परी | Srishti Bharti | Rotiya Belahi Ke Pari | Bhojpuri Video Song 2026
#Video | रोटिया बेलही के परी | Srishti Bharti | Rotiya Belahi Ke Pari | Bhojpuri Video Song 2026
#Video | रोटिया बेलही के परी | Srishti Bharti | Rotiya Belahi Ke Pari | Bhojpuri Video Song 2026
#Video | रोटिया बेलही के परी | Srishti Bharti | Rotiya Belahi Ke Pari | Bhojpuri Video Song 2026
#Video | रोटिया बेलही के परी | Srishti Bharti | Rotiya Belahi Ke Pari | Bhojpuri Video Song 2026
#Video | रोटिया बेलही के परी | Srishti Bharti | Rotiya Belahi Ke Pari | Bhojpuri Video Song 2026
#Video | रोटिया बेलही के परी | Srishti Bharti | Rotiya Belahi Ke Pari | Bhojpuri Video Song 2026
#Video | रोटिया बेलही के परी | Srishti Bharti | Rotiya Belahi Ke Pari | Bhojpuri Video Song 2026


srishti bharti,srishti bharti new song,srishti bharti bhojpuri song,srishti bharti ke gana,srishti bharti song,srishti bharti ka song,srishti bharti hit song,srishti bharti new gana,srishti bharti ka gana,srishti bharti all song,new bhojpuri song,रोटिया बेलही के परी,srishti bharti Rotiya Belahi Ke Pari,Rotiya Belahi Ke Pari srishti bharti,Rotiya Belahi Ke Pari,srishti bhatia viral song,srishti bharti bhojpuri song 2026,new bhojpuri song 2026",srishti bharti srishti bharti new song srishti bharti bhojpuri song srishti bharti ke gana srishti bharti song srishti bharti ka song srishti bharti hit song srishti bharti new gana srishti bharti ka gana srishti bharti all song new bhojpuri song रोटिया बेलही के परी srishti bharti Rotiya Belahi Ke Pari Rotiya Belahi Ke Pari srishti bharti Rotiya Belahi Ke Pari srishti bhatia viral song srishti bharti bhojpuri song 2026 new bhojpuri song 2026,10,2026-02-05T08:25:51Z,85005,384,4,IN
qrIYB9Uda2E,Teri Yaadon ki Chadar Odhe    तेरी यादों की चादर ओढ़े    Insta Trending song #bollywood #hindisong 1,"Teri Yaadon Ki Chadar Odhe (Official Video ) (Dil Ne Tera Naam Liya) || Romantic Bollywood Hits Song 2026
Dil Ne Tera Naam Liya 2.0 💞 90s Bollywood Romantic Vibe | Soulful New Version

Song - Teri Yaadon Ki Chadar Odhe
Singer- Shobi Sarwan 


तेरे बिना सूना है जहाँ, तेरे बिना तन्हा है दिल,
तेरे बिना हर धड़कन में, बस गूँजता है तेरा सिलसिला।
तेरी यादों की चादर ओढ़े, हर रात गुज़र जाती है,
तेरी तस्वीर आँखों में, फिर भी आँखें भीग जाती हैं।

दिल ने तेरा नाम लिया, हर साँस ने तेरा नाम लिया… (2)

तेरे होंठों की मुस्कान में, मैंने खुदा का नूर देखा,
तेरे आँचल की छाँव में, सारा सुकून देखा।
तेरी आवाज़ में वो मिठास है, जो साजों को जगा देती है,
तेरी खामोशी भी अब तो, मेरी रूह को सजा देती है।

दिल ने तेरा नाम लिया, हर साँस ने तेरा नाम लिया… (2)

कभी तेरी बातें याद आईं, तो दिल मुस्कुरा उठा,
कभी तेरी दूरी ने छू लिया, तो दिल बिखर उठा।
तेरे बिना जो जीना पड़ा, वो जीना ना रहा,
तेरे बिना हर लम्हा मेरा, अधूरा-सा रहा।

दिल ने तेरा नाम लिया, हर साँस ने तेरा नाम लिया… (2)

तेरे जाने के बाद भी, तेरा एहसास रहता है,
हर शाम तेरी यादों का, साया पास रहता है।
तेरे ख़त के अक्षर अब भी, महकते हैं जैसे फूल,
तेरे नाम से ही चलती हैं, मेरी हर मंज़िल की धूल।

दिल ने तेरा नाम लिया, हर साँस ने तेरा नाम लिया… (2)

तेरी आँखों में जो गहराई है, उसमें मेरा जहाँ है,
तेरे इश्क़ की पनाहों में, मेरी पहचान है।
तेरी राहों में बिछ जाऊँ, अगर तू मुस्कुराए,
तेरी ख़ुशी में अपनी हर सांस, मैं कुर्बान कर जाऊँ।

दिल ने तेरा नाम लिया, हर साँस ने तेरा नाम लिया… (2)

कभी खामोशी में तेरा नाम लूँ, तो आँसू चल पड़ते हैं,
कभी तेरे ख़्वाबों में खो जाऊँ, तो लम्हे थम पड़ते हैं।
तेरे जाने के बाद भी, दिल तुझसे बातें करता है,
हर तन्हा रात में अब भी, तेरा ही ज़िक्र करता है।

दिल ने तेरा नाम लिया, हर साँस ने तेरा नाम लिया… (2)

अब बस इतना कह दूँ तुझसे, लौट आ किसी बहाने,
तेरे बिना ये दिल मेरा, टूटे पत्ते जैसा दीवाने।
तेरे प्यार में ही तो मेरी, दुनिया पूरी होती है,
तेरे आने से ही मेरी, ज़िंदगी रोशन होती है।

दिल ने तेरा नाम लिया, हर साँस ने तेरा नाम लिया… (2)

#pyarbharegeet
#BollywoodSongs
#HindiSongs
#BollywoodMusic
#IndianSongs
 #HindiMusic
#BollywoodHits #EvergreenSongs #OldIsGold #MusicLovers #HindiMelodies
💖 Romantic Bollywood Songs
#RomanticSongs #BollywoodRomance #LoveSongs #HindiRomanticSongs
#BollywoodLove #HeartTouchingSongs #RomanticMelodies #HindiLoveSongs
💔 Sad & Emotional Bollywood Songs 
#SadSongs #BollywoodSadSongs #EmotionalSongs #BrokenHeartSongs
#HindiSadSongs #PainfulSongs #HeartbreakSongs #BollywoodFeelings
🔥 Popular & Trending 
#TrendingSongs #ViralSongs #YouTubeMusic #MusicVideo
#BollywoodVibes #HindiAudio #MusicChannel
“Dil Ne Tera Naam Liya 2.0” — a soulful recreation of a 90s Bollywood classic, bringing back the essence of old is gold with a fresh and modern touch.
This song blends nostalgic romance with new-age sound, creating a melody that touches the heart and revives golden memories.

🎧 Vibe: Old is Gold – 90s Bollywood Romantic
🎤 Vocals: Male & Female Duet
🎼 Genre: Soulful Love Melody | Romantic Recreated Version
💖 Mood: Nostalgic | Heartfelt | Emotional

Experience the timeless beauty of love once again with Dil Ne Tera Naam Liya 2.0 — where every note speaks of true feelings.

👉 Subscribe for more recreated Bollywood-style romantic songs.

dil ne tera naam liya 2.0
dil ne tera naam liya new version
old is gold new version
90s bollywood romantic song
soulful hindi love song
emotional romantic song
bollywood cover song 
evergreen hindi song
classic bollywood vibe
nostalgic melody 
old song new version 
swar wawe official 
romantic melody 2025
heart touching song
retro bollywood romance

#DilNeTeraNaamLiya2 #OldIsGold #RomanticSong #90sBollywood #LoveMelody #SwarWaweOfficial




teri yaadon ki chadar odhe,teri yaadon ki chadar odhe song,teri yaadon ki chadar odhe ringtone,teri yaadon ki chadar odhe dj,teri yaadon ki chadar odhe hue raat gujar jaati hai,teri yaadon ki chadar odhe video song,teri yaadon ki chadar odhe original song,teri yaadon ki chadar odhe raat gujar jaatihai,teri yaadon ki chadar odhe hindi song,teri yaadon ki chadar odhe full song,Teri Yaadon Ki Chadar Odhe (Official Video ) (Dil Ne Tera Naam Liya) || Romantic Bollywood Hits Song",dil ne tera naam liya) || romantic bollywood hits song 2026 teri yaadon ki chadar odhe official video teri yaadon ki chadar odhe viral song teri yaadon ki chadar odhe lyrics new hindi song teri yaadon ki chadar odhe teri yaadon ki chadar odhe teri yaadon ki chadar odhe new song teri yaadon ki chadar odhe trending song teri yaadon ki chadar odhe song teri yaadon ki chadar odhe love teri yaadon ki chadar odhe dj song teri yaadon ki chadar odhe dj remix bollywood vibe,10,2026-02-05T00:45:04Z,55018,333,9,IN
PYmKIMwXsSg,DELHI SE MANALI (LADKA TERA DIWANA) | BADSHAH X SIRAZEE X MANJU NAUTIYAL | (Official Music Video),"This sound is raw, rooted, and real.  Jaise Pahadi rahenge waise hi pahadi music rahega. Much love to the mountains. Always.
Proud to stand with pahadi artists, pahadi sound and pahadi culture. Go Check out now ! 


#Badshah #DelhiSeManali #ladkateradiwana #ladkateradeewana

Audio Credits :
➟ Performed By Badshah, Sirazee & Manju Nautiyal
➟ Lyrics By Badshah & Sirazee
➟ Composed By Badshah & Sirazee
➟ Music Produced By Sirazee
➟ Mixed By Sirazee
➟ Mastered By Hiten

Video Credits:
A film by  - B2gether pros
➟ Directors: Mahi Sandhu, Joban Sandhu
➟ Co-Director: Sharan Sandhu
➟ Associate Director: Ad Sing
➟ Assistant Director: Arsh
➟ Executive Producer: Arman Dhillon
➟ Edit & Colour Grading: Mr. Editor
➟ Line Producer: Karann Film Production
➟ Production Assistants: Sachin Sharma, Arsh
➟ Director of Photography (DOP): Prabh
➟ Makeup & Hair (Female Lead): Manya, Rozy
➟ Drone: Tanish Drone
➟ Casting: Symphonic Arts
➟ Female Costume: Sparsh
➟ Manali Line Producers: Ramesh Rajnu & Mohit (RR Production)
➟ Location Manager: Rishi
➟ Juniors: Rinki

​Team Badshah
➟ Hair: Javed Sheikh
➟ Makeup: Swapnil Haldankar 
➟ Security: Mohit Hooda

📝 Lyrics
(Chorus)
Delhi Se Manali 
Rata Pada Ye Fhasaana  
Dil Se Dil Tu Mila Le 

Ladka Tera Diwana

Delhi Se Manali 
Rata Pada Ye Fhasaana  
Dil Se Dil Tu Mila Le 

Ladka Tera Diwana

Ladka Tera Diwana
Ladka Tera Diwana
Ladka Tera Diwana
Ladka Tera Diwana

Ghala Mala Kala
Ghala Mala Kala
Ghala Mala Kala
Ghala Mala Kala

Ghala Mala Kala
Ghala Mala Kala
Ghala Mala Kala
Ghala Mala Kala

Ghala Mala Kala
Fuka Ke 
Ghaghre Ko Tu 
Ghooma De
O Jhooma Jhooma
Jhuma Ke
O Duniya Mujh Ko 
Bhula De
O Lugdi - Chakti - Meat 
Patakti Fit Fatakhdi Ho
O Chantdi - Toldi
Toldi - Chantdi
Zhuri Trakdi Ho
O Lugdi - Chakti - Meat 
Patakti Fit Fatakhdi Ho
O Chantdi - Toldi
Toldi - Chantdi
Zhuri Trakdi Ho

Delhi Se Manali 
Rata Pada Ye Fhasaana  
Dil Se Dil Tu Mila Le 

Ladka Tera Diwana

Ladka Tera Diwana
Ladka Tera Diwana
Ladka Tera Diwana
Ladka Tera Diwana

Ghala Mala Kala
Ghala Mala Kala
Ghala Mala Kala
Ghala Mala Kala

Ghala Mala Kala
Ghala Mala Kala
Ghala Mala Kala
Ghala Mala Kala

Killer Killer Killer
Ladki
Killer Killer Killer
Natural No Filler Filler
Pura Thriller Thodi Ka Til
Dilli Se Manali
Nikli Defender Kali
Bich Mai Pad Gya 
Kullu Jilla 
Jha Pe Ladgaya Mera Dil
Chutki Motki
Banthana Totki
Lotki Ghote Ki
Pone 6(che) Foot Ki
Ghoont Wo Cheesh Ki
Khiski Khiski
Gori Chitti Dekho
Lishki Lishki

Delhi Se Manali 
Rata Pada Ye Fhasaana  
Dil Se Dil Tu Mila Le 

Ladka Tera Diwana

Ladka Tera Diwana
Ladka Tera Diwana
Ladka Tera Diwana
Ladka Tera Diwana

Ghala Mala Kala
Ghala Mala Kala
Ghala Mala Kala
Ghala Mala Kala

Ghala Mala Kala
Ghala Mala Kala
Ghala Mala Kala
Ghala Mala Kala

Subscribe and click the bell icon to get notified. http://bit.ly/BadshahYT

Follow me on :
Instagram : https://www.instagram.com/badboyshah
Facebook : https://www.Facebook.com/OfficialBadshah
Twitter : https://Twitter.com/its_Badshah",badshah badshah live badshah news songs latest badshah songs,10,2026-02-08T05:30:08Z,167224,24338,1106,IN
3OyHSNILNT4,"#Video | खाली जीजवे से डलवावही होलिया में मौगी | #Aadi Ayush Babu, #Anjali Bharti | #Holi Song 2026","#Video | खाली जीजवे से डलवावही होलिया में मौगी | #Aadi Ayush Babu, #Anjali Bharti | #Holi Song 2026

➤ Subscribe Now :- https://www.youtube.com/@aanvientertainment


➤ Album :- खाली जीजवे से डलवावही होलिया में मौगी
➤ Song :- Kahli Jijve Se Dalvavhi Holiya Me Maugi
➤ Singer :- Aadi Ayush Babu, Anjali Bharti
➤ Lyrics :- Vicky Bihari  
➤ Music :- Deepak Pandey 
➤ Video Dr :- Riyaansh Babu & Ajay Singh 
➤ Video Mix :- Harimohan Singh
➤ Concept :- Anshu Shekhar Singh
➤ Digital Head :- Aman Kumar
➤ Label / Company :- Aanvi Entertainment

     
➤ Company Brand :- Aanvi Entertainment
➤ Subscribe Our Channel :- https://www.youtube.com/@aanvientertainment

➤ Producer :-  Anshu Shekhar Singh 
➤ Trade Enquiry :- 8002694188

➤ Digital Head :- Aman Kumar (9958561633)


➤ Thanks For Watching Our  Channel.
➤ Have A Nice Day ...
➤ Subscribe For More Updates ..",maghi holi song 2026 new maghi holi song 2026 maghi new holi song 2026 maghi holi song maghi holi 2026 holi song maghi new maghi holi song maghi holi song new 2026 holi song maghi new holi song sonam yadav holi song maghi maghi holi geet 2026 ka new holi maghi songs aadi aysuh babu ka gana aadi ayush babu holi song anjali bharti holi song anjali bharti magahi song खाली जीजवे से डलवावही होलिया में मौगी khali jijve se dalvavhi holiya me maugi,10,2026-02-06T13:00:10Z,122006,362,6,IN
OteBgWaOdT0,"रविवार के दिन जरूर अपने घर में ये सुंदरकांड चलाकर रख देना कर्ज ,बीमारी खत्म और धन वर्षा शुरू","रविवार के दिन जरूर अपने घर में ये सुंदरकांड चलाकर रख देना कर्ज ,बीमारी खत्म और धन वर्षा शुरू#sundarkandpath                 

Song - Sampurn Sundarkand
Singer - Manoj Mishra


#sampurnsunderkand    
#sunderkand             
#bhajan               
#bhakti             
#सुन्दरकाण्डपाठ
#sunderkandlive 
 #hanumanmahima  
#sunderkandkatha  
#सुन्दरकाण्डपाठ 
#sunderkandinhindi
#livebhajan 
#सुन्दरकाण्डपाठ 
#sunderkandkatha 
#sunderkandinhindi 
#fastsundarkand 

Sunderkand by  Rasraj ji maharaj, Hindi sunderkand path, 2024 Sunderkand,  sunderkand path, full sunderkand path by  Suresh Wadkar, Saturday special sunderkand, hanuman sunderkand in hindi, sampurn sunderkand path,hanuman katha, rasraj ji maharaj sunderkand, hanuman,sunderkand ka paath,sampurn sunderkand,sunderkand fast,2024 sunderkand, sunderkand with lyrics,shri hanuman sampuran sunderkand, sampoorna sunderkand,hanuman ji sundarkand path, sunderkand katha, sunder kand path,hanuman ji bhajan, sunderkand rasraj maharaj, Sunderkand Bhajan, Lyrical sunderkand, sampurn lyrical sunderkand path, shree ram charit manas, बालकाण्ड से लवकुश कांड तक सम्पूर्ण रामायण पाठ, बालकाण्ड, अयोध्याकाण्ड, अरण्यकाण्ड, किष्किन्धाकाण्ड, सुन्दरकाण्ड, लंकाकाण्ड (युद्धकाण्ड) और उत्तरकाण्ड, सम्पूर्ण रामायण सात काण्डों, Sampuran Ramayan, Ramayan Navanh Parayan, Balkand, Kishkindhakand, Lankakand, Ayodhyakand, Aranyakand, Uttarkand, Ramayan, Sunderkand, sunderkand by rasraj maharaj, sampurn sunderkand paath fast",,10,2026-02-07T23:00:24Z,41311,622,60,IN
N2y8ZzeyOzQ,Khatu Shyam Bhajan || सांवरिया करदे बेड़ा पार ||Pitram Sharma||Sunil Sharma|| New Khatu Bhajan(2026),"Khatu Shyam Bhajan || सांवरिया करदे बेड़ा पार ||Pitram Sharma||Sunil Sharma|| New Khatu Bhajan(2026)

Khatu Shyam Bhajan || सांवरिया करदे बेड़ा पार ||Pitram Sharma||Sunil Sharma|| New Khatu Bhajan(2024)

Cont :- नए भजन बनवाने के लिए संपर्क करे
           Mob, 9784925374
#Song:- सांवरिया करदे बेड़ा पार

#Singer:- Sunil Sharma Dhingadiya
   (8290309002) For Kirtan Booking 
#Composer - Sunil Sharma Dhingadiya

#Writer:-Pitram Sharma (9300044051)

#Cont For Company - 9784925374

#Label:-JSB Bhakti Voice

Topic Search :-

(khatu shyam ringtone 2024,
khatu shyam ringtone new,
ud jaaiye re kabutar khatu jaiye tu,
khatu shyam ringtone song,
khatu shyam ringtone dj,
khatu shyam ringtone status,
khatu shyam ringtone mp3,
khatu shyam ringtone audio,
khatu shyam ringtone all,
khatu shyam ringtone app,
khatu shyam aarti ringtone,
khatu shyam alarm ringtone,
khatu shyam aarti ringtone download,
khatu shyam ki ringtone acchi,
khatu shyam ringtone bansuri,
khatu shyam baba ringtone,
khatu shyam bhajan ringtone 2024,
khatu shyam baba ringtone 2024,
khatu shyam bhajan ringtone mp3 download,
khatu shyam best ringtone 2024,
khatu shyam call ringtone,
mor chadi khatu shyam ringtone,
khatu shyam ringtone download,
khatu shyam ringtone dhun,
khatu shyam ringtone dj remix,
khatu shyam ringtone dj mix,
khatu shyam ringtone download pagalworld,
khatu shyam ringtone dinanath meri baat,
khatu shyam ki ringtone download,
khatu wale shyam ringtone download,
khatu shyam ke ringtone download,
khatu shyam ji ringtone download,
khatu shyam ringtone flute,
khatu shyam ringtone free download,
khatu shyam ji flute ringtone,
khatu shyam ki ringtone gam bhari,
khatu shyam ke gane ringtone,
khatu shyam ka gana ringtone,
khatu shyam haryanvi ringtone,
khatu wala shyam hai ringtone,
hare ka sahara khatu shyam hamara ringtone,
mera khatu wala shyam hai ringtone,
khatu shyam ka janamdin aaya hai ringtone,
khatu wala shyam mera yaar hai ringtone,
hare ka sahara khatu shyam ringtone,
hare ka sahara baba khatu shyam hamara ringtone,
khatu shyam bhajan instrumental ringtone,
khatu shyam ji instrumental ringtone,
khatu shyam ringtone jaya kishori,
khatu shyam ji ringtone,
khatu shyam ji ringtone 2024
khatu shyam ji ringtone new,
khatu shyam ji ringtone latest,
jay shri khatu shyam ringtone,
jay khatu shyam message ringtone,
khatu shyam ringtone kanhiya mittal download,
khatu shyam ki ringtone,
khatu shyam ke ringtone,
khatu shyam ki ringtone new,
khatu shyam ki ringtone 2024,
khatu shyam ki ringtone bhajan,
khatu shyam katha ringtone,
khatu shyam ringtone latest,
khatu shyam ringtone lakhbir singh lakkha,
khatu shyam ringtone new latest,
khatu shyam ki ringtone kaise lagaye,
new khatu shyam baba latest ringtone,
khatu shyam ringtone mobile,
khatu shyam ringtone music,
khatu shyam ringtone mp3 download,
khatu shyam message ringtone,
khatu shyam mantra ringtone,
khatu shyam ringtone new 2024,
khatu shyam ki ringtone nai,
khatu shyam ji new ringtone 2024,
khatu shyam ji ki ringtone new,
khatu shyam baba ki ringtone new,
new khatu shyam ringtone,
new khatu shyam ringtone 2024,
khatu shyam ji ki new ringtone,
khatu shyam new song ringtone,
khatu shyam baba ki new ringtone,
khatu shyam ji ke new ringtone,
khatu shyam ringtone old,
o kon he khatu shyam ringtone,
ringtone of khatu shyam ji,
ringtone of khatu shyam,
o mere khatu wale shyam ringtone,
khatu shyam ringtone punjabi,
khatu shyam ringtone phone,
khatu shyam ringtone pagalworld,
khatu shyam ji phone ringtone,
khatu shyam ki phone ki ringtone,
khatu shyam ringtone remix,
khatu shyam ringtone ringtone,
khatu shyam rajasthani ringtone,
khatu shyam ki ringtone remix,
khatu ko shyam rangilo re ringtone,
ja re kabutar khatu shyam ringtone,
khatu shyam ringtone sanjay mittal download,
khatu shyam ringtone sad,
khatu shyam sms ringtone,
khatu shyam special ringtone,
khatu shyam stuti ringtone,
khatu shyam ringtone tune,
khatu shyam top ringtone,
khatu shyam tone ringtone,
khatu shyam trending ringtone,
khatu wale shyam teri ringtone,
khatu shyam ji top ringtone,
khatu shyam video ringtone,
khatu shyam ki ringtone video,
khatu shyam wali ringtone,
khatu shyam wale ringtone,
khatu shyam wala ringtone,
khatu wale shyam ringtone mp3,
khatu shyam ki ringtone badhiya wali,
khatu shyam wale baba ringtone,
khatu wala shyam dhani mera yaar ringtone,
khatu shyam ringtone zedge,
khatu shyam ringtone 2024,
khatu shyam ringtone 2024,
खाटू श्याम रिंगटोन 2024,
 shyam status,khatu shyam ringtone 2024,khatu shyam ji ringtone,khatu shyam special ringtone,khatu shyam ringtune,khatu shyam bhajan,khatu shyam bhajan ringtune,khatu shyam ringtone,shyam baba ringtone,new khatu shyam ringtone,khatu shyam status new,khatu shyam baba ringtone,khatu shyam ji ki ringtone,khatu shyam ji ka ringtone,khatu shyam ji ringtone 2024,khatu shyam new ringtone 2024,khatu shyam baba status
Vijay Rajput",khatu shyam ji bhajan sawariya kardo beda paar ringtune sanwariya kardo beda paar 2024 trending viral bhajan 2024 most popular bhajan khatu shyam ji sanwariya kardo beda paar stuts सांवरिया करदो बेड़ा पार मै तो बावरी दर दर बटकु vijay rajput viral bhajan sanwariya kardo beda paar vijay rajput bhajan sawariya kardo beda paar viral dj remix bhajan sanwariya kardo beda paar official video khatu shyam ji darshan today live khatu shyam ji Sunil Sharma Bhajan Bhajans Reels,10,2026-02-06T10:45:07Z,27171,107,7,IN
ONMAhJBSEdM,LIVE: ಶನಿವಾರ ದಂದು ತಪ್ಪದೇ ಕೇಳಬೇಕಾದ ಶ್ರೀ ಹನುಮಾನ್ ಭಕ್ತಿ ಹಾಡುಗಳು - HANUMAN BHAKTHI SONGS LIVE,"LIVE: ಶನಿವಾರ ದಂದು ತಪ್ಪದೇ ಕೇಳಬೇಕಾದ ಶ್ರೀ ಹನುಮಾನ್ ಭಕ್ತಿ ಹಾಡುಗಳು - HANUMAN BHAKTHI SONGS LIVE


#Kannadabhakthisagar
#ಕನ್ನಡ ಭಕ್ತಿ ಸಾಗರ್
#Kannadabhaktihaadugalu",ಕನ್ನಡ ಭಕ್ತಿ ಗೀತೆಗಳು Kannada Bhakthi Geetegalu KANNADA SONGS Kannada Bhakti Sagar Kannada Bhakti Haadugalu hanuman kannada bhakthi songs live hanuman kannada devotional songs hanuman kannada songs new hanuman kannada bhakti geete hanuman kannada bhakthi geethegalu hanuman kannada bhakti geete song hanuman bhakti geete kannada hanuman kannada haadugalu jai hanuman kannada new songs ಶನಿವಾರ ದಂದು ತಪ್ಪದೇ ಕೇಳಬೇಕಾದ ಶ್ರೀ ಹನುಮಾನ್ ಭಕ್ತಿ ಹಾಡುಗಳು - HANUMAN BHAKTHI SONGS LIVE,10,2026-02-07T16:53:16Z,111029,484,0,IN
9MtALZcopkg,Tere Ishq Mein Naachenge | Aamir Khan | Karisma Kapoor | Kumar Sanu | All Time Hit Song,"Song Credits:
Song: Tere Ishq Mein Naachenge
Movie: Raja Hindustani
Singer: Kumar Sanu, Alisha Chinai, Sapna Mukharji
Music Director: Nadeem-Shravan
Lyricist: Sameer

Lyrics:
Uff Kya Raat Aayi Hai
Mohabbat Rang Layi Hai
Dum Dum Dooba Dooba Dooba Dooba Dum Dum Dooba Dooba… (2)
Uff Kya Raat Aayi Hai Mohabbat Rang Layi Hai
Hum Jashn Manayenge Sagar Chalkayenge
Na Hosh Mein Aayenge
Tere Ishq Mein Naachenge… (4)
Tere Ishq Mein Naachenge
Jhumenge Gayenge
Hum Toh Lutt Jayenge
Tere Ishq Mein Naachenge… (4)
Ho…
Uff Kya Raat Aayi Hai Mohabbat Rang Layi Hai
Hum Jashn Manayenge Sagar Chalkayenge
Na Hosh Mein Aayenge
Tere Ishq Mein Naachenge… (4)
Tune Tadpaya Hai
Tujhko Tadpayenge
Tujhko Tadpayenge
Tere Ishq Mein Naachenge… (4)
Uff Kya Raat Aayi Hai Mohabbat Rang Layi Hai
Dum Dum Dooba Dooba Dooba Dooba Dum Dum Dooba Dooba… (2)
Galon Ki Laali Hai Tere Liye
Honthon Ki Pyali Hai Tere Liye
Galon Ki Laali Hai Tere Liye
Honthon Ki Pyali Hai Tere Liye

Ho Dil Chahiye Dilruba Chahiye
Itna Bata Tujhko Kya Chahiye
Yeh Husn Ki Jaagire
Hum Tujhpe Lutayenge
Tujhe Dil Mein Basayenge
Tere Ishq Mein Naachenge… (4)
Uff Kya Raat Aayi Hai Mohabbat Rang Layi Hai
Teri Tijori Ka Sona Nahi
Dil Hai Hamara Khilona Nahi
Ho Teri Tijori Ka Sona Nahi
Dil Hai Hamara Khilona Nahi
Kaise Kharidoge Tum Pyar Mein
Bikte Nahi Dil Yeh Bazaar Mein
Woh Cheez Nahi Hai Hum
Jo Yun Bik Jayenge
Hum Toh Takrayenge
Tere Ishq Mein Naachenge… (4)
Uff Kya Raat Aayi Hai Mohabbat Rang Layi Hai
Dum Dum Dooba Dooba Dooba Dooba Dum Dum Dooba Dooba… (2)
Ae Kahan Se Aaya Hai Tu
Humko Toh Lagta Paraya Hai Tu
Apno Ki Mehfil Mein Begane Hum
Sabki Asliyat Ko Pehchane Hum
Ho Apno Ki Mehfil Mein Begane Hum
Sabki Asliyat Ko Pehchane Hum
Patthar Ki Murat Se Takkra Gaye
Accha Hua Hosh Mein Aa Gaye
Aukaat Kisi Ki Kya
Hum Sabko Batayenge
Ab Na Sharmayenge Haan…
Tere Ishq Mein Naachenge… (4)
Uff Kya Raat Aayi Hai Mohabbat Rang Layi Hai
Hum Jashn Manayenge Sagar Chalkayenge
Na Hosh Mein Aayenge

Tere Ishq Mein Naachenge… (4)
Tune Tadpaya Hai
Tujhko Tadpayenge
Tujhko Tadpayenge
Tere Ishq Mein Naachenge… (4)
Ishq Mein Naachenge
Tere Ishq Mein Naachenge
Tere Ishq Mein Naachenge… (12)",tere ishq mein naachenge aamir khan songs karisma kapoor songs kumar sanu songs raja hindustani songs 90s dance songs 90s superhit songs bollywood dance hits old hindi songs evergreen bollywood songs hindi dance song old is gold hindi songs bollywood classics all time hit hindi song,10,2026-02-02T10:30:07Z,104922,312,2,IN
-KQ_6BT81P4,टेम्पू के ड्राइवर 2 (4K Video) #Khesari Lal Yadav | Tempu Ke Driver 2 | New Bhojpuri Holi Song 2026,"होली में फिर से गर्दा उड़ावे आ गइल बा टेम्पू! 🛺💥

आ गया भोजपुरी के ट्रेंडिंग स्टार खेसारी लाल यादव का सबसे धमाकेदार होली गीत 'टेम्पू के ड्राइवर 2'। पिछला रिकॉर्ड टूटने वाला है, क्योंकि इस बार होली में टेम्पू और भी तेज दौड़ेगा! अगर गाना अच्छा लगे तो लाइक, शेयर और कमेंट जरूर करें!

Subscribe करने के लिए क्लिक करें 👉 - http://goo.gl/ip2lbk

आप सब इस गाने का Reels बनाए - Make Your Reels :- https://www.instagram.com/reels/audio/4162252524085206/

►Song - Tempu Ke Driver 2
►Singer - Khesari Lal Yadav
►Featuring - Muskan Jaiswal
►Lyrics - Krishna Bedardi
►Music Director - Vikash Yadav
►Director - Pawan Pal
►Video by - Wailens Production 
►Editor - Angad Pal
►D.I - Rohit Singh
►Choreographer - Kuldeep Vishakha
►DOP  - Dileep chaurasiya 
►Makeup - Amit Singh Team 
►Hair - Ranjan Kumar 
►Dance Group  - Ps Dance Group 
►Light - Ganpati Light 
►Company/ Label - Wave Music 
►Digital Marketing - Lokdhun 
►Whatsapp - 9718776677
►VG - 44593

♪ Spotify : https://open.spotify.com/track/6rMnmmzbd9zJdLTtFz9n7M?si=62e8fd9201ac4769
♪ Instagram Reels : https://www.instagram.com/reels/audio/4162252524085206/
♪ Gaana : https://gaana.com/song/tempu-ke-driver-2-9368-7151
♪ Jio Saavn :  https://www.jiosaavn.com/song/tempu-ke-driver-2/Jh8jRQ1KUx4
♪ Apple Music :  https://music.apple.com/us/album/tempu-ke-driver-2-single/1874458855
♪ Amazon Prime Music : https://music.amazon.com/albums/B0GLDV6KYH? 
♪ YouTube Music : https://music.youtube.com/watch?v=8EGi86jsTv8&si=0TVeHiu4jTUP4yZg
♫ Spotify Playlist : https://open.spotify.com/playlist/7uDa60HAOOMRlQcGjZFURN?si=OC_xyNa9R_CqJRG2cnZkRw

Connected with us !

👉 Follow us on Instagram :- https://www.instagram.com/wavemusic/
👉 Like us on Facebook :- https://www.facebook.com/WaveMusicIndiaofficial
👉Join Us on Whtsapp :- https://whatsapp.com/channel/0029VacuoR1GpLHNjsDWYd2R
👉 Follow us on X ( Twitter ) :- https://x.com/WaveMusicWM?t=kKhpZOhFiLqswaThplIGBg&s=08

Lyrics -

मुखड़ा _

बानी कुंवार त कुंवार चाही
 थोड़ा बदमाश रंगदार चाही 
** डाले रातभर ड्राइवर मोर भतार चाही 
हमरा त प्यार लगातार चाही 
  डाले रातभर..........

अंतरा -1

भर फागुन हमराला फिरी होखे ,
जाव ना दूर हमरा भीरी होखे,
(कोरस) टॉप लेबल के मिसतीरि होखे 
बांहे पगरी त लागे बवाली हो 
 (कोरस) - ना काम जाली करे,
जब हारन दबावे सिहर जानी
 ( कोरस) - रोड खाली करे,
बड़ पिचकारी बरियार चाही 
डाले रातभर.........

अंतरा - 2

पान खाके मुंह पूरा लाल राखें ,
हर घड़ी हमरे ख्याल राखें,
(कोरस) फागुन में खाली ना गाल राखें 
मूड बने में ओकर ना टाइम लागे 
 (कोरस) - रहे रेडी हो
हम ओकरा मोहब्बत में ए दादा 
(कोरस) - सभ देदी हो 
कृष्णा खेसारी जस कलाकार चाही 
डाले रातभर...........

Khesari Lal Yadav new Holi song 2026 official video

Tempu Ke Driver 2 full video song

Latest Bhojpuri Holi songs 2026

Khesari Lal Yadav non stop Holi hits

टेम्पू के ड्राइवर 2 खेसारी लाल यादव

#KhesariLalYadav #TempuKeDriver2 #BhojpuriHoli2026 #KhesariLalNewSong #HoliGana2026 #TempuKeDriver #BhojpuriVideo #HoliDhamaka #WaveMusic #ViralBhojpuri #KhesariLalYadav #TempuKeDriver2 #BhojpuriHoli2026 #KhesariLalNewSong #HoliGana2026 #TempuKe Driver #BhojpuriVideo #HoliDhamaka #WaveMusic #ViralBhojpuri #KhesariHoli2026",Khesari Lal Yadav new Holi song 2026 Tempu Ke Driver 2 video Khesari Lal Holi Gana 2026 Tempu Ke Driver 2 Khesari Lal New Song 2026 Tempu Ke Driver 2 Khesari Lal Bhojpuri Holi Song 2026 new holi song khesari lal khesari lal new song khesari lal holi song driver bhatar chahi naya holi khesari lal ka new bhojpuri song 2026 khesari new holi song 2026 dale rat bhar driver mor bhatar chahi khesari lal yadav holi song khesari lal yadav holi song new muskan jaiswal,10,2026-02-04T01:15:00Z,2232850,84975,9511,IN
xdpNsmfb5Xo,तुम्हारी नज़रों में हमने देखा | Kal Ki Awaz | Asha Bhosle | Kumar Sanu Songs | Pratibha Sinha,"सुनिए आशा भोसले और कुमार सानू की आवाज़ में डूबा हुआ, 90 के दशक का ये खूबसूरत नगमा - 'तुम्हारी नज़रों में हमने देखा'! यह गाना 'कल की आवाज़' फिल्म से है, और यह प्यार और रोमांस की गहराईयों को छूता है। 90 के दशक के संगीत का जादू आज भी बरकरार है, और इस गाने में वो जादू साफ़ झलकता है। आशा भोसले और कुमार सानू ने अपनी आवाज़ से इस गाने को अमर बना दिया है। उनकी गायकी में एक अनोखी कशिश है, जो सीधे दिल को छू जाती है। अगर आप 90 के दशक के रोमांटिक गानों के दीवाने हैं, तो यह गाना आपके लिए ही है।



Credits :

Song: Tumhari Nazron Mein Humne Dekha
Album: Kal Ki Awaz
Artist: Asha Bhosle | Kumar Sanu
Music Director: Nadeem-Shravan
Lyricist: Sameer 


अगर आपको यह गाना पसंद आया, तो कृपया लाइक करें, कमेंट करके अपना पसंदीदा गाना बताएं और हमारे चैनल को सब्सक्राइब करना न भूलें।

Let the magic of music live on…

#TumhariNazronMein #AshaBhosle #KumarSanu #90sHindiSongs #RomanticSongs #HindiLoveSongs #KalKiAwaz #BollywoodClassics #OldHindiSongs #90sMusic


#TumhariNazronMeinHumneDekha #KalKiAwaz #AshaBhosle #KumarSanu #90sHindiSongs #90sBollywood #RomanticHindiSongs #LoveSongs #HindiLoveSongs #ClassicBollywoodSongs #OldHindiSongs #NostalgicSongs #Melody #IndianMusic #BollywoodMusic      #90

To buy Saregama Carvaan, visit  https://sarega.ma/yt_carvn 
To buy virus free original tracks, visit  https://sarega.ma/yt_music",Tumhari Nazron Mein Humne Dekha Kal Ki Awaz Asha Bhosle Kumar Sanu 90s Hindi songs 90s Bollywood romantic Hindi songs love songs Hindi love songs classic Bollywood songs old Hindi songs nostalgic songs melody Indian music Bollywood music हिंदी गाने रोमांटिक गाने आशा भोसले के गाने कुमार सानू के गाने पुरानी,10,2026-01-31T05:03:43Z,386475,551,4,IN
NFcmCpK78CQ,#Video - भौजो पिसहु नs जाने हरदिया | #Aashish Yadav आ गया इस बार का बवाल | #Magahi Holi Song 2026,"#Video - भौजो पिसहु नs जाने हरदिया | #Aashish Yadav आ गया इस बार का बवाल | #Magahi Holi Song 2026

►Album :- भौजो पिसहु नs जाने हरदिया
►Song :- Bhaujo Pishu Na Jane Haradiya
►Singer :- Aashish Yadav 
►Lyrics :- Chintu Raja
►Music :- Pappu Bhai
►Composer :- Nandan Yadav 
►Mixing & Recording :- Govind Vidyarthi 
►Video :- Aashish Park 
►Choreographer :- Vickey Ds 
►Dop :- Ranjit k Singh & Vikash
►Poster Design :- Nivas Bhai GFX
►Company/Label - Aashish Yadav Entertainment
►Trade Inquiry No - 
________________________________________________________
Digital Head :- Atish Kumar Yadav
Digital Manager :- Ajay Sharma 
Digital Partner :- Somplex Network Pvt.Ltd
Inquiry No + 91 8709062433
________________________________________________________
 Visit Our Digital Partner :- http://somplexnetwork.com/
________________________________________________________



►Company Brand :- Aashish Yadav Entertainment
►Subscribe Our Channel  :- 
►Thanks For Watching Our  Channel.
►Have A Nice Day ...
►Subscribe For More Updates ...





► Regarding Any Question/Suggestion or Regarding YouTube Business/Digital Business (Include Advertisement & Content Making) 


►For the Latest Bhojpuri HD VIDEO and Songs, Don't Forget to",Ashish Yadav भौजो पिसहु नs जाने हरदिया Bhaujo Pishu Na Jane Haradiya Magahi Holi Song 2026 ashish yadav new song ashish yadav ka gana ashish yadav ka new song ashish yadav ke gana New Magahi Holi Song 2026 ashish yadav holi gana ashish yadav new holi gana ashish yadav new holi song ashish yadav ke holi gana ashish yadav holi ashish yadav new holi ashish yadav ke new holi ashish yadav new dj song aashish yadav new song Aashish Yadav Entertainment,10,2026-02-05T01:15:04Z,680239,14534,826,IN
2b3REKMVL4U,चुन्नी में चुन्नी में परफ्यूम लगावे चुन्नी म chunni mein chunni mein Sonam gujari Love Kush Meena,"#bobyalwardance #meenageet2021 #कुलदीप_महर_शेखपुरा
#viral #meenageet2021 #mahendra #holi #holisong ,#bhojpurisong #bhojpuri #sadsong #holigeet #bobyalwardance #rajsthanisong #shorts #trending #viralvideo #dance #video #love #djsong #होली #कुलदीप_महर_शेखपुरा #kuldeepmaharsekhpurameenageet #rasiya  #videos #hitsongs 


◆Tital : chunni mein chunni mein
◆Singer : Lovekush Dungri
◆Artist : Sonam & Priya
◆Audio Rec. : Mahakal Studio Kanota 
◆Producer : Kuldeep Mahar Shekhpura 9588261445
◆Label : POSWAL TOP MUSIC  
Copyright : Poswal Brothers Entertainment Pvt. Ltd. ( Dharmsingh Poswal RPF )










#कुलदीप_महर_शेखपुरा  #kuldeepmahar  #song #tiktok 










For Mor Latest Upadte 
Rani Rangili New Song 2020, Rani Thane Fursat Se Banai, God Thane Fursat Se Banai, New song 2020, Rajasthani new DJ Rimix Song 2020, Rajasthani Marwari New Song 2020, Raj Studio Raila, New Lokgeet 2020, New Bhajan 2020, Rani Rangili Kunwar Mahendra Song, New Marwadi Song, new Song 2019, Tejaji Thare Mandir Bole Koyaldi, Tik Tok Virel Song, Rani Rangili Tik Tok Virel song, Chora Mhare Kamar Kanakati Hale
Rani Rangili New song 2020, Rani Rangili Ratan Kudi song, Rani Rangili Pek banade song, Rani Rangili Kunwar Mahendra Singh Song, Rajasthani Marwari New Song 2020, Raj studio Raila, Gopal Music Recording studio, Mewari Brothers, Rajasthani DJ Song, Lilan singare song, लीलण सोंग, Rani Rangili Rajasthan
rajasthani comedy, new marwadi comedy, newrajasthani video, lichu marwadi, rajasthani chhore, pankaj sharma
rajasthani song, marwadi song, rajasthani songs, bana pardesa mat jao, rajasthani gana, rajasthani songs new, rajasthani new song, new rajasthani song, new rajasthani song 2020, new marwadi song, new marwadi song 2020, rajasthani song 2020, latest rajasthani song 2020, latest marwadi dj song 2020, rajasthani new songs dj 2020, rajasthani gane, marwadi gana, marwadi dj song 2020, rajasthani dj song, rajasthani new song 2020, marwadi song 2020, latest rajasthani song, songs
Mamta kota, ममता कोटा, Shree dev studio kota, Doi music, Gurjar song, Dj, Letest song, Prg, Nrg
Sonam Gujari, Singer Sonam Gujari, सोनम गुजरी, सिंगर सोनम गुजरी, Dance sonam Gujari, डांस सोनम गुजरी, सोनम गुजरी के विडियो, खाटूश्याम जी के भजन, Sonam Gujari ke program, Sonam Gujari ka dance, Dev जी के भजन, खाटूश्याम जी के गाने, सोनम गुजरी का नया गाना, रानी रंगीली, रानी रंगीली के नये विडियो, Rani rangili




Sonam Gujari सॉन्ग, Sonam Gujari ke song, सोनम गुजरी डांस, सोनम गुजरी न्यू सॉन्ग 2021, प्रकाश चंद गुर्जर के भजन, सोनम गुजरी और प्रकाश चंद गुर्जर, प्रकाश चंद गुर्जर के भजन 2021, नया गाना 2021, सोनम गुजरी न्यू राजस्थानी भजन, देव जी भजन सोनम गुजरी, देवनारायण भजन सोनम गुजरी, Rani Rangeeli song, कोमल रंगीली के भजन, गीता रबारी के भजन

rajasthani song, rajasthani songs 2020, narayan mhare do hi din datja, rajasthani songs, rajasthani folk songs, rajasthani, rajasthani video, marwadi video songs, hd, video, latest, new, rajasthani marwadi songs, 2020, narayan, mhare, do, hi, din, datja, songs, latest rajasthani songs 2020, नारायण म्हारे दो ही दिन डटजा new song 2020, राजस्थानी वीडियो सांग 2020, rekha shekhawat, rekha shekhawat dance, rekha shekhawat new song


songs, rajasthani songs, latest songs, latest songs 2020, #song, dev ji dj songs, latest punjabi songs, dj songs, latest rajasthani songs, songs 2016, latest punjabi songs 2020, hindi songs, rajasthani songs 2016 new dj, geeta gurjari devji songs, hottest songs, miyaram gurjar devji songs, ganesh ji songs, bhojpuri songs, chanda po songs, malaseri songs, tune lyrico songs, rajasthan dj songs, rajasthani songs dj, rupinder handa songs, amrapali dubey songs
Jio
sarthak, studio, Dev narayan bhajan, gurjar gadi chati ka, dev narayan new bhajan, #jayanti bhajan, #dev narayan bhajan, Bhura gurjar, Nach dikha, Godi ko

Marwadi DJ SOng New Marwadi Song Rajsthani Dhamaka Rajsthani Gorband Musicmarwadi music, rajsthani song, rajsthani latest video, rajsthani dj dance, new marwadi, latest 2017, new 2017, marwadi dance, rani rangili, rakhi rangili, sadu ma ra lal, new rajasthani song, rajasthani dj song, latest rani rangili song

Latest, hot, rajasthani, rajasthani song, rani rangili, chetak, rani rangili hot song, latest rajasthani hot, song 2016, rajasthani song 2016, rani, rangili, latest",,10,2026-02-07T04:30:01Z,73394,184,6,IN
IaiQUsj7m0Q,Shock (Teaser Video) Amanraj Gill | Jaya Rohilla | New Haryanvi Song 2026 | Nav Haryanvi,"Shock (Teaser Video) Amanraj Gill | Jaya Rohilla | New Haryanvi Song 2026 | Nav Haryanvi

Nav Haryanvi Presenting ""Shock (Teaser Video)” a New Haryanvi Songs Haryanavi 2026. Sung by Amanraj Gill and Jaya Rohilla. Starring with Amanraj Gill and Khyati Sharma. Lyrics are Penned by Amanraj Gill. Music Label by Nupur Audio.

Full Video Coming on 10th Feb. 2026
Susbscribe  @NavHaryanvi  

#shock #amanrajgill #jayarohilla #khyatisharma  #navharyanvi #haryanvi #haryanvisong #haryanvisongs #haryanvisongsharyanavi #haryanvigane #newharyanvisong #latestharyanvisong #hrsong #newharyanvisongsharyanavi2026 

Song - Shock (Teaser Video)
Singer / Lyrics / Composition - Amanraj Gill
Music - RB Gujjar
Female Vocal -  Jaya Rohilla
Female Lead - Khyati Sharma
Director - Deepesh Goyal
Design - Vikzee

Producer - Kshitij Gupta
Label - Nupur Audio
Presenting Label - Nav Haryanvi

Online/Digital Promotion - Navi Baadliwal (9910117138)
Reels Promotion - Reels Factory

LOVE !! LIKE !! COMMENTS !! SUBSCRIBE

For Song Releasing & Any query
Company Contact No. - +917042509060
E-Mail ID : navharyanvi@gmail.com
Subscribe Channel - https://www.youtube.com/c/NavHaryanvi

Connect with Our Social Accounts
Subscribe Our Channel on YouTube : https://goo.gl/hWsYba
Like Us on Facebook : https://www.facebook.com/navharyanvi
Follow Us on Instagram : https://www.instagram.com/navharyanvi
Tweet Us On : https://twitter.com/HaryanviNav

Shock (Teaser Video) Amanraj Gill | Jaya Rohilla | New Haryanvi Song 2026 | Nav Haryanvi",shock shock teaser shock amanraj gill amanraj gill jaya rohilla khyati sharma new latest haryanvi songs haryanavi 2026 haryanvi song haryanvi songs haryanvi song 2026 haryanvi songs 2026 new haryanvi song haryanvi new song haryanvi song new new haryanvi songs latest haryanvi songs new haryanvi song 2026 latest haryanvi song 2026 haryanvi songs haryanavi new haryanvi songs haryanavi 2026 amanraj gill song amanraj gill new song nav haryanvi,10,2026-02-07T04:30:00Z,61499,4027,123,IN
eVbxNpOME28,Humane Sagar Odia Hits | Odia Jukebox | Odia Sad Song | Music Dunia Odia,"Music Dunia Odia Presents Humane Sagar Odia Hits, Odia Jukebox, Odia Sad Song...

Song List:
1. Jhari Jae Luha
2. Marijibi Dhana Tori Bina
3. Kemiti Bhulibi Se Abhula Dina
4. Jaa Lo Priya
5. Deithili Priya Tate Hrudaya Mora
6. To Adhura Prema
7. Tu Helu Aau Kaha Premka
8. Taku Bhulijare Hrudaya
9. Sarigala Aayusha
10. Mate Chhadi Jaana

#musicduniaodia #humansagar #odiasadsong #sadsong #jukebox #odiajukebox",humane sagar odia hits odia sad song odia dhoka song human sagar human sagar song human sagar all song human sagar sad hits odia hits odia jukebox odia dhoka jukebox music dunia odia,10,2026-02-07T05:50:00Z,42217,288,10,IN
OUyL8U2M5l4,ओम गजानन नमो नमः श्री गजानन नमो नमः - Om Gajanan Namo Namah Shree Gajanan Namo Namah | Audio,"@TSeriesBhaktiMarathi Presents:- 🙏 ओम गजानन नमो नमः श्री गजानन नमो नमः | Om Gajanan Namo Namah Shree Gajanan Namo Namah 🙏
#OmGajananNamoNamah #GanpatiBhajan #TSeriesBhaktiMarathi 
Immerse yourself in divine devotion with this soulful Ganpati mantra-based devotional song,
“Om Gajanan Namo Namah Shree Gajanan Namo Namah”, beautifully rendered to invoke the blessings of Lord Ganesha, the remover of obstacles and the symbol of wisdom, peace, and prosperity. ✨

This spiritually uplifting audio presentation is perfect for daily prayer, meditation, Ganpati puja, Sankashti Chaturthi, and creating a peaceful devotional atmosphere at home. Let the sacred chant fill your heart with positivity and divine energy. 🙏

Song Details:
Song: Om Gajanan Namo Namah Shree Gajanan Namo Namah
Album: Swami Gajanan Swami Naam Gajanan
Singer: Suresh Wadkar
Music: Kailash Mehta, Rajesh Gupta
Lyrics: Traditional
Music Label: T-Series
----------------------------------------
Subscribe to @TSeriesBhaktiMarathi for more Ganpati bhajans, mantras, aartis, and Marathi devotional songs, and press the bell icon 🔔 to stay updated with new spiritual releases.",Om Gajanan Namo Namah Shree Gajanan Namo Namah Ganpati Mantra Song Ganesh Bhajan Marathi Ganpati Bhakti Geet Ganesh Mantra Chant Sankashti Chaturthi Bhajan Ganpati Devotional Songs Kailash Mehta Bhajan Rajesh Gupta Ganesh Song Marathi Bhakti Geet Ganpati Aarti Song T Series Bhakti Marathi Ganesh Songs Marathi,10,2026-02-08T00:30:19Z,21969,110,11,IN
b9OLfBlDCFA,! Pawan Singh ! माजा मारा तारु | होली का सबसे हिट गाना - Maza Mara Taru - Bhojpuri Holi Song 2026,"► Album :-  माजा मारा तारु 
► Song :- Maza Mara Taru
► Singer :-  Pawan Singh 
► Lyrics :- Prince Priyadarshi 
► Music Director :- Chhote Baba
► Director -: Lakkie vishwakarma
► Feat :- Manisha Yadav 
► Sahyog :- Vicky Singh & Amit Singh 
► Di :- Rohit Singh 
► Editor -: Anand kumar (Santu) LL video lab
► Assistant - Suresh Patel
► Label / Company :- Records RB
► Trade Enquiry :-
________________________________________________
► Digital Partner - Global Music Junction
________________________________________________
► Company Brand :-
► Subscribe Our Channel  :- 
► Thanks For Watching Our  Channel.
► Have A Nice Day ...
► Subscribe For More Updates ..

♪ Full Song Available On ♪ 
♪ Spotify: 
♪ Jiosaavn: https://www.jiosaavn.com/song/chapa-d...
♪ Wynk: https://wynk.in/u/z6g9tyRhp
♪ Apple Music:   / chapa-dhan-ho-single  
♪ YT Music:      • Chapa Dhan Ho  
♪ Amazon Music: 
♪ Gaana:  https://gaana.com/song/chapa-dhan-ho


➲ Follow Us On :
☛ Facebook :-   / pawansinghofficialfanpage  
☛ instagram :-   / singhpawan999

#pawansingh #pawansinghnewsong #pawansinghholisong #holisong",pawan singh holi songs pawan singh holi song holi songs pawan singh pawan singh holi song dj holi song pawan singh pawan singh hit holi song pawan singh holi song old pawan singh holi song new pawan singh holi song 2021 pawan singh holi song 2025 pawan singh holi song 2018 pawan singh holi song 2022 pawan singh holi song 2017 pawan singh ke holi song pawan singh new holi songs pawan singh new holi song pawan singh old holi song माजा मारा तारु Maza Mara Taru,10,2026-02-05T06:54:19Z,149995,1489,30,IN
AY3EICQD-oU,Google Bata Kush (Rahne Ki Dawai),"Provided to YouTube by DistroKid

Google Bata Kush (Rahne Ki Dawai) · Anurag Mishra · Depali Yadav · Depali Yadav

Google Bata Kush (Rahne Ki Dawai)

℗ Epic Record

Released on: 2026-01-31

Auto-generated by YouTube.",Anurag Mishra Depali Yadav Google Bata Kush (Rahne Ki Dawai),10,2026-01-31T15:50:39Z,97991,480,0,IN
SuqhVp2oiD0,"I - Manoharudu - Nuvvunte Naa Jathagaa Video with Lyrics |Vikram, Amy J. | A.R. Rahman","Song Name - Nuvvunte Naa Jathagaa
Movie - I - Manoharudu
Singer - Sid Sriram & Isshrathquadhre
Music - A.R. Rahman
Lyrics - Ramajogayya Shastry
Director - Shankar
Starring - Vikram, Amy Jackson
Producer - Aascar Ravichandran
Studio - Aascar Film (P) Ltd

© 2026 Sony Music Entertainment India Pvt. Ltd.

Subscribe Now: http://bit.ly/SonyMusicSouthVevo
Subscribe Now: http://bit.ly/SonyMusicSouthYT
Follow us: https://www.instagram.com/sonymusic_south/
Follow us: Twitter: https://twitter.com/SonyMusicSouth
Like us: Facebook: https://www.facebook.com/SonyMusicSouth",Sony Music South Sony Music Latest Song Tamil song Tamil Latest Song Tamil Latest Songs 2026 Latest songs in Tamil Songs in Tamil Latest Tamil Movies latest Tamil Love Songs Latest Tamil Hit Songs A.R. Rahman Nuvvunte Naa Jathagaa,10,2026-01-31T08:00:29Z,179474,1182,12,IN
Z3jNhEN7waw,Arijit Singh - Aaj Se Teri | Akshay Kumar & Radhika Apte | Amit Trivedi | Padman | Lyrical,"Song - Aaj Se Teri 
Singer - Arijit Singh
Music - Amit Trivedi
Lyricist - Kausar Munir

Lyrics:
Mukhda -
Aaj Se Teri Saari Galiyaan Meri Ho Gayi, 
Aaj Se Mera Ghar Tera Ho Gaya…

Aaj Se Teri Saari Galiyaan Meri Ho Gayi, 
Aaj Se Mera Ghar Tera Ho Gaya…
Aaj Se Meri Saari Khushiyaan Teri Ho Gayi,
Aaj Se Tera Gum Mera Ho Gaya. 

Ho Tere Kandhe Ka Jo Til Hai, 
Ho Tera Seene Mein Jo Dil Hai, 
Ho Teri Bijli Ka Jo Bill Hai-
Aaj Se Mera Ho Gaya…

Ho Mere Khwabon Ka Ambar,
Ho Meri Khushiyon Ka Samandar,
Ho Mere Pin Code Ka Number-
Aaj Se Tera Ho Gaya. 

Antara 1- 
Tere Maathe Aaaaa….Tere Maathe Ke Kumkum Ko
Main Tilak Lagaa Ke Ghoomoonga, 
Teri Baali Ki Chhunchhun Ko
Main Dil Se Lagaa Ke Jhoomoonga…

Meri Chhoti Si Bhoolon, 
Ko Tu Nadiya Mein Baha Dena.
Tere Jude Ke Phoolon Ko, 
Main Apne Shirt Mein Pehnoonga.

Bas Mere Liye Tu Maalpue Kabhi Kabhi Bana Dena…

Aaj Se Meri Saari Ratiyaan Teri Ho Gayi, 
Aaj Se Tera Din Mera Ho Gaya. 

Ho Tere Kandhe Ka Jo Til Hai, 
Ho Tera Seene Mein Jo Dil Hai, 
Ho Teri Bijli Ka Jo Bill Hai-
Aaj Se Mera Ho Gaya…

Ho Mere Khwabon Ka Ambar,
Ho Meri Khushiyon Ka Samandar,
Ho Mere Pin Code Ka Number-
Aaj Se Tera Ho Gaya. 

Antara 2-
Tu Maange Sardi Mein Amiya, 
Jo Maange Garmi Mein Mungphaliyaan, 
Tu Baarish Mein Agar Keh De,
Ja Mere Liye Tu Dhoop Khila.

Toh Main Sooraj……. Toh Main Sooraj Ko Jhatak Doonga, 
Toh Main Saawan Ko Gatak Loonga,
Toh Saare Taaron Sang Chanda
Main Teri Goad Mein Rakh Doonga-

Bas Mere Liye Tu Khil Ke Kabhi Muskuraa Dena…

Aaj Se Meri Saari Sadiyaan Teri Ho Gayi, 
Aaj Se Tera Pal Mera Ho Gaya. 

Ho Tere Kandhe Ka Jo Til Hai, 
Ho Tere Seene Mein Jo Dil Hai, 
Ho Teri Bijli Ka Jo Bill Hai-
Aaj Se Mera Ho Gaya…

Ho Mere Khwaabon Ka Ambar,
Ho Meri Khushiyon Ka Samandar,
Ho Mere Pin Code Ka Number-
Aaj Se ……Tera Ho Gaya.

#PadmanSongs #ArijitSinghSongs #AkshayKumarSongs #NewHindiSongs",aaj se teri aaj se teri song aaj se teri padman aaj se teri new song aaj se teri arijit singh song arijit singh arijit singh songs padman padman movie padman akshay kumar radhika apte sonam kapoor akshay kumar movies akshay movie songs arijit singh romantic songs arijit singh mashup hindi romantic songs padman songs aaj se teri lyrical aaj se teri lyrics karwa chauth songs karwa chauth new songs aaj se teri arijit singh arijit singh superhit songs,10,2026-02-07T12:30:47Z,39120,265,2,IN
SROGyGfwKuE,#Video | दीलवा में तोही रहभी पगली | #Bhai Ji | #Shristi Bharti | Dilwa Me Tohi Rahbhi Pagli | Song,"► Subscribe Our Channel :- https://www.youtube.com/channel/UC5sDTwkmiwlOaoiE3R1utvg

► Song :- दीलवा में तोही रहभी पगली
► Album :- Dilwa Me Tohi Rahbhi Pagli 
► Singer :- Bhai Ji & Shristi Bharti
► Lyrics :- Yadav Niranjan 
► Feat :- Bhai Ji & Priti Tiwari
► Music By :- Mohan Pandit 9113410283
► Recording :- Amit Panda
► Video Editor :- Rahul Kumar
► PublicCity Design :- Amit Panda GFX 
► Producer :- Riyansh & Ranjeet 
► Company/Label :- Riyansh Records 
► For Trade Enquiry :- +91 8541989140

► Company Brand :- Riyansh Records 
► Subscribe Our Channel :- https://www.youtube.com/channel/UC5sDTwkmiwlOaoiE3R1utvg

► Thanks For Watching Our  Channel.
► Have A Nice Day ...
► Subscribe For More Updates ..",pagla pagli pagla pagli song pagla pagli dj song pagla pagli dj remix pagla pagli dj remix song Bhai Ji srishti bharti song srishti bharti ka gana pagla pagli holi pagla Pagli holi song pagla pagli new video Dilwa Me Tohi Rahbhi Pagli bhai ji bhojpuri song khortha song bhai ji ka gana pagla pagali ashish yadav ka gana khortha gana pagal pagli new khortha song chintu raja ke gana ashish yadav new song new khortha song 2026 pagla pagali gana,10,2026-02-07T01:00:38Z,107173,3506,137,IN
ItTA04lyWQY,Soven De Piya (Official Video) - Sonu Kundu | Sonika Singh | TR | Latest Haryanvi Song | NDJ Music,"Raj Kumar Juneja & NDJ Music Presenting a New Haryanvi Song “Soven De Piya” Exclusively On NDJ MUSIC and Subscribe To Get The Best Collection of New Haryanvi Songs.


Song - Soven De Piya 
Singer - Tarun Panchal & Sheenam Katholic 
Artist - Sonu Kundu & Sonika Singh
Writer - Pawan Gill
Music - TR Panipat 
Director - Pawan Gill 
Camera - Parmil Dhillon 
Makeup - Ram Chouhan 
Editor - DK Saini 
Spl. Thanx - Sonu Rathee  , Pawan Kumar Taneja , Dhan Singh Taneja , Madan Kumar Sarpanch , 
Music Label & Presents By : NDJ MUSIC
COPYRIGHTS - RAJU CASSETTES INDUSTRIES , DELHI

🎧Audio Platforms🎧:-
-----------------------------------------------------------------------------------------------------------------------------------------------
Amazon Music - https://music.amazon.com/tracks/B0FJMXBQWX?marketplaceId=A3K6Y4MI8GDYMT&musicTerritory=IN&ref=dm_sh_GPdnIQQ5hp1N1Ng0vu0MTrh5y
Amazon Prime - 
Gaana - https://gaana.com/song/soven-de-piya
Yt Music - https://music.youtube.com/watch?v=_MszegZqQ7c&si=4V9OCHG4NZOymqgC
Jio Saavn - https://www.jiosaavn.com/song/soven-de-piya/AAAjWB0Ccn4
Wynk - 
Apple Music - https://music.apple.com/us/song/soven-de-piya/1828480748
Spotify - https://open.spotify.com/track/7BsHEQtCqtoDU42SaO1KtG?si=8757a920db424882

******************************************************************************************************

हाय खू गी तिल्ली नाक की तू टोवण ना देता टोवण ना देता 
हो बैरी खोस ली रजाई मन्ने सोवण ना देता   
हाय खोस ली रजाई मन्ने सोवण ना देता   
आधी रात नै मरजाणी क्यूँ फूकैया छाती रै फूकैया छाती रै 
तन्ने बिन छेड़े तो यारां नै भी नींद ना आती रै---2 

ये जाग जांगे बालक दिखै रौला ना करै 
मानजा नै पिया काम औला ना करै, औला ना करै 
मानजा नै पिया काम औला ना करै
ये जाग जांगे बालक दिखै रौला ना करै 
हाय मानजा नै पिया काम औला ना करै,औला ना करै
मानजा नै पिया काम औला ना करै,औला ना करै
रै होजा सिलक एक बै ला छाती कै छाती रै,छाती कै छाती रै 
तन्ने बिन छेड़े तो यारां नै भी नींद ना आती रै---2 

यू जाडा सै कसाई बैरण पाट जा चाला
मैं जान गई बालम तेरे भीतर मैं काला 
हाय जान गई बलमा तेरे भीतर मैं काला
यू जाडा सै कसाई बैरण पाट जा चाला
मैं जान गई बालम तेरे भीतर मैं काला
जान गई बलमा तेरे भीतर मैं काला
दिल लव यू लव यू कर रहया आज तू क्यूँकर नाटी रै,क्यूँकर नाटी रै
तन्ने बिन छेड़े तो यारां नै भी नींद ना आती रै---2

इस गाम खरेटी आले की तू मान प्यारी रै 
मीठी मीठी बातां मैं गई रात सारी रै---2
इस गाम खरेटी आले की तू मान प्यारी रै 
हाय मीठी मीठी बातां मैं गई रात सारी रै
मीठी मीठी बातां मैं गई रात सारी रै
प्यार तै चलावै काम सोनू राठी रै, यू सोनू राठी रै
तन्ने बिन छेड़े तो यारां नै भी नींद ना आती रै---2

******************************************************************************************************

Like || Comment || Share || Subscribe || Love 
NDJ MUSIC Company Contact For Any Quries & Video Releasing.
SANDEEP KALRA   : 9212233383 , 9212233384
SHUBHAM JUNEJA  : 8800446365 , 7838173008

---------------------------------------------------
Connect With Us On Facebook
---------------------------------------------------
NDJ Music Page - https://www.facebook.com/NDJMusicOfficial
Rajkumar Juneja -  https://www.facebook.com/ndj.juneja
Sandeep Kalra - https://www.facebook.com/sandeep.kalra.5602

-------------------------------------------------------
!!Enjoy & stay connected with us!!
-------------------------------------------------------

► Subscribe Us : https://www.youtube.com/user/ndjfilm
► NDJ Bhakti Sagar - https://bit.ly/3rbyzX9
► DEV VRAT KATHA - https://bit.ly/3dQvJnm
► Bhajan Lokgeet NDJ  - https://bit.ly/3dMvmdo
► Baba Mohanram Bhajan NDJ - https://bit.ly/3SmxbNk
► BALA JI BHAJAN NDJ - https://bit.ly/3LSp0Gc
► JHANKI DANCE BHAJAN NDJ - https://bit.ly/3dT3Hr9
► SHYAM BHAJAN NDJ - https://bit.ly/3dMYjWz
► KHOLI BHAJAN NDJ - https://bit.ly/3xYdwLA
► BHAJAN MALA NDJ - https://bit.ly/3UIIktj
► JOTRAM BHAJAN NDJ - https://bit.ly/3RnGlYq
► CHACHA JI NDJ BHAKTI BHAJAN - https://bit.ly/3BU6Q1R
► HARI KRIPA - https://bit.ly/3rju1Oc
► SHYAM DARBAR - https://bit.ly/3Rk7MCo.
► SATSANGI BHAJAN NDJ - https://bit.ly/3LMbMut
► LIVE BHAKTI BHAJAN NDJ - https://bit.ly/3SgrOz4
► JAHARVEER GOGA JI BHAJAN NDJ - https://bit.ly/3LWwWGf
► BHOLE BABA BHAJAN NDJ - https://bit.ly/3E0qts3
► MATA BHAJAN NDJ - https://bit.ly/3fsBU1q
► ANMOL BHAKTI BHAJAN  - https://bit.ly/3fILPjD
► OM BHAKTI - https://bit.ly/3SS1DOZ
► BHAKTI BHAJAN NDJ - https://bit.ly/3SiE4zh

► Visit Our Website : http://ndjmusic.co.in/

► LIKE us on FACEBOOK : https://www.facebook.com/NDJMusices/
► FOLLOW us on INSTAGRAM : https://www.instagram.com/ndjfilm/
► FOLLOW us on TWITTER : https://twitter.com/Ndjfilm
► FOLLOW us on Tumblr : https://www.tumblr.com/blog/ndjfilmtv
► FOLLOW us on Pinterest : https://www.pinterest.co.uk/ndjfilmtv/
► FOLLOW us on Reddit :https://www.reddit.com/user/ndjfilmtv",ndj music NDJMUSIC Latest haryanvi song 2026 haryanvi songs 2026 new songs 2026 NDJ MUSIC NDJ MUSIC SONGS NDJ CASSETTES 2026 new haryanvi songs 2026 hits haryanvi song New Haryanvi song 2026 LATEST HARYANVI SONGS Haryanvi songs haryanavi Haryanvi Song 2026 #haryanvi popular haryanvi songs,10,2026-01-25T04:30:21Z,331693,1101,10,IN
dm-NsNvK7rg,#Video | गोरे गोरे हमर सुरतिया | #Chintu_Raja | Gore Gore Hamar Suratiya | #Muskan Kt | #Maghi Song,"#Video | गोरे गोरे हमर सुरतिया | #Chintu_Raja | Gore Gore Hamar Suratiya | #Muskan Kt | #Maghi Song

►Album :- गोरे गोरे हमर सुरतिया
►Song :- Gore Gore Hamar Suratiya
►Singer :- Chintu Raja
►Lyrics :- Singer Ashish Yadav 
►Music :- Pappu Bhai 
►Mixing :- Nandan Yadav 
►Video Director :- Ashish Park 
►Choreographer :- Vicky DS
►Feat :- Muskan Kt
►Producer :- Nilesh Kumar
►Company/Label - Chintu Raja 6060
►Trade Inquiry No - 
________________________________________________________
Digital Head :- Atish Kumar Yadav
Digital Manager :- Ajay Sharma 
Digital Partner :- Somplex Network Pvt.Ltd
Inquiry No + 91 8709062433
________________________________________________________
 Visit Our Digital Partner :- http://somplexnetwork.com/
________________________________________________________



►Company Brand :- Chintu Raja 6060
►Subscribe Our Channel  :- 
►Thanks For Watching Our  Channel.
►Have A Nice Day ...
►Subscribe For More Updates ...





► Regarding Any Question/Suggestion or Regarding YouTube Business/Digital Business (Include Advertisement & Content Making) 


►For the Latest Bhojpuri HD VIDEO and Songs, Don't Forget to",chintu raja ke gana chintu raja new song chintu raja new song 2026 chintu raja video chintu raja maghi song गोरे गोरे हमर सुरतिया Gore Gore Hamar Suratiya chintu raja maghi song 2026 muskan kt new song muskan kt maghi song muskan kt maghi song 2026 maghi song 2026 ashish yadav new song ashish yadav new song 2026 ashish yadav 2026 maghi song new #maghi song 2026 magahi song 2026 shweta sargam maghi song 2026 new maghi song 2026 maghi song new maghi song,10,2026-02-07T01:00:48Z,104443,1096,10,IN
QHZPEZ5rzrg,मरद ह माथा के दरद | Dance Video | Shivani Singh | जबरदस्त डांस वीडियो |  Marad Matha Ke Darad,"मरद ह माथा के दरद | Dance Video | Shivani Singh | जबरदस्त डांस वीडियो |  Marad Matha Ke Darad 
मरद ह माथा के दरद | Dance Video | Shivani Singh | जबरदस्त डांस वीडियो |  Marad Matha Ke Darad 
------------------------------------------------------------------------------
👉  Trade Enquiry :-  +91 9576283082
👉  For Trade Inquiry email on : info@maatararecords.com
------------------------------------------------------------------------------
► Thanks For Watching Our  Channel.
► Have A Nice Day ...
► Subscribe For More Updates ...

ANTI-PIRACY WARNING *
This content is Copyright to Maa Tara Records Pvt. Ltd. . Any unauthorized reproduction, redistribution or re-upload is strictly prohibited of this material. Legal action will be taken against those who violate the copyright of the following material presented!


#bhojpurisong #bhojpurisong2026 #bhojpuri #shivani #shivanisingh #dancevideo #bhojpuridancevideo #livedancevideo #dance #dancelivevideo #livebhojpurisong #livebhojpurivideo #QueenTanya #bhojpuri #bhojpurisong #bhojprisongdance #queentanyadancevideo #queentanyabhojpurisong",maa tara records shivani singh official shivani singh bhojpuri song shivani singh shivani singh new song shivani singh ke gana shivani singh ke video shivani singh song shivani singh bhojpuri song 2024 shivani singh ke bhojpuri gana shivani new song bhojpuri song bhojpuri new song bhojpuri song 2024 bhojpuri gana song bhojpuri viral song Marad Ha Matha Ke Darad viral mtr queen tanya bhojpuri song queen tanya dance video queen tanya dance video dance,10,2026-02-07T01:00:25Z,83826,414,6,IN
W8qBQ8W7Rw0,DEVEL - ALFAAZ-E-DARD | HINDI RAP SONG,"Do Share if you liked...
and Subscribe if you want to be a part of Develians!

Comment Down Your Favorite Line :  

Track - ALFAAZ-E-DARD 
Written, Performed, Produced, Composed, Mixed, Mastered, Artwork & Edited by : DEVEL


Follow me on 
instagram : https://www.instagram.com/itisthedevel
Spotify : https://open.spotify.com/artist/3PwWlpSj4atGJT4ejghltw



Tags : (Ignore)
#devel #develization #hiphop #hindirap #rap #underground #undergroundhiphop #rapsong #desihiphop #dhh #hindisong #hiphop #hiphopmusic #rapmusic #rapper #newrap #newmusic #raphindi #newrap  #rapsong, rap song hindi, sad rap song, lofi rap song, r&b rap, rap beat, music, devel, devel rap song, rap, hindi rap 2023, sad hindi rap, rap hindi sad, sad rap, hip hop, indian hip hop, desi hip hop, viral rap, r&b rap song, lofi rap, lofi sad rap, lo-fi sad rap, new rap 2023, devel rap, indian rap, type beat, Laapata, hustle 3.0 rap, latest rap, latest rap song, new hindi rap song, latest hindi rap, best rap, fast rap song, #sadrap",hindi rap rap hindi new rap song hindi rap song rap song hindi lofi rap song r&b rap rap beat music devel devel rap song rap hindi rap 2023 sad hindi rap rap hindi sad sad rap hip hop indian hip hop desi hip hop viral rap r&b rap song lofi rap lofi sad rap lo-fi sad rap new rap 2023 devel rap indian rap type beat hustle 3.0 latest rap latest rap song new hindi rap song latest hindi rap best rap fast rap song rap song rap songs,10,2026-01-12T03:30:06Z,299050,17685,1078,IN
lZylFqZ6jzc,rocKsun - DIGGAJ (Official Music Video),"@massappealindia & @THEROCKSUN Present ""DIGGAJ""

Rap/Lyrics/Composer - rocKsun
Music Producer - @prodbyvedang 
Mix & Master - @sawhneyboi 
Video Director - Shubham Nandkumar Raut
Dop - Saurabh Sasane
Ep - Sanket Thakar",,10,2026-02-06T06:20:56Z,124633,14941,964,IN
yFAO4oZB7ck,#Video - रोमिंग में शरीर बा 2 | #Khesari Lal & #Karishma K | Roaming Me Sharir Ba 2 | New Holi 2026,"#Video - रोमिंग में शरीर बा 2 | #Khesari Lal & #Karishma K | Roaming Me Sharir Ba 2 | New Holi 2026


Credits:
Album :- Roaming Me Sharir Ba 2
Song :- रोमिंग में शरीर बा 2
Singer :- Khesari Lal Yadav & Karishma Kakkar
Lyricist :- Krishna Bedardi
Music :- Arya Sharma
Feat :- Khesari Lal Yadav & Pooja Nishad
Director & Choreographer :- Lakkie Vishwakarma
Video By :- LL Video Lab
DOP :- Yogesh Singh
Editor :- Anand Kumar (Santu)
DI :- Reflaction Pictures Studio (Narendra Pal)
Assistant Choreographer :- Suresh Patel
Production :- Chunchun Yadav
Trade Enquiry :- 9958736399
Label - Premium Bhojpuri


This channel is owned and operated by Angle Music Video Pvt. Ltd. All rights to this song, including but not limited to copyrights and publishing rights, are the exclusive property of Angle Music Video Pvt. Ltd. Any unauthorized commercial use, reproduction, or distribution of this song constitutes a violation of copyright law and may result in legal action by Angle Music Video Pvt. Ltd.",khesari lal yadav karishma kakkar khesari lal yadav holi song khesari lal new song 2026 khesari lal holi song khesari lal yadav holi video khesari lal songs khesari lal bhojpuri holi khesari lal hit song khesari lal yadav new holi geet khesari lal holi video khesari lal song 2026 bhojpuri new holi 2026 new holi song roaming me sharir ba 2 रोमिंग में शरीर बा 2 holi video 2026 premium bhojpuri khesari lal latest holi geet roaming me sharir roaming me,10,2026-02-06T01:01:23Z,97274,1291,10,IN
UnKpPHKOZHw,"सारे तीर्थ धाम आपके चरणों में, He Gurudev Pranam, Nonstop Satsangi Bhajan 2026, Sare Tirath Dham","सारे तीर्थ धाम आपके चरणों में, He Gurudev Pranam, Nonstop Satsangi Bhajan 2026, Sare Tirath Dham
सारे तीर्थ धाम आपके चरणों में, He Gurudev Pranam, Nonstop Satsangi Bhajan 2026, Sare Tirath Dham
━━━━━━━━━━━━✧❂✧━━━━━━━━━━━
Title :- सारे तीर्थ धाम आपके चरणों में
Singer :- Saksham Goel
Lyrics :- Sarvesh Sharma
Music :- Fatafat Digital
Label : - Ganga Bhakti Sagar

━━━━━━━━━━━━✧❂✧━━━━━━━━━━━
#है_गुरुदेव_प्रणाम_आपके_चरणों_में 
#He_Gurudev_Pranam 
#Saksham_Goel 
#Gurudev_Bhajan 
#Satsang_Bhajan
#Hey_Gurudev_Pranam 
#Sare_Tirth_Dham_Aapke_Charno_Mein
#GuruBhajan
#hey_gurudev_pranam_apke_charno 
#gurudev #guru #india #god #guruji #love #bhakti #srisri #spiritual #spirituality #artofliving #swami #dattatreya #maharashtra #jainism #dattaguru #jain #srisriravishankar #mumbai #meditation #instagram #datta #swamisamarth #akkalkot #gurupurnima #shree #shripadshrivallabha #blessings #shreeswamisamarth #gurucharitra 

━━━━━━━━━━━━✧❂✧━━━━━━━━━━━
सारे तीरथ धाम आपके चरणों में,
हे गुरुदेव प्रणाम आपके चरणो में,
ह्रदय में माँ गौरी लक्ष्मी, कंठ शारदा माता है,
जो भी मुख से वचन कहे वो, वचन सिद्ध हो जाता है,
है गुरु ब्रह्मा है गुरु विष्णु,
है शंकर भगवान् आपके चरणों में,
हे गुरुदेव प्रणाम आपके चरणों में,

जनम के दाता मात पिता हैं, आप करम के दाताहैं,
आप मिलाते है ईश्वर से, आप ही भाग्य विधाता हैं,
दुखियां मन को रोगी तन को,
मिलता है आराम आपके चरणों में,
हे गुरुदेव प्रणाम आपके चरणो में

निर्बल को बलवान बना दो, मूरख को गुणवान प्रभु,
देवकमल और बंशी को भी, ज्ञान का दो वरदान प्रभु,
हे महा दानी हे महा ज्ञानी,
रहूँ मैं सुबहो श्याम आपके चरणों में,
हे गुरुदेव प्रणाम आपके चरणों में,

करता करे न कर सके, पर गुरु करे सब होय,
सात द्वीप नौ खंड में, गुरु से बड़ा ना कोय,

मैं तो सात समुन्द्र की मसि करूँ, लेखनी सब बनराय,
सब धरती कागज़ करूँ,पर गुरु गुण लिखा ना जाए,
सारे तीरथ धाम आपके चरणों में,
हे गुरुदेव प्रणाम आपके चरणो में

━━━━━━━━━━━━✧❂✧━━━━━━━━━━━
MOST POPULAR SONG:-
https://www.youtube.com/watch?v=bxRl46E8hDY&t=174s
https://www.youtube.com/watch?v=RkiMU4alX9w&t=2049s
https://www.youtube.com/watch?v=XM7SUBXpvow&t=59s
https://www.youtube.com/watch?v=NFv0WJItBHE
https://www.youtube.com/watch?v=gcuPfcMcEQQ&t=2s

━━━━━━━━━━━━✧❂✧━━━━━━━━━━━
है गुरुदेव प्रणाम आपके चरणों में,He Gurudev Pranam,Gurudev Bhajan,Satsang Bhajan,Sare Tirath Dham,Ganga Bhakti Sagar,hey gurudev pranam,hey gurudev pranam aapke charno mein,hey gurudev pranam apke charno,he gurudev pranam aapke charno mein,he gurudev pranam,guruji bhajan hey gurudev pranam,he gurudev pranam aapke charno me,guru dev pranam apke charno main bhajan,hey gurudev song,he gurudev,gurudev pranam apke charno mein,saksham goel hey gurudev pranam song,है गुरुदेव प्रणाम आपके चरणों में,He Gurudev Pranam,Saksham Goel,Gurudev Bhajan,Satsang Bhajan,Ganga Bhakti Sagar,सारे तीर्थ धाम आपके चरणों में,devotional sadguru bhajan,सारे तीरथ धाम,sare tirath dham aapke charno mein,latest sare tirath dham by saksham goel,nonstop sare tirath dham,jukebox sare tirath dham,latest gurudev bhajan,sant gurudev bhajan,sare tirath dham gurudev bhajan,hey gurudev pranam apke charno,he gurdev pranam,lord gurudev bhajan tirath dham,Hey Gurudev Pranam,सारे तीर्थ धाम आपके चरणों में,Saksham Goel,Latest Guruji Bhajan ,सारे तीरथ धाम आपके चरणों में,Hey_Gurudev_Pranam,Sare Tirth Dham Aapke Charno Mein,जनम के दाता मात पिता हैं,GuruBhajan,हे गुरुदेव प्रणाम आपके चरणो में,सारे तीर्थ धाम आपके चरणों में,Saksham Goel,निर्बल को बलवान बना दो,premanand ji maharaj,Premanand Govind Sharan Ji Maharaj,chetawani bhajan,chetawani bhajan hindi,chetawani 

━━━━━━━━━━━━✧❂✧━━━━━━━━━━━
🔔 आप सभी भक्तों से अनुरोध है कि https://www.youtube.com/channel/UCT5DBF_9qUT9LP2_sbbp6rA/  चैनल को Subscribe करें व भजनो का आनंद ले अन्य भक्तों के साथ Share करें व Like जरूर करें

Subscribe Us on Youtube: 
👉 https://www.youtube.com/channel/UCi1K-mYuh7oSDbaW5rLXIHA/ 

━━━━━━━━━━━━✧❂✧━━━━━━━━━━━
All audio and video copyrights are reserved by Fatafat Digital Pvt. Ltd.

✌Create Reel Here : 

👉For Business enquiry:-
Phone:
Website: www.fatafatdigital.com
Instagram:https://www.instagram.com/fatafat_music/
Facebook: https://www.facebook.com/people/Fatafat-Digital/100077571273736/
LinkedIn: https://www.linkedin.com/company/94847545/admin/dashboard/

━━━━━━━━━━━━✧❂✧━━━━━━━━━━━
♪ Audio is now available on popular music stores. Click below to listen: 
👉♪ instagram reels
  / audio.  .
boomplay.
https://www.boomplay.com/songs/467649... 
👉♪ jiosaavn
https://www.jiosaavn.com/song/he-guru...
👉♪ gaana.com
https://gaana.com/song/he-gurudev-pra...
👉♪ resso
https://m.resso.com/Zs8dWQybq/
👉♪ spotify
https://open.spotify.com/track/3Vsafn...

━━━━━━━━━━━━✧❂✧━━━━━━━━━━━
🔔 आप सभी भक्तों से अनुरोध है कि @GANGABHAKTISAGAR चैनल को Subscribe करें व भजनो का आनंद ले अन्य भक्तों के साथ Share करें व Like जरूर करें

Subscribe Us on Youtube: 
👉  / @GangaBhaktiSagar",Ganga Bhakti Sagar सारे तीर्थ धाम आपके चरणों में He Gurudev Pranam Nonstop Satsangi Bhajan 2025 Sare Teerath Dhaam है गुरुदेव प्रणाम आपके चरणों में Gurudev Bhajan Satsang Bhajan Sare Tirath Dham hey gurudev pranam hey gurudev pranam aapke charno mein hey gurudev pranam apke charno he gurudev pranam aapke charno mein he gurudev pranam guruji bhajan hey gurudev pranam he gurudev pranam aapke charno me guru dev pranam apke charno main bhajan hey gurudev song,10,2026-02-07T22:30:11Z,18278,130,6,IN
O01K4ZooH3A,Thaai Kizhavi Vaaraa | Thaai Kizhavi | Radikaa | Sivakarthikeyan | Nivas K Prasanna | Sivakumar,"For more latest songs & videos, subscribe 👉 https://bit.ly/Saregama_Tamil

Presenting the first single ""Thaai Kizhavi Vaaraa"" from ""Thaai Kizhavi"" starring Radikaa Sarathkumar, Singam Puli, Arul Doss, Bala Saravanan, Munishkanth, Ilavarasu, George Maryan, Muthukumar, Raichal Rabecca and others. Directed by Sivakumar Murugesan. Music Composed by Nivas K Prasanna

Song Credits: 
Song Name : Thaai Kizhavi Vaaraa
Song Composed, Arranged and Programmed by Nivas K Prasanna
Singers : Sivakarthikeyan
Lyrics : Karumathur Manimaran

Electric Guitar : Naveen Samson Benjamin
Bass : Vijay Sanjith
Nadaswaram : G. Padmanaban
Chorus : Yadu Krishnan, Sudharshan Hemaram, Prasanna Adhisesha, Sugandh Shekar, Padmaja Sreenivasan, Aparna Harikumar & Aparna Narayanan
Additional Vocals : Nivas K Prasanna
Chorus Conducted by Alex Samuel Jenito & Hevin Booster
Indian Percussions : Shruthiraj, Kaviraj, Kiran & David
Rhythm Arranged & Conducted by Alex Samuel Jenito
Vocal Production & Pre Mix: Alex Samuel Jenito
Music Supervisor : Alex Samuel Jenito & Hevin Booster
Mixed & Mastered by Mani Ratnam @ The Mystic’s Room
Recorded at:
20dB Studios by Hariharan 
Reengara Studios by Aswin Krishna & Adharsh
2 Bar Q Studios by Srinath
Nivas K Prasanna’s Manager : Nandha Gopal

Movie Credits:

Cast: 
Radikaa Sarathkumar
Singam Puli
Arul Doss
Bala Saravanan
Munishkanth
Ilavarasu
George Maryan
Muthukumar
Raichal Rabecca

Banner: Passion Studios - Sivakarthikeyan Productions
Produced By: Sudhan Sundaram - Sivakarthikeyan
Co-Produced By: Kalai Arasu
Written & Directed By: Sivakumar Murugesan
Music: Nivas K Prasanna
Editor: San Lokesh
Director of Photography: Vivek Vijayakumar
Production Designer: Ramu Thangaraj
Sound Design: Suren G / S Alagiakoothan
Sound Mix: Suren G
Prosthetic Makeup: Vineesh Vijayan
Makeup: N.Chelladurai Alangudi
Costumer: R.Muruganantham
Stills: Maniyan
DI: Promo Works
Colorist: Adithya Krishnan
VFX: Focus VFX
VFX Supervisor: V.Rajkumar
PRO: Suresh Chandra
Publicity Design: Tuney John 24AM
Production controller – J Thivakar
Executive producers – A.R.Karthick / Ragul Parasuram

Direction Team:
Anand K Ganesan
Iram.Samynathan
S.T.Gowri Shankar
Rajesh Pandi
Vignesh sadasivam
Visagan Jeyakathir
Brushniya Karunanithi
Adhithya R Meganathan

DOP Team:
M.S.Sathish
S.Praveen Akash
TN.Udhai
Srikanth Ravirajan
Mohan Chandra
Dhyanesh Shandran
S.Naveen Raj

Edit Team :
Jegan Chakkaravarthi
S.M.Sivaganesh
Guruprasath Vadagiri
S Gurusuriya

Music Video: 

Directed by
Dinesu

Co-Directed by
Kaashvi

Director of Photography
Unni Krishnan

First Assistant Camera
Balaji S Vasan

Second Assistant Camera
Selvam Dayalan

Editor
Hari Babu

Stylist
Kaashvi RK

Assistant Stylist
Abhisek

⸻

Art Department

Art Director
Prince Leo Alex

Art Assistants
Ghugan Saravanan
Aishwarya Doss
Rudhraa
Sankar
John Akash

Lyrics: 
மூக்கு மேல குத்தி வெச்ச தோடு ரெண்டும் மம்பட்டி
காது ரெண்ட தொத்திக் கிட்டு ஆடுதடா தண்டட்டி 

மூக்கு மேல குத்தி வெச்ச தோடு ரெண்டும் மம்பட்டி
காது ரெண்ட தொத்திக் கிட்டு ஆடுதடா தண்டட்டி 

ஓட்டத்துல பி.டி. உசாவ பின்னுக்கு தள்ளிருவா 
குத்து விட்டா மைக் டைசனும் மயங்கி போயிருவான் 

இவ தொரட்டி புருவம் ஒசத்தி 
கோண கொண்டய போட்டு கலட்டி 

இவ காட்டு நெருப்பு உருவா
தெனம் கங்கணம் கட்டி வருவா 
இவ கால் மொளச்சி நடந்து வரும் ஐய்யனாரு அருவா

தாய் கிழவி வாரா ஒதுங்கிக்க 
இந்த பவுனுத்தாயி பரபரண்டு வாரா பதுங்கிக்க

தாய் கிழவி வாரா ஒதுங்கிக்க 
இந்த பவுனுத்தாயி பரபரண்டு வாரா பதுங்கிக்க

மூக்கு மேல குத்தி வெச்ச தோடு ரெண்டும் மம்பட்டி
காது ரெண்ட தொத்திக் கிட்டு ஆடுதடா தண்டட்டி 

சரணம் – 1

ஏ ரங்கம்மா
ஏ தங்கம்மா
எலா அங்கம்மா 
வாரா சிங்கம்மா

ஏ ரங்கம்மா
ஏ தங்கம்மா
எலா அங்கம்மா 
வாரா சிங்கம்மா

கையி வெரல் குத்தீட்டி 
கண்ணு முழி தீப்பெட்டி 

கையி வெரல் குத்தீட்டி 
கண்ணு முழி தீப்பெட்டி 
அவ கையி ரெண்டும் சம்பட்டி 
செவந்த நாக்கு செந்தட்டி 

ஏ பப்பெடுத்தா பாண்டியம்மா
கொட்டங்கொளவி பெத்த புள்ள 
கெட்ட கிழவி ஊருக்குள்ள 

கார வீட்டு கங்காணி 
ஏ ஊரு அடிச்சு ஒலையில் வாப்பா 
முழு கோழிய முழுங்கி நிப்பா 

அவ கிணத்தில தான் குளிச்சிட்டா பேய் ஆட்டம் ஆடுவா 
வாசல் வழி ஆள் நடந்தா முள்ள வெட்டி போடுவா 

அடியாத்தே 
கொல்ராய்ங்கலே
பாடாபடுத்துராய்ங்க

மூக்கு மேல குத்தி வெச்ச தோடு ரெண்டும் மம்பட்டி
காது ரெண்ட தொத்திக் கிட்டு ஆடுதடா தண்டட்டி 

 அவ ஓட்டத்துல பி.டி. உசாவ பின்னுக்கு தள்ளிருவா 
 குத்து விட்டா மைக் டைசனும் மயங்கி போயிருவான் 

இவ காட்டு நெருப்பு உருவா
தெனம் கங்கணம் கட்டி வருவா 
இவ கால் மொளச்சி நடந்து வரும் ஐய்யனாரு அருவா

தாய்கிழவி லோக்கல் டான்னு டா
இவ சுங்குடிச் சீல கட்டி வந்த சூப்பர் மேனுடா
தாய்கிழவி லோக்கல் டான்னு டா
இவ சுங்குடிச் சீல கட்டி வந்த சூப்பர் மேனுடா

பதற வைப்பா பவுனுத்தாயி டா 
இவ ஊர எல்லாம் கதற வைக்கும் காசு பேய்யிடா

பதற வைப்பா பவுனுத்தாயி டா 
இவ ஊர எல்லாம் கதற வைக்கும் காசு பேய்யிடா


Label: Saregama India Limited, A RPSG Group Company

 
To buy Carvaan, visit https://www.saregama.com/carvaan/tamil
To buy virus free original tracks, visit  https://www.saregama.com/musicstore
Follow us on: YouTube: https://www.youtube.com/@SaregamaTamil
Facebook: http://www.facebook.com/Saregamatamil
X: https://twitter.com/saregamasouth

#ThaaiKizhavi #Sivakarthikeyan #SaregamaTamil",Thaai Kizhavi movie Radikaa Sarathkumar new movie Sivakumar Murugesan film Nivas K Prasanna music Tamil movie teaser new Tamil teaser Tamil cinema 2025 Passion Studios film SK Productions movie Sivakarthikeyan production women centric Tamil film Radikaa Sarathkumar films Singampuli movie Munishkanth movie Bala Saravanan film Ilavarasu movie George Maryan film Tamil drama film Saregama Tamil,10,2026-02-05T11:28:07Z,1055999,22439,881,IN
r7VXKamb6b4,मुझे तो महादेव का नशा है | New Shiv Bhajan 2026 | Har Har Mahadev Song | Shiv Bhajan,"#Mahadev #HarHarMahadev #ShivBhajan
इस पावन भक्ति गीत में महादेव के प्रति सच्ची भक्ति और प्रेम को दर्शाया गया है।
“मुझे तो महादेव का नशा है” एक ऐसा शिव भजन है जो मन को शांति और शक्ति दोनों देता है।
अगर आप भी भोलेनाथ के सच्चे भक्त हैं तो इस गीत को पूरा जरूर सुनें।
वीडियो पसंद आए तो लाइक करें, शेयर करें और चैनल को सब्सक्राइब करें।
हर हर महादेव के जयकारों के साथ इस भक्ति यात्रा में हमारे साथ जुड़ें।

   • तूने ही संभाल लिया भोलेनाथ | भावपूर्ण शिव ...  

mahadev bhajan
shiv bhakti song
mahadev ka nasha hai
har har mahadev song
latest shiv song
new bhakti geet
mahadev status song
shiv devotional
bholenath song
mahakal bhajan
hindi bhakti song
mujhe mahadev ka nasha hai
mujhe to mahadev ka nasha hai
new mahakal song
new shiv bhajan 2026
shiv bhajan latest
shiv ka nasha hai
shiv status

#Mahadev
#HarHarMahadev
#ShivBhajan
#BhaktiSong
#Bholenath
#Mahakal
#ShivBhakti
#DevotionalSong
#IndianBhajan
#SpiritualMusic",kisi ko bhang ka nasha hai mujhe tera nasha hai mujhe tera nasha hai dj song mujhe tera nasha hai,10,2026-02-07T23:01:05Z,25445,339,11,IN
PLmzB3aHv9o,मैं तेरे प्यार में पागल | Prem Bandhan | Kishore Kumar | Lata Mangeshkar Songs,"1970 के दशक के स्वर्णिम युग से, किशोर कुमार और लता मंगेशकर की आवाज़ें आज भी हमारे दिलों को छू जाती हैं। 'मैं तेरे प्यार में पागल' प्रेम बंधन फिल्म का एक ऐसा ही गीत है, जो प्रेम की गहराईयों और दीवानगी को दर्शाता है। उनकी आवाज़ों में वो जादू है जो आज भी हर पीढ़ी को मंत्रमुग्ध कर देता है। यह गाना सिर्फ एक धुन नहीं, बल्कि एक एहसास है, एक कहानी है जो हर प्रेमी के दिल की बात कहती है।



Credits :

Song: Main Tere Pyar Mein Pagal
Album: Prem Bandhan
Artist: Kishore Kumar | Lata Mangeshkar
Music Director: Laxmikant-Pyarelal
Lyricist: Anand Bakshi 


आइए, इस सदाबहार गीत को सुनें और किशोर कुमार और लता मंगेशकर की जादुई आवाज़ों में खो जाएं। अगर आपको यह गाना पसंद आया तो लाइक करें, कमेंट में अपना पसंदीदा गाना बताएं और हमारे चैनल को सब्सक्राइब करना न भूलें।

#किशोरकुमार #लतामंगेशकर #रोमांटिकगाने #प्रेमबंधन #पुरानेहिंदीगाने #सदाबहारगाने #MainTerePyarMeinPagal

संगीत का जादू हमेशा जिंदा रहे...


    #1970   #MainTerePyarMeinPagal       #70s #KishoreKumar #LataMangeshkar #RomanticSongs #PremBandhan #1970sSongs #OldHindiSongs #EvergreenSongs

To buy Saregama Carvaan, visit  https://sarega.ma/yt_carvn 
To buy virus free original tracks, visit  https://sarega.ma/yt_music",किशोर कुमार लता मंगेशकर रोमांटिक गाने प्रेम बंधन 1970 के दशक के गाने पुराने हिंदी गाने सदाबहार गाने Main Tere Pyar Mein Pagal किशोर कुमार के हिट गाने लता मंगेशकर के हिट,10,2026-01-31T05:05:35Z,99454,296,4,IN
5twcuXF2l9o,Arijit Singh Love Mashup 2026 | AMEET Mashup | Arijit Singh Love Songs | Best of Love Songs 2026,"Arijit Singh Love Mashup 2026 | AMEET Mashup | Arijit Singh Love Songs | Best of Love Songs 2026

Don't Re-Upload My Videos You Will Get Copyright Strike Right Away!
Don't Re-Upload My Videos You Will Get Copyright Strike Right Away!

Mashup By : AMEET Mashup
Thumbnail  : AMEET Mashup
Video Edit   : AMEET Mashup

Don't forget to like, share, and subscribe for more amazing mashups, and hit the bell icon to stay updated with our latest releases!

Lose yourself in the magic of love with “Arijit Singh Love Mashup 2026” by AMEET 💖
A soulful blend of Arijit Singh’s most heart-touching romantic songs, carefully mixed to take you on an emotional journey through love, longing, and timeless melodies.

Whether you’re reminiscing old memories, dedicating songs to someone special, or simply enjoying peaceful vibes, this mashup is the perfect companion. From soft heartbreak anthems to pure love feels, every transition is crafted to keep your heart connected.

✨ What you’ll love in this mashup:

Best of Arijit Singh love songs

Smooth and emotional transitions

Perfect for late nights, drives, and romantic moments

A must-listen love playlist for 2026

Sit back, relax, and let the music speak what words cannot.
Don’t forget to like, share, and subscribe for more soulful mashups ❤️

Your Queries:
arijit Singh songs
arijit Singh mashup
arijit and shreya ghoshal songs
arijit Singh new song
arijit Singh
arijit Singh classical songs
arijit Singh sad song
arijit Singh
arijit song
arijit Singh ka song
arijit Singh gaan
arijit Singh mashup
arijit Singh mashup 2025
arijit Singh mashup 2024
arijit Singh mashup 2026
arijit Singh mashup 2023
arijit Singh mashup sad song
arijit Singh mashup lofi
arijit Singh mashup slowed reverb
arijit Singh mashup song 2025
arijit Singh mashup remix
arijit Singh mashup old songs

#ArijitSinghMashupLoveMashup2026
#ArijitSingh 
#ArijitSinghSongs
#ArijitSinghMashup
#LoveMashup2026  
#ArijitSinghLoveSongs 
#BestOfLoveSongs 
#RomanticSongs 
#HindiLoveSongs 
#SoulfulMusic
#AMEETMashup 
#BollywoodLofi
#LofiMusic
---------------------------------------------------------------------------------------------------------------------------------------
DISCLAIMER: This Following Audio/Video is Strictly meant for Promotional Purpose. We Do not Wish to make any Commercial Use of this & Intended to Showcase the Creativity Of the Artist Involved.

The original Copyright(s) is (are) Solely owned by the Companies/Original-Artist(s)/Record-label(s).All the contents are intended to Showcase the creativity of the artist involved and is strictly done for promotional purpose.

*DISCLAIMER: As per the 3rd Section of Fair use guidelines Borrowing small bits of material from an original work is more likely to be considered fair use. Copyright Disclaimer Under Section 107 of the Copyright Act 1976, allowance is made for fair use.

#LoveMashup
#Mashup
#BollywoodMashup",AMEET Mashup Arijit Singh Atif Aslam Love Mashup Lofi Bollywood Lofi Chill Lofi Music Lofi Beats Hindi Lofi Nonstop songs Jukebox Travel Songs Sickved Mashup HT Music SICKVED AMTEE Lo-fi 2307 Jay Guldekar Arijit Singh Love Mashup 2026 Arijit Singh Love Songs arijit Singh songs arijit Singh mashup arijit Singh new song arijit Singh classical songs arijit Singh mashup lofi arijit Singh sad song arijit Singh ka song arijit and shreya ghoshal songs,10,2026-02-04T12:30:08Z,141770,0,25,IN
3e0ZUntM9t0,होली ह 4 के | TunTun Yadav & Goldi Yadav | #holi #jukebox - Bhojpuri Holi Song 2026,"👉Album -  
👉Singer - TunTun Yadav
👉Lyrics-  Sunil Sagar 
👉Music - Vicky Vox  
👉Recording - Shankray Studio Ara 
👉Composer - Jaykumar Yadav
👉Label - Bahubali Music World 
👉Producer- Manish Bahubali 
_________________________________________________
► Digital Managed  - Ranjan Yadav 62015 74104
►Digital Patner :-  KunjTech Digital Pvt. Ltd.
_________________________________________________

► Thanks For Watching Our  Channel.
► Subscribe For More Updates ..
---------------------------------------------------------------------------------------------------------",होली ह 4 के | TunTun Yadav & Goldi Yadav #holi #jukebox - Bhojpuri Holi Song 2026 tuntun yadav new song new bhojpuri song bhojpuri holi jukebox 2026 tuntun yadav new bhojpuri song tuntun yadav holi song 2026 new bhojpuri song tuntun yadav tuntun yadav ka hit gana tuntun yadav ka gana har jila me shooter posale bani tuntun yadav ka new gana holi nonstop song bhojpuri holi jukebox tuntun yadav nonstop song tuntun yadav new song dj #holi #jukebox - Bhojpuri Holi,10,2026-02-07T01:00:13Z,46279,471,11,IN
GJlTIt0waKM,महाशिवरात्रि स्पेशल 2026 भोले बाबा का सुपरहिट भजन | Shiv Bhajan 2026 | Superhit Bholenath Bhajan,"महाशिवरात्रि स्पेशल 2026 भोले बाबा का सुपरहिट भजन | Shiv Bhajan 2026 | Superhit Bholenath Bhajan
महाशिवरात्रि स्पेशल 2026 भोले बाबा का सुपरहिट भजन | Shiv Bhajan 2026 | Superhit Bholenath Bhajan
महाशिवरात्रि स्पेशल 2026 भोले बाबा का सुपरहिट भजन | Shiv Bhajan 2026 | Superhit Bholenath Bhajan
महाशिवरात्रि स्पेशल 2026 भोले बाबा का सुपरहिट भजन | Shiv Bhajan 2026 | Superhit Bholenath Bhajan



#Shiv_Bhajan #bholenathsong #trending #latestshivbhajan2026#popularshivbhajan #bholenathkebhajan #bhakti #devotional #shivbhaktioriginal #bhaktioriginal #shivjikebhajan #viralbholenathbhajan #shivbhajanjukebox 
#shivjikebhajan #shivbhajan #newshivbhajan2026#shivbhajan2026#newshivbhajan2026#shivbhajannew2026 #shivbhajans #2025shivbhajan #bholebababhajan #bholebabakebhajan #bholebabakebhajan2026#shivbhajan2026 #newshivbhajan2026#shivbhajannew2026#bholebhajan #songs #song #viralbhajan #viralsong #viralsong #viralbhajans #viralbhajan2026 #viralsong2026#viralsongs2026 #bhajans #bhajansong #bhajansongshindi #bhajankirtan #kirtanbhajan #kirtanbhakti #kirtanbhajansatsang #bhajanstatus #bhajan2026 #bhakti #bhaktibhajan #bhaktigeet #bhaktisadhna #भक्ति #भक्तिगाना #भक्ति_सॉन्ग #कीर्तन #कीर्तनभजन #viralshivbhajan #viralbholenathshivratri, mahashivratri, shivratri special, mahashivratri 2026, mahadev, bholenath, lord shiva, shiv bhajan, shiv bhajan hindi, shiv bhajan new, shiv bhakti, shivratri bhajan, shivratri song, shivratri status, shivratri puja, shivratri aarti, shiv mantra, mahamrityunjay mantra, om namah shivaya, har har mahadev, jai bholenath, shiv tandav stotram, shiv amritwani, mahadev bhakti original

shivratri
mahashivratri
shivratri special
mahashivratri 2026
mahadev
bholenath
lord shiva
shiv bhajan
shiv bhajan hindi
shiv bhajan new
shiv bhakti
shivratri bhajan
shivratri song
shivratri status
shivratri vlog
shivratri puja
shivratri aarti
shivratri katha
shiv mantra
mahamrityunjay mantra
om namah shivaya
har har mahadev
jai bholenath
shiv tandav stotram
shiv amritwani
mahadev bhakti original",shivratri mahashivratri shivratri special mahashivratri 2026 mahadev bholenath lord shiva shiv bhajan shiv bhajan hindi shiv bhajan new shiv bhakti shivratri bhajan shivratri song shivratri status shivratri puja shivratri aarti shiv mantra mahamrityunjay mantra om namah shivaya har har mahadev jai bholenath shiv tandav stotram shiv amritwani mahadev bhakti original,10,2026-02-06T23:45:03Z,27255,229,7,IN
1gcG6j_RD1k,Aarzu,"Provided to YouTube by Universal Music Group

Aarzu · Noor · Khan · Madhurxo

Aarzu

℗ 2025 Universal Music India Pvt. Ltd.

Released on: 2025-12-31

Vocalist: Madhurxo
Lyricist, Videowriter, Vocalist, Composer: Khan
Lyricist, Videowriter, Producer, Composer: Noor

Auto-generated by YouTube.",Noor Khan Madhurxo Aarzu,10,2026-02-02T09:54:49Z,190946,3806,0,IN
j6xwAZz8rn4,श्री गजानन महाराज प्रकट दिन विशेष ध्यान मंत्र | Prakat Din Special Gajanan Maharaj Dhyan Mantra,"Shri Tridev Presents :- श्री गजानन महाराज प्रकट दिन विशेष ध्यान मंत्र | Prakat Din Special Gajanan Maharaj Dhyan Mantra

श्री गजानन महाराजांच्या पावन चरणी सर्वस्व जीवन अर्पण करून सादर केलेला हा भक्तिपूर्ण ध्यान मंत्र, भक्तांना अंतःकरणातील शांती, श्रद्धा व गुरुकृपा प्रदान करणारा आहे.

या मंत्राच्या जपाने मन स्थिर होते, नकारात्मकता दूर होते आणि शेगाव निवासी समर्थ सद्गुरु श्री संत गजानन महाराजांच्या कृपाशक्तीचा अनुभव येतो.

🔱 प्रकट दिन विशेष – दररोज ध्यान, जप व नामस्मरणासाठी अत्यंत उपयुक्त
🎧 हेडफोनसह ऐकणे अधिक लाभदायक
🕉️ १०८ वेळा जप केल्यास विशेष आध्यात्मिक लाभ

📜 मंत्र

ॐ गजानन नमो नमः 
श्री गजानन नमो नमः 
जय गजानन नमो नमः 
गुरु गजानन नमो नमः

!! गण गण गणात बोते !!
|| अनंत कोटी ब्रह्मांड नायक
महाराजाधिराज योगीराज परब्रह्म सच्चिदानंद
भक्त प्रतिपालक शेगांव निवासी
समर्थ सद्गुरु श्री संत गजानन महाराज की जय ||

Song Details: 
Title: Gajanan Maharaj Mantra 
Singer: Shreejeet Gaikwad
Music: Shreejeet Gaikwad 
Lyrics: Traditional 
VFX & Edit at - Chetan Garud Productions Studios LLP
Label : Chetan Garud Productions Studios LLP

--------------------------------------------------
Full Audio Song Available On
🎧 Jio Saavn - https://tinyurl.com/3xjvnzjy
🎧 Spotify - https://tinyurl.com/yh5epdks
🎧 Gaana - https://tinyurl.com/2wsb7vfk
🎧 Apple Music - https://tinyurl.com/3m3z47ch
🎧 Amazon Music - https://rb.gy/e3004d

🙏 आपल्या प्रतिक्रिया कॉमेंटद्वारे नक्की कळवा
🙏 हा मंत्र आवडल्यास चॅनेलला Subscribe, Like आणि Share जरूर करा
🙏 गजानन महाराजांचा कृपाशीर्वाद सदैव आपल्या सर्वांवर राहो

#gajananmaharaj #gajanan #gajananmauli #gajanan_maharaj_shegaon #shegaondarshan #shegaonmandir #bhakti #bhajan #mantras #devotionalmusic #devotional #naman #prakatdin",गजानन मंत्र | Om Gajanan Namo Namah Shree Gajanan Namo Namah | Gajanan Mantra devotional songs Gajanan Maharaj Shri Gajanan Maharaj गजानन मंत्र Gajanan Mantra Gajanan gajanan maharaj bavani gajanan maharaj aarti gajanan maharaj prakat din gajanan maharaj song Shri Gajanan Maharaj mantra gan gan ganat bote गजानन महाराज प्रकट दिन विशेष 2026 गजानन महाराज ध्यान मंत्र gajanan maharaj stotra gajanan maharaj gajanan maharaj mantra श्री गजानन महाराज प्रकट दिन विशेष,10,2026-02-03T23:45:04Z,17340,111,6,IN
hFMw5z4dsXw,मंदिर के सीढ़ी चढ़ चढ़ मांगू  Playlists || Ek Mulakat Jaruri Hai Sajan || Mix Old Trending Song,"मंदिर के सीढ़ी चढ़ चढ़ मांगू  Playlists || Ek Mulakat Jaruri Hai Sajan || Mix Old Trending Song


Palylists mandir ke sidhi song, mix ek mulakat, mandire ki sidhichad chad, मंदिर के सीढ़ी चढ़ चढ़ मांगू, Naga Navtra , Paru Rabari


❤️ Viewer Note :
If you enjoy old songs and classic remixes, don’t forget to Like, Share, and Subscribe to support our channel.
Your love keeps retro music alive 




#mandirkesidhichadh #mandirkisidhichadhmangu #MixOldTrendingSong #MixOldsongs #मंदिरकेसीढ़ीचढ़चढ़मांगू #मंदिर_के_सीढ़ी_चढ़_चढ़_मांगू #मंदिरकेसीढ़ी #मंदिर_के_सीढ़ी_चढ़ #naganavtra #parurabari  

 #oldsongremix,  #retromusic,  #bollywoodoldsongs, #oldsong, #oldisgoldsongs, #classicbollywood, #remix2026,   #hindisongs, 
#Ekmulakatmashusongs #ekmulakatjarurifullsong 
#EvergreenBollywood, #BollywoodOldSongs, #70s80s90sSongs, #OldIsGold, #RetroLoveSong, #BollywoodClassic, #EvergreenMelody, #RomanticOldSongs, #HeartTouchingSong, #HindiOldSongs, #BollywoodEvergreen, #ClassicBollywoodLove, #GoldenEraSongs, #IndianMusicVibes, #DesiRomance, #MusicalJourney, #oldsongremake #BollywoodRomanticSong, #EvergreenHits, #OldBollywoodMusic, #RetroVibes, #MharoBhaiMusic,  #LoveSong2025,",mandir ke sidhi chadh chadh mangu playlists mix madir ke sidhi playlists mashup mandir ke sidi mandir ke sidhi chadh chadh mangu मंदिर के सीढ़ी चढ़ चढ़ मांगू सीढ़ी चढ़ चढ़ मांगू #EvergreenHits #OldBollywoodMusic #RetroVibes #MharoBhaiMusic #MharobhaiStudio #BollywoodEvergreen #ClassicBollywoodLove naga navtra paru rabari ek mulakat jaruri hai sanam new version mix madir ke sidhi trending song heart touching song,10,2026-02-05T21:56:21Z,289686,4424,256,IN
g5h5KDJ5GzE,रविवार के दिन सभी ग्रहों से मुक्ति दिलाएगा ये #सुंदरकाण्ड पाठ मात्र 30 मिनट सुन लेना ~ #sundarkand,"रविवार के दिन सभी ग्रहों से मुक्ति दिलाएगा ये #सुंदरकाण्ड पाठ मात्र 30 मिनट सुन लेना ~ #sundarkand 
रविवार के दिन सभी ग्रहों से मुक्ति दिलाएगा ये #सुंदरकाण्ड पाठ मात्र 30 मिनट सुन लेना ~ #sundarkand 
रविवार के दिन सभी ग्रहों से मुक्ति दिलाएगा ये #सुंदरकाण्ड पाठ मात्र 30 मिनट सुन लेना ~ #sundarkand 
रविवार के दिन सभी ग्रहों से मुक्ति दिलाएगा ये #सुंदरकाण्ड पाठ मात्र 30 मिनट सुन लेना ~ #sundarkand 
रविवार के दिन सभी ग्रहों से मुक्ति दिलाएगा ये #सुंदरकाण्ड पाठ मात्र 30 मिनट सुन लेना ~ #sundarkand 
रविवार के दिन सभी ग्रहों से मुक्ति दिलाएगा ये #सुंदरकाण्ड पाठ मात्र 30 मिनट सुन लेना ~ #sundarkand 

अगर आप  Bhakti गाना पसंद करते हैं तो अभी हमारे  Channel को Subscribe करें

Subscribe करने के लिए यहाँ Click करें..      https://www.youtube.com/channel/UCL-bUMbII1B1Ssc38iBzA1A

Make Your Reels : - 
🎵  Streaming On
🎵  Apple Music - https://music.apple.com/us/album/sampurn-sunderkand-patha-superfast/1788437844?i=1788437846
🎵  Gaana - https://gaana.com/song/sampurn-sunderkand-patha-superfast
🎵  JioSaavn - https://www.jiosaavn.com/song/sampurn-sunderkand-patha-superfast/KQEBaDxhZX4
🎵  Spotify - https://open.spotify.com/track/7iOyjnitOXxD0AdBBfVu1l?si=414ee198ebff4320
🎵  Amazon Music -  https://music.amazon.in/tracks/B0DS4VKXFW?marketplaceId=A21TJRUUN4KGV&musicTerritory=IN&ref=dm_sh_M86V0qfhksaJq2keahjtLYwDW
🎵  Youtube Music - https://youtu.be/ZL2ssfze9HQ?si=WbWkRw5Y2rmvbVlh

🎤 SONG CREDITS
🎤 Song : - Sampurn Sundarkand Path
🎤 Singer : - Kumar Vishu
🎤 Music : - Vijay Kumar
🎤 Recording & Mixing : - Arun Mishra
🎤 Music Label : Mantra Ucharan
🎤 DIGINOR NETWORK Presents
🎤 Digitally Powered by Diginor Network

#sunderkandpath #sunderkand #sampurnsunderkand #sunderkandfull #sunderkandinhindi #sundarkand #sunderkandramayan #sampurnsunderkandpath #sunderkandfast #sunderkandkapaath #sunderkandpathfullinhindi #ramayansunderkand #sampurnsundarkand #sunderkandwithlyrics #sampoornasunderkand #sampurnasunderkand #fullsunderkand #sunderkandpath #sunderkandbhajan #sunderkandpathfast #sampurnasunderkandpath #sampoornsundarkandpathhindi

सम्पूर्ण सुन्दरकाण्ड पाठ,सम्पूर्ण सुन्दरकाण्ड,sundar kand,सुन्दरकाण्ड,sunder kand,सम्पूर्ण सुंदर कांड,sunderkand paath,सम्पूर्ण सुन्दरकाण्ड का पाठ,मंगलवार स्पेशल,सम्पूर्ण सुपरफास्ट सुन्दरकाण्ड,सम्पूर्ण सुंदरकाण्ड अध्याय,sunder kand by prem parkash dubey,सवा घंटे में सम्पूर्ण सुंदर कांड,संपूर्ण सुंदरकांड,sunderkand ka paath,sunder kaand,सम्पूर्ण सुंदरकांड पाठ,सुन्दरकाण्ड पाठ,sunder kand,sundar kand,sunderkand ka paath,sunder kand paath,#sundar,sunder kand with animation,sunder kaand,sunder kand path,sundar kand path,sundar kaand,sunder kand full,non stop sunder kand,sunder kaand path,sundar kaand in cartoon,#kand,sunderkand paath,full sundar kand,sundar kand live,sunderkand paath hindi,akhand sundar kand,sundar kand chaupai,non stop sundar kand,sunder kand by prem parkash dubey,sampoorn sundar kand

Find More Bhajan:- sunderkand path,sunderkand,sampurn sunderkand,sunderkand full,sunderkand in hindi,sundarkand,sunderkand ramayan,sampurn sunderkand path,sunderkand fast,sunderkand ka paath,sunderkand path full in hindi,ramayan sunderkand,sampurn sundarkand,sunderkand with lyrics,sampoorna sunderkand,sampurna sunderkand,full sunderkand,sunder kand path,sunderkand bhajan,sunderkand path fast,sampurna sunderkand path,sampoorn sundarkand path hindi, शनिवार के दिन सभी ग्रहों से मुक्ति दिलाएगा ये सुंदरकाण्ड पाठ मात्र 30 मिनट सुन लेना,sundarkand,Sundarkand Paath,Sampurn Sundarkand Path,Superfast Sundarkand path,Sundarkand ki path,Shanivar sundarkand path,sampuroon sundarkand patha,सुंदरकाण्ड पाठ,सुंदरकाण्ड,Sundarkand Path 2025,Sundar Kand,Sundar Kand Path,Sundarkand Ki Path,sundar kand hindi,sunderkand ka paath,sunderkand in hindi,sunderkand with lyrics,sampoorn sundar kand,sampurn sunderkand",,10,2026-02-07T21:15:04Z,24271,309,22,IN
bN_IiHSUAEE,Hopeless-Lofi Mix,"Provided to YouTube by Saregama India Ltd

Hopeless-Lofi Mix · Amanraj Gill · Prem Lata · AJ Fakira

Hopeless-Lofi Mix

℗ 2026 Saregama India Ltd

Released on: 2026-02-04

Composer: Amanraj Gill
Composer: AJ Fakira
Lyricist: Amanraj Gill

Auto-generated by YouTube.",Amanraj Gill Prem Lata AJ Fakira Hopeless-Lofi Mix,10,2026-02-03T18:31:36Z,71550,869,10,IN
eouUuMnr62E,"Ramba - 7 Bantai'Z, @KaamBhaari  | Azadi Records (Official Music Video)","'RAMBA' Out Now On All Platforms: https://lnk.to/Ramba


MUSIC CREDITS: 
Written & Performed by 7 Bantai'Z & Kaam Bhaari
Produced by DRJ Sohail
Mixed & Mastered by Shubham Patil
Label: Azadi Records



VIDEO CREDITS:

Shot by: Dropout
Director: Shubham Dolas
Director of Photography (DOP): Hardik Ranavshe
Editor: Bhavesh Thakur
Director’s Assistant: Lakhan Kadam
Assistant Camera (AC): Yash Sandesh Jadhav
Colorist: Hriday Sonawane
DI Lab: Paper Cloud Film Studio

⸻

PRODUCTION:

Executive Producer & Production Head: David Klyton

Production Team:
Sagar Narayani
Gaurav Joshi
Karan Abnave
Vishal Kotapalli
Rishikesh Gaikwad
Vinit Kahn
Anshpreet Sandhu
Ajay Gunjanoor
Prathamesh Chavan
Ankul Singh
Shirly Miranda
Arul

Art: Rahul Joshi
Costume: Viraj Desai, Sahil Tannaa

BTS:
Sudhir Glyton
Akaaansh Chaudhari

⸻

CASTING & ARTISTS

Casting: Yogesh Kurme, David Klyton

Cast:
Don’s Brother: Aman Hasmi

Don’s Goons:
Devang
Ansh
Aradhya
Juniad Idrisi
Yugank
Harshly

Cameo :
Mc Altaf
Sammohit
Alkesh
Sarvesh
Sandy
Harshly
Saurabh
Juno
Oggy
Viraj
Subojeet
Omkar Palande
Vedant Desai

⸻

Choreographers: Tejas, Nivedita Sharma
Special Thanks: Sushant Khatri

Dancers:
Nivedita Sharma
Siya Pai
Devika Khade
Payal Singh
Kashish Mehta
Tanishka Motwani

⸻

Makeup: Mansi Shinde
Location: Tales Of Tavern


Executive Producer: Mo Joshi
Label: Azadi Records



Follow 7 Bantai'Z - https://www.instagram.com/7bantaiz

Follow Kaam Bhaari -  https://www.instagram.com/kaambhaari/

Follow Azadi Records -  https://linktr.ee/azadirecords

All Rights Reserved 2026 Azadi Records",7 bantai'z divine meter down kaam bhaari mumbai rap mc altaf sammohit mein,10,2026-02-07T12:30:08Z,69434,5934,278,IN
98_W9uTWlbI,2026 का सुन्दर देवी गीत-Subah Ka Bhajan Live 2026 | Mata Bhajan | Bhojpuri devi geet,"#Bhakti #MaaDurga #DeviGeet #MorningBhajan #2026 

2026 का सुन्दर देवी गीत-Subah Ka Bhajan Live 2026 | Mata Bhajan | Bhojpuri devi geet
 #bhojpuridevigeet   #devigeetbhojpuri  #livedevipachra 
#durgapujakegana #durgamatabhajan #pachra_geet 
Navratri Bhakti Song 2026 | Devi Geet | नवरात्रि स्पॆशल गीत 🌹 | Bhakti Gana | Bhojpuri Devi Geet
Navratri Bhakti Song  2026 | Devi Geet | नवरात्रि स्पॆशल गीत 🌹 | Bhakti Gana | Bhojpuri Devi Geet
परम्परिक भोजपुरी देवी पचरा गीत  | Bhojpuri Devi Geet  2026
#2026 सुबह का सुन्दर भजन-Subah Ka Bhajan Live 2026 | Mata Bhajan | Bhojpuri devi geet
 पारम्परिक भोजपुरी देवी गीत🌺🌺 Navratri ka gana | devi geet| durga puja song
 पारम्परिक भोजपुरी देवी गीत🌺🌺 Navratri ka gana | devi geet| durga puja song
परम्परिक भोजपुरी देवी पचरा गीत Bhojpuri Devi Geet  2026
Navratri Bhakti Song  2026| bhakti song | Bhojpuri Devi Geet | Bhajan | bhakti gana
#newdevipachralive #devimatasong #livesongmatarani
#newdevipachralive #devimatasong #livesongmatarani
Navratri Bhakti Song  2026 New Devi Geet | नवरात्रि स्पॆशल गीत🌹Bhojpuri Devi Geet Bhajan
Navratri Bhakti Song  2026 New Devi Geet | नवरात्रि स्पॆशल गीत🌹Bhojpuri Devi Geet Bhajan
सुबह का स्पॆशल गीत 🥀🌺| Navratri Bhakti Song 2025 | Bhojpuri Devi Geet | Bhakti Gana | Mata Bhajan
सुबह का स्पॆशल गीत 🥀🌺| Navratri Bhakti Song  2026 | Bhojpuri Devi Geet | Bhakti Gana | Mata Bhajan
navratri bhakti song  2026
देवी गीत
भोजपुरी देवी गीत
भोजपुरी नवरात्री गीत
नवरात्री देवी गीत
पचरा
भोजपुरी पचरा गीत
bhojpuri navratri song
bhojpuri durga mata bhajan
bhojpuri navratri gana
nonstop bhojpuri devi geet
devi geet
navratri bhakti song
pachra
pachra geet
bhakti gana
mata rani
bhakti song
bhojpuri bhajan
bhojpuri bhakti geet
bhojpuri devi geet
bhojpuri bhakti song
new devi geet 2026
new bhojpuri song 2026
#livedevipachra #livesongmatarani #bhojpuridevigeet #newdevipachralive 
#oubhaktibhojpuri #devigeetbhojpuri , live devi geet
nimiya ke daar maiya
Parmparik Devi Pachra 2026 | Navrati Devi Geet Bhojpuri Live 2025 | Live Devi Geet Navratri Parmparik Devi Pachra 2026 | Navrati Devi Geet Bhojpuri Live 2026 | Live Devi Geet Navratri 
bhojpuri bhajan, bhojpuri mata bhajan, 
bhojpuri bhakti song, bhojpuri bhakti gana, bhojpuri bhakti songs, bhojpuri bhakti video, bhakti gana bhojpuri, best bhojpuri bhakti geet, bhojpuri bhakti song pawan singh, bhojpuri bhajan, bhojpuri, bhojpuri aarti, bhojpuri chath, hammar bhojpuri, hamaar bhojpuri, bhojpuri hit, bhojpuri mata bhajan, bhakti bhajan, bhojpuri gana, bhojpuri song, bhojpuri songs, video bhojpuri, bhakti, bhojpuri bolbam song, bhakti pukar, new bhojpuri song, tseries bhojpuri, bhojpuri devi geet, devi geet bhojpuri, bhojpuri devigeet
#aaryabhojpuri 
#oubhaktibhojpuri 
#Devi_Geet 
#punitpukar 
#devi_geet2026
#New_Devi_Geet_2026
#Bhojpuri_Devi_Pachra_Geet
#भोजपुरी_देवी_पचरा_गीत 
#नवरात्रि_स्पेशल_गीत
#Navratri_Special_Geet
#Devi_Geet
#देवी_गीत
#Durga_Puja
#Paramparik_Devigeet 
#Devi_Pachra
#Pachra_Geet 
#punitpukar 
#Paramparik_Devi_Pachra_Geet
#पारम्परिक_देवी_पचरा_गीत 
#aaryabhojpuri 
#देवी_पचरा_गीत_2026
#oubhaktibhojpuri 
bhojpuri devi geet, devi geet bhojpuri, devi bhojpuri song, devi bhojpuri songs, bhojpuri devi geet 2026, new devi geet bhojpuri, bhojpuri devi pachra geet, bhojpuri devi geet old song, kalpla bhojpuri devi geet jukebox, bhojpuri devigeet, kalpana bhojpuri hit devi geet, new video devi singer bhojpuri song, bhojpuri devi geet khesari lal yadav, devi bhojuri song, ravinder singh jyoti bhojpuri devi geet 2026, bhojpuri video, bhojjpuri devi geet pawan singh ka, bhojapuri new devi geet 2026, bhojpuri, bhakti gana
navratri geet
bhakti song
navratri song
devi geet
devi geet pachra
pachra song
pachra geet
paramparik geet
mata bhajan
navratri ka gana
navratri ka song
#livedevipachra #newdevipachra #bhojpuribhaktivideo #bhojpuribhakti 
DURGA MATA KA GANA
DURGA MATA BHOJPURI GANA
pawan singh new devi geet 2026
durga puja ka naya gana
pawan singh ka naya gana
navratri ka naya gana
navratri ka gana
navratri 2026 new song
durga mata nonstop bhajan

#Bhakti #MaaDurga #DeviGeet #MorningBhajan #2026",naya bhojpuri devi geet 2026 bhojpuri devi geet madhur mithas bhakti durga mata bhajan bhojpuri navratri devi geet,10,2026-02-06T22:30:02Z,22219,74,5,IN
aAQpEWbvbZ8,Yeh Dil Deewana | Shah Rukh Khan | Sonu Nigam | Nadeem-Shravan | Pardes | 90's Hit Songs,"Yeh Dil Deewana | Shah Rukh Khan | Sonu Nigam | Nadeem-Shravan | Pardes | 90's Hit Songs

Song Credits: 
Singer(s): Sonu Nigam, Hema Sardesai & Shankar Mahadevan
Music Director: Nadeem-Shravan
Lyricist: Sameer
Movie Credits:
Cast : Shahrukh Khan, Amrish Puri, Mahima Chaudhry, Apoorva Agnihotri, Alok Nath, Himani Shivpuri & Aditya Narayan
Director & Producer : Subhash Ghai
 
Song Lyrics:
Dil Yeh Dil
Dil Yeh Dil
Dil Yeh Dil
Yeh Dil Deewana
Deewana Haan Hai Yeh Dil
Deewane Ne Mujhko Bhi
Ahh!
Kar Daala Haan Deewana
Maine Uske Sheher Ko Chhoda
Uski Gali Mein Dil Ko Toda
Phir Bhi Seene Mein Dhadakta Hai Yeh Dil
Maine Dil Se Use Nikala
Jo Na Karna Tha Kar Dala
Phir Bhi Yaad Usi Ko Karta Hai Yeh Dil
Yeh Dil Deewana
Deewana Haan Hai Yeh Dil
Deewana Dil
God Saves The World
World Saves The Man
Man Saves The Heart
Heart Saves Love
Dil
Haan Dil
Dil Ki Khata Bhi Hai Kya
Mujhko Gila Bhi Hai Kya
Is Dillagi Ke Siwa Dil Ne Kiya Bhi Hai Kya
Aashiq Hai Yeh Chor Nahi Hai Main Kya Karoon
Dil Pe Mera Zor Nahi Hai Main Kya Karoon
Aashiq Hai Yeh Chor Nahi Hai Main Kya Karoon
Dil Pe Mera Zor Nahi Hai Main Kya Karoon
Yeh Dil Deewana
Deewana Haan Hai Yeh Dil
Dil Dil Dil
Dil Kaisa Bepeer Hai
Woh Ek Tasveer Hai
Main Kehta Hoon Todd De
Kehta Hai Zanjeer Hai
Koi Kachchi Dorr Nahi Hai Main Kya Karoon
Dil Pe Koi Zor Nahi Hai Main Kya Karoon
Koi Kachchi Dorr Nahi Hai Main Kya Karoon
Dil Pe Koi Zor Nahi Hai Main Kya Karoon
Yeh Dil Ahh Deewana
Deewana Haan Hai Yeh Dil
Deewana Dil
Deewane Ne Ahh Mujhko Bhi
Kar Daala Haan Deewana
Deewana Dil
Maine Uske Sheher Ko Chhoda
Uski Gali Mein Dil Ko Toda
Phir Bhi Seene Mein Dhadakta Hai Yeh Dil
Dil Dil
Maine Dil Se Use Nikala
Jo Na Karna Tha Kar Dala
Phir Bhi Yaad Usi Ko Karta Hai Yeh Dil
Yeh Dil Deewana
Ahh!
Deewana Haan Hai Yeh Dil
Pagal Dil
Deewane Ne Mujhko Bhi
Kar Daala Haan Deewana
Deewana Dil
Dil
Haan Yeh Dil
Dil Dil Deewana Dil
Dil Dil Paagal Dil
Dil Dil Dil Dil
Deewana Dil
Dil Dil

#yehdildeewana #sonunigam #shahrukhkhan",yeh dil deewana pardes movie songs pardes songs pardes shah rukh sonu nigam shankar mahadevan yeh dil deewana song yeh dil deewana video song yeh dil deewana video pardes song shahrukh khan pardes songs hindi pardes song yeh dil deewana pardes song video sonu nigams hits songs bollywood songs romantic songs yeh dil Hindi Song pardes movie yeh dil deewana pardes,10,2026-02-02T13:07:55Z,84939,302,3,IN
3u6k2CZ7rqU,Kiliye Kiliye - Video Lyrical | Lokah Chapter 1: Chandra | Kalyani Priyadarshan |Naslen|Dominic Arun,"For more latest songs & videos, subscribe 👉 https://bit.ly/Saregama_Malayalam

Here's the video lyrical ""Kiliye Kiliye"" video song from 'Lokah Chapter 1: Chandra' starring Kalyani Priyadarshan, Naslen & others. Writer, Director Dominic Arun.

Original Song Credits:
Kiliye Kiliye
Singer: S. Janaki
Lyrics: Poovachal Khader
Music: Ilaiyaraaja
Recreation: The Independeners

Movie Credits:
Writer, Director - Dominic Arun
Produced by - Wayfarer Films
Director of Photography - Nimish Ravi
Film Editor - Chaman Chakko
Music Composer - Jakes Bejoy
Production Designer - Banglan
Executive Producer - Jom Varghese
Line Producer - Bibin Perumbilly
Action Choreographer - Yannick Ben
Additional Screenplay & Dramaturgy - Santhy Balachandran
Art Director - Jithu Sebastian 
Make up - Ronex Xavier
Costume Designers - Melwy J, Archana Rao
Other Language Dubbing Director - RP Bala (RP Studios)
Sound Design - Dawn Vincent 
Sound Mix - Rajakrishnan 
Lyricist - Sasikumar, MuRi, Zeba Tommy
Guest Composers - DJ Sekhar, JK
Production Controller - Vinosh Kaimal, Rinny Divakar
Chief Associate Director - Sujith Suresh
Associate Director - Sugheesh S.G
Chief Associate Cameraman - Anson Titus
Associate Cameraman - Hemil Sugunan
Project Heads - Sujai James, Deva Devan V
Ai Visualization & Post Production Supervisor - Ajmal Haneef
Still Photography - Rohit K Suresh, Amal C Sadhar
Publicity Design - Aesthetic Kunjamma
Casting Director - Vivek Anirudh
Creative Contribution - Jitin Puthanchery
DI Colorist - Yashika Routray
DI Studio - Color Planet Studios
Visual Effects - Little Hippo Studios & Pictorial Fx
Animation - Eunoians Studio


Label: Saregama India Limited, A RPSG Group Company

To buy the original and virus free track, visit www.saregama.com
Follow us on: YouTube: https://www.youtube.com/user/Saregamamalayalam
Facebook: http://www.facebook.com/Saregamamalayalam
X: https://twitter.com/saregamasouth​​

#KiliyeKiliye #Lokah #KalyaniPriyadarshan #Naslen #SaregamaMalayalam",kiliye kiliye afrobeat kiliye kiliye afrobeat x kalyani priyadarshan kiliye kiliye afrobeat video kiliye kiliye the independeners kiliye kiliye s janaki kiliye kiliye aa raathri song kiliye kiliye afrobeat remix kiliye kiliye ilaiyaraaja kiliye kiliye recreated song kiliye kiliye lofi afrobeat kiliye kiliye afrobeat mix kalyani priyadarshan edits aa raathri ilaiyaraaja songs s janaki hits afrobeat tamil mix afrobeat indian remix indian afrobeat songs,10,2026-02-03T09:30:02Z,539338,6099,58,IN
5aJl067ajdc,Dekha Use Jab Pahli Baar (Love Song) | 90s New Bollywood Heart Touching Hindi Song,"Provided to YouTube by DistroKid

Dekha Use Jab Pahli Baar (Love Song) | 90s New Bollywood Heart Touching Hindi Song · YSRD Neeraj · YSRD Neeraj

Dekha Use Jab Pahli Baar (Love Song) | 90s New Bollywood Heart Touching Hindi Song

℗ YSRDN Studios

Released on: 2026-01-30

Auto-generated by YouTube.",YSRD Neeraj Dekha Use Jab Pahli Baar (Love Song) | 90s New Bollywood Heart Touching Hindi Song,10,2026-02-02T22:27:27Z,151683,1254,0,IN
nsti7BrSaVk,#videos | जान मारे राजा | #Khesari Lal Yadav & #Shilpi Raj | Jaan Maare Raja | #Bhojpuri Song 2026,"#Video | जान मारे राजा | #Khesari Lal Yadav & #Shilpi Raj | Jaan Maare Raja | #Bhojpuri Song 2026

Album - जान मारे राजा
 Song - Jaan Maare Raja
 Singer - Khesari Lal Yadav & Shilpi Raj
 Feat - Dimpal Singh
 Lyrics - Tuntun Yadav
 Music - Arya Sharma",Khesari Lal Yadav Shilpi Raj Rumaliya Dimpal Singh Bhojpuri Song 2026 khesari lal song khesari lal new song khesari song 2026 khesari lal new song 2026 shilpi raj new song 2026 khesari lal yadav song khesari la new song Rumaliya khesari lal khesari lal bhojpuri song khesari lal yadav tatkal aaja khesari lal khesari lal yadav holi song Raja Jaan Mare Rumaliya Me raja jaan mare Rumaliya Me Has Ke रुमालिया में हस के Jaan Maare Raja जान मारे राजा,10,2026-02-08T01:45:03Z,9521,53,1,IN
Xtc2_l1XOrY,Teri Yado Ki Chadar Odhe,"Provided to YouTube by DistroKid

Teri Yado Ki Chadar Odhe · Tarun Chaudhary

Teri Yado Ki Chadar Odhe

℗ 11063866 Records DK

Released on: 2026-01-22

Auto-generated by YouTube.",Tarun Chaudhary Teri Yado Ki Chadar Odhe,10,2026-02-02T21:57:26Z,162173,953,0,IN
J02HgEcBdUY,फागण मेले के No.1 खाटू श्याम भजन | इबके नंबर मेरा से | श्याम संग होली मनाएंगे | करलो खाटू की तैयारी,"Follow the Sonotek Bhakti channel on WhatsApp: 
https://whatsapp.com/channel/0029Vag51SI4tRrlB52f791U 

फागण मेले के No.1 खाटू श्याम भजन | इबके नंबर मेरा से | श्याम संग होली मनाएंगे | करलो खाटू की तैयारी

फागण मेले के No.1 खाटू श्याम भजन | इबके नंबर मेरा से | श्याम संग होली मनाएंगे | करलो खाटू की तैयारी

फागण मेले के No.1 खाटू श्याम भजन | इबके नंबर मेरा से | श्याम संग होली मनाएंगे | करलो खाटू की तैयारी

फागण मेले के No.1 खाटू श्याम भजन | इबके नंबर मेरा से | श्याम संग होली मनाएंगे | करलो खाटू की तैयारी

फागण मेले के No.1 खाटू श्याम भजन | इबके नंबर मेरा से | श्याम संग होली मनाएंगे | करलो खाटू की तैयारी

#श्याम_बाबा_के_हर_रोज_दर्शन_पाने_के_लिए_इस_चैनल_को_Subscribe_https://www.youtube.com/channel/UCCW3SmCcSejLWniWqYQE9Mw_करे_और_भजनो_का_आनंद_ले

तो आईए आज पावन हृदय से इस भजन द्वारा जो मांगना है मांग लीजिए।
श्याम बाबा सबकी मनोकामनांए पूर्ण करें। 🙏

Title :- फागण मेले के No.1 खाटू श्याम भजन | इबके नंबर मेरा से | श्याम संग होली मनाएंगे | करलो खाटू की तैयारी 
Singer :- (Sonotek) Naresh Narsi,Raju Hans,Hardeep Sahota,Kanhiya Mittal,Rajesh Thukral,Gagandeep Singh,Neetu Singh Jadon,Surya Panchal,Hemant Brijwasi 
Lyrics :- (Sonotek) Naresh Narsi,Raju Hans,Hardeep Sahota,Kanhiya Mittal,Rajesh Thukral,Gagandeep Singh,Neetu Singh Jadon,Surya Panchal,Hemant Brijwasi 
Music :- Sonotek
Label :- Live Khatu Shyam Bhajan
Digital Work :- Aman Kapruwan & Wilson 
STBJ 4199

फागण मेले के No.1 खाटू श्याम भजन 
01.इबके नंबर मेरा से - नरेश नरसी 00:00 
02.श्याम संग होली मनाएंगे || राजू हंस 04:41 
03.करलो खाटू की तैयारी-नरेश नरसी जी 06:53 
04.उड़ा रे गुलाल || हरदीप सहोता 12:52 
05.डंके की चोट पे-कन्हिया मित्तल 17:09 
06.फाल्गुन में खाटू आवां धूम मचावा || नरेश नरसी 20:53 
07.बाबा श्याम को रंग लगेगा || राजेश ठुकराल || गगनदीप | 26:25 
08.होली खेले मसाने मैं-नीतू सिंह जादौन सूर्य पांचाल 32:58 
09. होरी में रंग डारे | हेमन्त ब्रजवासी 37:35 
10.ना में रंग तोपे डरवौ-नीतू सिंह जदों 42:18 

#फागण_मेले_के_No_1_खाटू_श्याम_भजन #इबके_नंबर_मेरा_से #श्याम_संग_होली_मनाएंगे #करलो_खाटू_की_तैयारी #KhatuShyamBhajan
#FaganMela
#No1ShyamBhajan
#IbkeNumberMeraSe
#ShyamSangHoliManayenge
#KarloKhatuKiTaiyari
#FalgunSpecialBhajan
#HoliSpecialBhajan
#ShyamBaba
#KhatuDham

fagan mele ke bhajan, no 1 khatu shyam bhajan, khatu shyam bhajan, ibke number mera se, shyam sang holi manayenge, karlo khatu ki taiyari, fagan special shyam bhajan, holi special shyam bhajan, khatu shyam ji ke bhajan, shyam baba bhajan, khatu dham bhajan, falgun mela bhajan, shyam bhakti geet, shyam bhajan hindi, latest khatu shyam bhajan, hindu devotional video, bhakti video hindi, khatu shyam song, devotional songs hindi, falgun bhajan",Live Khatu Shyam Bhajan फागण मेले के No.1 खाटू श्याम भजन करलो खाटू की तैयारी श्याम संग होली मनाएंगे इबके नंबर मेरा से khatu shyam mantra fagan mele ke bhajan no 1 khatu shyam bhajan khatu shyam bhajan ibke number mera se shyam sang holi manayenge karlo khatu ki taiyari fagan special shyam bhajan holi special shyam bhajan khatu shyam ji ke bhajan shyam baba bhajan khatu dham bhajan falgun mela bhajan shyam bhakti geet shyam bhajan hindi falgun bhajan,10,2026-02-05T22:30:15Z,9918,95,4,IN
PEl7cCVpJzk,భానుసప్తమి స్పెషల్: శ్రీ సూర్య సహస్రనామ స్తోత్రం | Surya Sahasranama Stotram Telugu | Radha Sapthami,"భానుసప్తమి స్పెషల్: శ్రీ సూర్య సహస్రనామ స్తోత్రం | Surya Sahasranama Stotram Telugu | Radha Sapthami


Sri Surya Sahasranama Stotram Telugu, Surya Sahasranama Stotram, Bhanu Sapthami Songs, Bhanu Sapthami Special,
surya bhagwan,
surya bhagavan songs,
surya sahasranama stotram,
devotional songs telugu,
surya bhagwan songs,
devotional songs,
god songs,
bhakti songs,
sri surya sahasranama stotram,
surya ashtakam,
suryanarayana stotram,
bakthi songs telugu,
surya bhagavan songs in telugu,
surya sahasranama

#RadhaSapthami
#SuryaSahasranamam #suryabhagavansongs",Maha Mantram Maha Mantram Telugu మహా మంత్రం telugu bhakti songs bhakti tv telugu devotional songs Surya Sahasranama Stotram Bhanu Sapthami Songs Bhanu Sapthami Special surya bhagwan surya bhagavan songs surya sahasranama stotram surya bhagwan songs devotional songs god songs bhakti songs sri surya sahasranama stotram surya ashtakam bakthi songs telugu surya sahasranama,10,2026-02-07T23:00:35Z,45876,175,5,IN
CnRD3phVcMM,हम नाही जननी देहिया मोर बुढ़ईहे रे जान| #शिव चर्चा कथा गीत |#Meera Shivani |#Shiv Charcha Katha Geet,"हम नाही जननी देहिया मोर बुढ़ईहे रे जान| #शिव चर्चा कथा गीत |#Meera Shivani |#Shiv Charcha Katha Geet

►Album :- शिव चर्चा कथा गीत
►Song :- हम नाही जननी देहिया मोर बुढ़ईहे रे जान
►Singer :- Meera Shivani
►Music :- Rajesh Dutta 
►Lyrics  :- Amit Kumar 
►Digital head:- Anshu pant

_____________________________________________________
►Label / Company :- Meera Shivani masti
►Digital  Partner :- Anshu pant 
________________________________________________


► Thanks For Watching Our  Channel 
► Have A Nice Day ...
► Subscribe For More Updates

     Meera Shivani 🙏",,10,2026-02-05T22:30:17Z,80277,386,15,IN
-S4jBcnPGCQ,Tension (feat. Anoop Chahal),"Provided to YouTube by SKY Digital Music

Tension (feat. Anoop Chahal) · Masoom Sharma · Anoop Chahal

Tension (feat. Anoop Chahal)

℗ 2026 SKY_Golden Tunes

Released on: 2026-02-05

Composer: Pinna Music & Masoom Sharma
Lyricist: Rahul Muana

Auto-generated by YouTube.",Masoom Sharma Anoop Chahal Tension (feat. Anoop Chahal),10,2026-02-05T04:11:27Z,20539,413,0,IN
6ZwpsgyKQ3I,दिल में तुझे बिठाकर | Fakira | Lata Mangeshkar Songs | Shabana Azmi | Shashi Kapoor,"हिंदी सिनेमा की स्वर कोकिला, लता मंगेशकर जी की आवाज़ में डूबे, एक शाश्वत प्रेम कहानी - 'दिल में तुझे बिठाकर'। फ़कीरा फिल्म का यह गीत, 1976 के दशक की मधुर यादों को ताज़ा करता है। लता जी की आवाज़ में प्यार की गहराई और भावनाओं की सुंदरता को महसूस करें। यह गीत सिर्फ़ एक धुन नहीं, बल्कि एक अहसास है, जो हमें प्रेम की अनमोलता का एहसास कराता है। उनकी आवाज़ आज भी हमारे दिलों में बसी हुई है, और हमें एक सुनहरा दौर याद दिलाती है। इस गाने के हर बोल में प्यार की मिठास घुली हुई है, जो सुनने वालों को एक अलग ही दुनिया में ले जाती है। तो आइए, इस गाने को सुनें और खो जाएं प्यार के मधुर संगीत में।



Credits :

Song: Dil Mein Tujhe Bithakar
Album: Fakira
Artist: Lata Mangeshkar
Music Director: Ravindra Jain
Lyricist: Ravindra Jain 


अगर आपको यह गाना पसंद आया, तो लाइक करें, कमेंट में अपना पसंदीदा गाना बताएं और हमारे चैनल को सब्सक्राइब करना न भूलें।

संगीत का जादू हमेशा बना रहे…

#LataMangeshkar #DilMeinTujheBithakar #Fakira #HindiSongs #RomanticSongs #OldHindiSongs #ClassicBollywood #LoveSongs #BollywoodClassics


#LataMangeshkar #DilMeinTujheBithakar #Fakira #1976 #HindiSongs #OldHindiSongs #ClassicBollywood #RomanticSongs #LoveSongs #EmotionalSongs #BollywoodClassics #LataMangeshkarHits #EvergreenMelodies #HindiMusic #IndianMusic #BollywoodMusic #70sHindiSongs #NostalgicSongs #SentimentalSongs #GoldenEraMusic #HindiFilmSongs #BestOfLataMangeshkar #LataMangeshkarCollection #LataMangeshkarSongs #FakiraSongs #BollywoodRomanticSongs #OldIsGold #IndianOldSongs #PureMusic

To buy Saregama Carvaan, visit  https://sarega.ma/yt_carvn 
To buy virus free original tracks, visit  https://sarega.ma/yt_music",Lata Mangeshkar Dil Mein Tujhe Bithakar Fakira 1976 Hindi Songs Old Hindi Songs Classic Bollywood Romantic Songs Love Songs Emotional Songs Bollywood Classics Lata Mangeshkar Hits Evergreen Melodies Hindi Music Indian Music Bollywood Music 70s Hindi Songs Nostalgic Songs Sentimental Songs Golden Era Music Hindi Film Songs Best of Lata Mangeshkar Lata Mangeshkar Collection Lata Mangeshkar Songs Fakira Songs Bollywood,10,2026-02-02T05:03:46Z,44027,77,1,IN
F1t5hRGpN_0,#Video - लुगा मे सुग्गा के नमस्ते | #Ashish Yadav | Luga Me Suga Ke Namaste | Maghi #Holi Song 2026,"👉 Subscribe Now & Support Us 🔔
_______________________________________________________________
_______________________________________________________________
🎼 Album :- लुगा मे सुग्गा के नमस्ते 
🎶 Song :- Luga Me Suga Ke Namaste
🎤 Singer :- Ashish Yadav  
✍️ Lyrics :-  Chintu Raja
🎧 Music :- Pappu Bhai  
🎚️ Mix & Mastering :- Nandan Yadav
🎬 Video Director :- Kaushal Babua 
👤 Producer :- Pawan Yadav 
🏷️ Company / Label :- PAWAN MAGAHI
📞 Trade Enquiry :-
_______________________________________________________________
_______________________________________________________________
📌 Digital Team
► Digital Head :- Suraj Sundram
► Digital Manager :- Himanshu Pandey
► Digital Partner :- Brothers Media
📲 Contact :- 8877998058
_______________________________________________________________
_______________________________________________________________
🏷️ Company Brand :- PAWAN MAGAHI

🙏 Thanks For Watching Our Channel
😊 Have A Nice Day

🔔 Subscribe For More Magahi Songs & Updates
❤️ Like | Share | Comment | Subscribe


#लुगा_मे_सुग्गा_के_नमस्ते  #ashishyadav  #ashishyadavnewsong  #ashishyadavholisong  #ashishyadavvideosong #maghiholisong  #maghiholivideo",luga me suga ke namaste ashish yadav ashish yadav luga me suga ke namaste luga me suga ke namaste holi video song ashish yadav holi song aashish yadav holi song ashish yadav holi song 2024 ashish yadav luga tar ke suga ke namaste luga tar ke suga ke namaste ashish yadav ashish yadav new holi song luga tar ke suga ke namaste holi song ashish yadav ka new holi song लुगा मे सुग्गा के नमस्ते ashish yadav ka gana ashish yadav holi song 2026,10,2026-02-05T10:30:09Z,63846,268,4,IN
ys6dD7Geh0E,40 Kg Girl | Ajay Hooda | Ruba Khan | Bali Sharma | New Haryanvi Song 2026 | Haryanvi Ragni 2026,"40 Kg Girl | Ajay Hooda | Ruba Khan | Bali Sharma | New Haryanvi Song 2026 | Haryanvi Ragni 2026

Song ~ 40 Kg Girl 
Singer ~ Bali Sharma 
Lyrics ~ Ajay Hooda



ajay hooda""
""ajay hooda song""
""ajay hooda new song""
""ajay Hooda Ke gane""
""ajay hooda dj song""
""lugai chhoti""
""lugai chhoti song""
""lugai chhoti ajay hooda song""
""lugai choti""
""choti lugai""
""chhoti lugai""
""bahu chhoti""
""bahu chhoti song""
""bahu choti""
""chhoti bahu""
""solid body ajay hooda""
""laad piya ke ajay hooda""
""lamba lamba ghunghat ajay hooda""
""kallo ajay hooda""
""bahu kale ki ajay hooda""
""ghughat bain ajay hooda""
""suthri si chori ajay hooda""
""left right ajay hooda""
""moto ajay hooda""
""love you moto ajay hooda""
""uncle ajay hooda""
""tagdi ajay hooda""
""heavy ghaghra ajay hooda""
""kaliya murad ajay hooda",ajay hooda ajay hooda new song ajay hooda k gane 40 kg girl ajay hooda song ruba khan song bali sharma new song bali sharma new song 2026 new haryanvi song 2026 song song 2026 dj song 2026 trending song 2026 viral video new song,10,2026-02-06T02:14:23Z,41423,566,6,IN
K4lziCo1Fr8,Full Video: Meesaala Pilla | Mana ShankaraVaraPrasad Garu | Chiranjeevi | Nayanthara | Bheems Music,"Get ready for the Mega Mass Vibe! 🔥

Here’s the powerful Meesaala Pilla Full Video Song from Mana ShankaraVaraprasad Garu, starring Megastar Chiranjeevi and Nayanthara.
Composed by Bheems Ceciroleo and directed by Anil Ravipudi, this track is pure energy, rhythm, and swag!

Experience the full dose of Mega Mania and groove to the beats of Meesaala Pilla! 💥🎶

#MeesaalaPilla #ManaShankaraVaraprasadGaru #Chiranjeevi #Nayanthara #Bheems #AnilRavipudi #TeluguSongs #fullvideo #fullvideosong #megastarchiranjeevi #telugumusicbeats 
------------------------------------------ 
Connect with T-Series Telugu: 👉 http://bit.ly/SubscribeToTseriesTelugu
------------------------------------------
🎶 Music Slate 🎶
Song Name: Meesaala Pilla Song 
Movie Name: Mana Shankaravaraprasad Garu
Cast: Megastar Chiranjeevi, Nayanthara
Singers : Udit Narayan, Shweta Mohan
Music Director : Bheems Ceciroleo 
Lyrics : Bhaskarabhatla Ravikumar
Choreography: Polaki

🎵 Musicians Credits🎵
Song Composed And Arranged by Bheems Ceciroleo 
Live Rhythms & Percussions- Bheems Ceciroleo
Rhythms - Kalyan Chakravarthy
Keyboards - Dathu Eswar, Midhun Asokan
Guitar & Ethnic Frets- SM Subhani
Solo Violin- Sandilya Pisapati
Vocals Recorded @ Krishna Audios 
Sound Engineer- Aamir Shaikh (Mumbai)
Recording Studio - A Bheems Musicals (ABM-Hyderabad)
Sound Engineers Team- Mastan Vali, Shalem Kumar, Shiva B
Vocals Melodyne & Song Pre-Mixed by Mastan Vali
Song Mixed by J Vinay Kumar (Hyderabad)
Song Mastered by Shadab Rayeen New Edge Studio(Mumbai)
Music Production Manager- Malya Kandukuri
Music incharges- KD Vincent (Kochin) Ramanand Shetty (Mumbai)
Studio Assistants- Sankaram,Rajesh


Technical Crew:
Writer & Director - Anil Ravipudi 
Producers -  Sahu Garapati And Sushmita Konidela
Presents - Smt.Archana
Banners - Shine Screens And Gold Box Entertainments
Music Director - Bheems Ceciroleo 
Cinematographer - Sameer Reddy
Production Designer - A S Prakash
Editor - Tammiraju
DI: B2H Studios  
Executive Producer - S Krishna 
Co-Writers - S Krishna, G Adinarayana
VFX - Lavan & Kushan (DTM), Narendra Logisa
Line Producer - Naveen Garapati
PRO - Vamsi Shekar
Marketing: Haashtag Media
 
Music Label: T-Series
---------------------------
Enjoy & stay connected with us!!

👉Subscribe to T-Series Telugu: http://bit.ly/SubscribeToTseriesTelugu
👉Like us on Facebook: http://www.facebook.com/Tseriestelugu
👉Follow us on Instagram: http://bit.ly/InstagramT-SeriesSouthOffical
👉Follow us on Twitter: http://bit.ly/TwitterT-SeriesSouthOffical
👉Follow us on Whatsapp: https://bit.ly/4cGF0YV
👉Follow us on SnapChat: https://bit.ly/4jpOwCC 
Thanks Everyone for Watching Our Latest Telugu Song 2025. If you like the song then Please SUBSCRIBE Our Channel With Bell Icon to get notification of all of our newest releases. Will Make Sure to provide best Telugu songs of all time.",Telugu New Video song Telugu Video Songs T-Series Telugu telugu Video songs latest video telugu melody Video songs Telugu Video Hits Meesaala Pilla Full Video Meesaala Pilla Video Chiranjeevi Video Nayanthara Video Bheems Ceciroleo Video Anil Ravipudi Video song Chiranjeevi Songs Mega Mass Songs Bheems Songs Chiranjeevi Nayanthara Songs Mass Telugu Songs Tollywood Songs 2025 Mana Shankara Varaprasad Video Songs Mana ShankaraVaraPrasad Garu Full Video,10,2026-02-02T05:30:22Z,1991642,12603,230,IN
Z1d94TfvnNo,శనివారం స్పెషల్: ఆంజనేయ దండకం | Sri Hanuman Dandakam | Anjaneya Dandakam In Telugu | Bhakti Patalu,"శనివారం స్పెషల్: ఆంజనేయ దండకం | Sri Hanuman Dandakam | Anjaneya Dandakam In Telugu | Bhakti Patalu

Listen to the powerful Anjaneya Dandakam with Telugu lyrics, a famous Hanuman stotram dedicated to Lord Hanuman. This Hanuman devotional song is ideal for chanting, pooja, meditation and daily bhakti practice.

Anjaneya Dandakam is widely believed to remove fear, obstacles and negativity, and bring strength, courage and divine protection. Listening to Anjaneya Dandakam Telugu lyrics regularly creates positive energy and spiritual confidence. Devotees chant this powerful Hanuman stotram on Tuesday, Saturday, Hanuman Jayanti and during special Anjaneya pooja days.

This Anjaneya Dandakam Telugu devotional song is perfect for morning prayers, evening chanting, temple worship and meditation. Devotees listen to Anjaneya Dandakam for relief from problems, peace of mind and the blessings of Lord Hanuman.

► Tracks / Keywords Covered:  
Anjaneya Dandakam Telugu lyrics, Anjaneya Dandakam, Hanuman stotram Telugu, Hanuman devotional songs Telugu, Anjaneya bhakti patalu, Hanuman songs Telugu, Bajrangbali stotram Telugu, Telugu devotional songs Hanuman.
శ్రీ ఆంజనేయ దండకం🙏 | Anjaneya Dandakam With Lyrics | Hanuman Devotional Songs In Telugu

🙏 Subscribe & support our channel for more Hanuman stotrams, Anjaneya bhakti songs and Telugu devotional music.  
Jai Hanuman 🙏

#anjaneyadandakam #hanuman #hanumansongs #telugudevotionalsongs #devotional #bhakti  #bhaktisong #HanumanSongs",శ్రీ ఆంజనేయ దండకం Anjaneya Dandakam With Lyrics Hanuman Devotional Songs In Telugu Anjaneya Dandakam Telugu lyrics Hanuman Dandakam Hanuman stotram Telugu Hanuman devotional songs Telugu Anjaneya bhakti patalu Telugu Hanuman songs Telugu Bajrangbali stotram Telugu Saturday Hanuman stotram Hanuman Jayanti songs Telugu Hanuman pooja songs Telugu Hanuman meditation songs Telugu Telugu devotional songs Mangalavaram Bhakti Patalu God Songs Telugu,10,2026-02-06T23:30:12Z,65759,514,20,IN
FTCgrnqp96E,M4rkim - DAVY D. JONES (Rocks D. Xebec),"Bem-vindos a mais uma do M4RKIM 🎺

- Me escute também nas plataformas digitais! -
Spotify: https://open.spotify.com/album/5L5gfg7j6bum3wGKB9SOHW?si=QFsMLxFdQd6tjZGSk4KIIA
Deezer: https://www.deezer.com/br/artist/129051842
Apple Music: https://music.apple.com/br/artist/m4rkim/1570774315

- REDES SOCIAIS -
Instagram: @m4rkimoficial  
Tiktok: @m4rkimofc
X: @m4rkimofc

- CRÉDITOS -
Edição por: 
00:04 até 00:17 - NiikDean
00:17 até 00:45 - Aizawa
00:45 até 01:12 - NiikDean
01:12 até 01:39 - J4oZ
01:39 até 02:07 - Lorran
02:07 até 02:35 - Aizawa
02:35 até 03:02 - Xeu
03:02 até 03:29 - Jotah
03:29 até 04:10 - Moura
04:10 até 04:51 - Katsu
04:51 atpe 05:20 - DanZ
05:20 até 05:51 - Aizawa
Diretor De Edição: Aizawa 

Design de Thumbnail por: Teaga (teaga027)
Ilustração da Thumbnail por: AKA (@akaziiin)
Design nas Plataformas Digitais e Divulgações por: Hapy (@hapypx)
Legendas do Youtube por: Luxxy (@sirluxxy)
Mixagem e Masterização por: HMZ (@hmz.ofc)
Assistência de Mixagem por: Hunter (@hunter.msc)
Guitarras por: Hunter (@hunter.msc)
Instrumental por: Hunter (@hunter.msc)
Participações por: Lucas ART (Imu-Sama) e Anny (Eris)
Composição Vocal e Letra por: M4rkim

Espero que tenham gostado dessa música que eu fiz dedicada ao personagem Rocks D. Xebec/Davy D. Xebec do anime/mangá One Piece (Rap do Rocks D. Xebec/Davy D. Xebec)

""Rocks D. Xebec foi um dos piratas mais perigosos da história de One Piece, talvez o mais perigoso antes da era do Gol D. Roger. Ele liderou os Piratas do Rocks, um bando tão absurdo que parece mentira: Barba Branca, Kaido e Big Mom já estiveram no mesmo navio, sob o comando dele. Xebec também foi o pai do Yonkou Barba Negra, Marshall D. Teach.""

Contato Profissional: m4rk1mprofissional@outlook.com

Agradeço ferozmente sua presença aqui ;DD
e OBRIGADO =D",rap do xebec trap do xebec rap do rocks d. xebec xebec rap rocks d. xebec rap rap do imu rap do rocks xebec pai do barba negra kaido xebec xebec xebec x imu xebec song amv de xebec xebec vs imu davy d xebec xebec x garp rock d xebec rocks d xebec xebec x roger big mom xebec davy d. xebec rocks d. xebec one piece xebec musica de xebec xebec vs roger and garp xebec roger garp whitebeard xebec M4rkim M4rkim xebec M4rkim davy d. xebec,10,2026-02-07T21:00:07Z,174376,31091,1883,BR
RbfR6a9R3K4,Eu vou mergulhar | Ir Kelly Patrícia e Exército de São Miguel - Instituto Hesed,"🎵 Eu vou mergulhar
Letra e música: Heber Campos 

DVD Ir Kelly Patrícia | Exército de São Miguel: https://youtube.com/playlist?list=PLEDeSpMgP17t7mkxpbezDPN1YiAQ8lqDE

Assista nossa playlist de músicas: https://youtube.com/playlist?list=PLEDeSpMgP17sqJQ2cxcqYXbjiM4W7BkPU

Inscreva-se no canal Ir Kelly Patricia OFICIAL / Instituto Hesed: https://www.youtube.com/channel/UCm_nEAH7DCfjmXUbNkN6JFw

___
Outras músicas de Ir Kelly Patrícia:
Minha vitória chegou | DVD Ir Kelly Patrícia e exército de São Miguel- Hesed:
https://www.youtube.com/watch?v=4mtH5ewpQDA&list=PLEDeSpMgP17t7mkxpbezDPN1YiAQ8lqDE&index=2

Passarinho | Santa Teresinha | Ir. Kelly Patrícia: https://www.youtube.com/watch?v=_lX65bg28Fk&list=PLEDeSpMgP17sqJQ2cxcqYXbjiM4W7BkPU&index=2

Jesus Te Adoro - Ir. Kelly Patrícia - Clip Oficial:
https://www.youtube.com/watch?v=urzERyYPXqQ&list=PLEDeSpMgP17sqJQ2cxcqYXbjiM4W7BkPU&index=3
___
Site Oficial: https://institutohesed.org.br
___

Ir. Kelly Patrícia
Uma vida dedicada a experimentar, viver e “cantar as misericórdias do Senhor”, por meio da oração, adoração e missão. Assim é a vida da Irmã Kelly Patrícia e de todos que fazem o Instituto Hesed (palavra hebraica que significa misericórdia), um instituto cuja espiritualidade está na busca da união com Deus e foi fundado por Ir. Jane Madeleine e Ir. Kelly Patrícia.
Com o carisma de experimentar, viver e cantar as misericórdias do Senhor, na prática das obras de misericórdia espiritual e corporal, o Instituto Hesed leva o louvor, a alegria, a Misericórdia de Deus e a oração a vários cantos do Brasil e do exterior através da música.
A dedicação de Ir. Kelly Patrícia a Jesus por meio da música vem desde os 15 anos, quando tocava e cantava em sua Paróquia em Fortaleza, no Ceará, Brasil. Em 1991, já com diversas composições de poesias de santos como Santa Teresinha, São João da Cruz e Santa Teresa, nasceu o desejo de gravar suas músicas.
___

Redes sociais:
Instagram: https://instagram.com/irkelly_institutohesed_oficial?igshid=1b4c15yvapp14 (@irkelly_institutohesed_oficial)
Facebook: https://www.facebook.com/irkellypatriciaoficial
___

BAIXE O APLICATIVO HESED:
Android: https://play.google.com/store/apps/details?id=com.institutohesed.app
iPhone: https://apps.apple.com/br/app/instituto-hesed/id1624975006t

Conheça o Instituto Hesed, o Exército de São Miguel, nossas obras, e muito mais:
https://paginas.institutohesed.org.br/links

#IrKellyPatrícia #ExércitodeSãoMiguel #AoVivo #InstitutoHesed #MinhaVitóriaChegou #hesedaovivo",ir kelly ir kelly patricia musicas ir kelly patricia exercito de sao miguel são miguel arcanjo São Miguel DVD Show música catolica igreja catolica música nova irmã kelly patrícia hesed ao vivo hesed terço do combate hesed festa de são miguel generalissima padroeira kelly patricia São José augusta rainha Pai pai de amor patrono igreja igreja católica,10,2026-02-07T09:23:26Z,58855,7518,588,BR
rIuKKV06CZA,"NA RELÍQUIA DO 2T - MC Vine 7, MC Tuto, MC FR da Norte, MC Joãozinho VT, MC Dkzin (DJ Gu)","Inscreva-se Sonar Produtora

Ouça no Spotify: 

Artista: MC Vine 7, MC Tuto, MC FR da Norte, MC Joãozinho VT, MC Dkziin
Musica: NA RELÍQUIA DO 2T
Produção: DJ Gu
Videoclipe: @2GProduções
Gerente de Canais: Jefferson Rasquinho

Produzido por Sonar Produtora

Contrate nossos artistas:

(11) 94734-2016 Juninho Sonar
(11) 96913-3861 Diego Douetts

Sonar Produtora ®
@Sonarmusicc",#SonarProdutora #SonarMusic DJ GM DJ W Delacruz Djonga Funk 2020 GR6 GR6 Eventos GR6 Explode Hungria Kondzilla Kondzilla Records Love Funk MC MC Cassiano MC Davi MC Don Juan MC Fefe ZN MC Hariel MC IG MC Joãozinho VT MC KB MC Kako MC Kevin MC L MC Lele JP,10,2026-02-06T19:08:33Z,292411,10807,264,BR
gmZpxw29iRw,NATANZINHO LIMA 2026 ( REPERTÓRIO NOVO 2026 ) CD NOVO - MÚSICAS NOVAS,"Aqui você encontra a seleção atualizada com os maiores sucessos de Natanzinho Lima, músicas que estão estouradas em todo o Brasil, tocando forte nos paredões, festas, vaquejadas e resenhas! 💥🔊

🎶 Forrozinho envolvente
🎶 Hits românticos e dançantes
🎶 Qualidade 100% PAREDÃO
🎶 Só música boa, uma atrás da outra

Se você é fã de Natanzinho Lima, forró atual, música nordestina e quer ficar por dentro do que está viral em 2026, esse vídeo é pra você!

👉 Curta, comente e compartilhe com os amigos
👉 Inscreva-se no canal para não perder as próximas seleções
👉 Deixe nos comentários qual música você mais gosta do Natanzinho! ❤️

🚀 NATANZINHO LIMA 2026 – SÓ AS TOPS!",natanzinho lima natanzinho lima 2026 natanzinho lima as mais tocadas natanzinho lima paredão natanzinho lima forró natanzinho lima novo natanzinho lima hits natanzinho lima músicas forrozinho 2026 forró atual 2026 forró viral 2026 paredão 2026 música nordestina forró estourado forró romântico forró pra paredão top forró 2026 as mais tocadas 2026 forró brasil música brasileira natanzinho lima ao vivo natanzinho lima live natanzinho lima ao vivo 2026,10,2026-02-07T12:30:57Z,34128,283,4,BR
ZoLarZ_8I1U,♪ Vigilante (Pacificador) | M4TEI FOI POUCO | AniRap,"📌Show em São Paulo 28/03

Garanta já seu ingresso: https://www.clubedoingresso.com/evento/aniraposhow

▶ Série: Pacificador

- Ajude o Canal -

▶ Spotify: https://open.spotify.com/artist/0rVzRhHB7PRsiNlRn2wc4B
▶ Deezer: https://www.deezer.com/br/artist/71165092
▶ Apple Music: https://music.apple.com/br/artist/anirap/1476563414

 Contato: 

▶ Email: publicidadeanirap@gmail.com
▶  Instagram: @anirap_oficial

Créditos -

▶ Voz/Letra: AniRap
▶ Pacificador:  @Chrono0 
▶ Mixagem/Masterização: ‪ @ALBKMUSIC  
▶ Editor: Scar
▶ Beatmaker: @Sobral
▶ Thumb: @MSdaiki",rQrT45Z65MAniRap %/AniRap/ Rap de animes/% rap geek anirap ani anime rap geek sad geek desabafo vigilante pacificador pacificador e vigilante pacificador pacificador dublado vigilante vigilante dublado pacificador episodio 6 pacificador edit dublado cenas engracadas do vigilante vigilante doidao vigilante peacemaker #vigilante vigilante edit peacemaker vigilante vigilante loco de pedra vigilante bocozao,10,2026-02-06T21:00:08Z,215423,29729,1690,BR
WShYh4L2uVM,Dia de Sorte / Eu Não Sou de Ninguém (Ao Vivo),"Provided to YouTube by Sony Music Entertainment

Dia de Sorte / Eu Não Sou de Ninguém (Ao Vivo) · Panda · Ícaro e Gilmar · Humberto & Ronaldo · MJ Records

Cê Tá Doido - Fortaleza

℗ 2026 Sony Music Entertainment Brasil ltda. sob licença exclusiva de Panda.

Released on: 2026-02-05

Associated Performer: Panda, Ícaro e Gilmar, Humberto & Ronaldo, MJ Records
Associated Performer: Panda
Associated Performer: Ícaro e Gilmar
Associated Performer: Humberto & Ronaldo
Associated Performer: MJ Records
Composer: Kinho Chefão
Composer: Jujuba
Composer: Renato Moreno
Producer: Diego Ilha43

Auto-generated by YouTube.",Panda Ícaro e Gilmar Humberto & Ronaldo MJ Records Cê Tá Doido - Fortaleza Dia de Sorte / Eu Não Sou de Ninguém,10,2026-02-06T00:00:38Z,27388,336,2,BR
ccQUM4AKW4U,KIKO CHICABANA 2026 REPERTÓRIO DE CARNAVAL 2026 - KIKO CHICABANA PRA PAREDÃO 2026,"KIKO CHICABANA 2026 REPERTÓRIO DE CARNAVAL 2026 - KIKO CHICABANA PRA PAREDÃO 2026 
KIKO CHICABANA 2026 REPERTÓRIO DE CARNAVAL 2026 - KIKO CHICABANA PRA PAREDÃO 2026 
KIKO CHICABANA 2026 REPERTÓRIO DE CARNAVAL 2026 - KIKO CHICABANA PRA PAREDÃO 2026 
#kikochicabana #axé #chicabana #carnaval2026

KIKO CHICABANA 20256 - KIKO CHICABANA 2026 ATUALIZADO - MÚSICAS NOVAS KIKO CHICABANA

Prepare-se para sentir a energia do Kiko Chicabana com essa seleção imperdível de músicas para agitar seu paredão! Em Fevereiro de 2026, trazemos os maiores hits do momento, com aquele grave que faz todo mundo dançar. Se você ama piseiro, arrocha e bregadeira, este vídeo é pra você!

Aumente o som e entre na festa!

Não esqueça de deixar seu like, se inscrever no canal e compartilhar com os amigos!

kiko chicabana 2026,kiko chicabana,kiko chicabana 2026,chicabana 2026,kiko chicabana e natanzinho lima,kiko chicabana carnaval 2026,chicabana,kiko chicabana verão,natanzinho lima e kiko chicabana,kiko chicabana dia 1,chicabana 2025,kiko chicabana 2026 novo,kiko chicabana 2025 verão,chicabana antigas,kiko chicabana ao vivo 2025,kiko chicabana 2024 cd novo,kiko chicabana 2024 ao vivo,kiko chicabana carnaval 2025,kiko chicabana ao vivo",kiko chicabana 2026 kiko chicabana chicabana 2025 kiko chicabana e natanzinho lima kiko chicabana carnaval 2026 chicabana kiko chicabana verão natanzinho lima e kiko chicabana chicabana 2026 kiko chicabana 2025 novo kiko chicabana 2025 verão chicabana antigas kiko chicabana ao vivo 2025 kiko chicabana 2026 cd novo kiko chicabana 2024 ao vivo kiko chicabana carnaval 2025 kiko chicabana ao vivo eu nao sou mais crianca pra brincar de pega pega,10,2026-02-06T18:07:09Z,40515,316,4,BR
M7gSpJGRHL0,"DIÁRIO DE UM CAFAJESTE - MC's Lele JP, RyanSP e MenoK (DJ Oreia)","Inscreva-se e fique atualizado
Ative o 🔔 das notificações para não perder nenhum vídeo

Divulgue sua música:
(11) 945040202

Este videofonograma é um produto original e próprio da Gravadora e Editora. 
A cópia dele ou o reenvio do mesmo resultará em grandes implicações ao seu canal do youtube ou até a exclusão do mesmo.

Copyright © Love Funk direitos reservados 
#QGDOSDRAK",,10,2026-02-07T17:25:38Z,14944,56,1,BR
Hp2zGkXjxLM,Nilo e MC JVila - Focada Na Academia 🏋️ (Prod. DJ Glenner),"Ouça no Spotify: https://open.spotify.com/intl-pt/track/0et0Mkkcb4z3SmjcbhvXHM?si=85244e43ce5f410b

Instagram: https://www.instagram.com/nilo_froelich

Ficha Técnica:
Direção: Matheus Dias (@bymatheusdias)
Producão Executiva: GR6 Explode
Produtor: Junior Pereira / Carlos Selegatto
AC1: Gui Couto (@younguii)
Elétrica: Adenilson
Foto Still: Dante (@dante.pic)
Produção musical: DJ Glenner (glenneroficial)



#nilo #mcjvila #djglenner",focada na academia carinha de nerd mc jvila dj glenner nilo ta focada na academia musica para treino 2026 trend tiktok funk,10,2026-02-07T15:00:41Z,13906,1002,23,BR
TaHSwqo9NIM,Slow GM - Alma Mal Passada (Alucard - Hellsing) Official Music Video,"""Em seus olhos vejo o medo instaurar, vendo os miolos do amigo ao seu lado"" 🚬☕

""Alma Mal Passada"" está disponível nas plataformas digitais!
https://found.ee/atiTMW

Vou fazer todos pensarem que o Alucard realmente fuma

Voz, letra, Instrumental, Mixagem, Masterização por Slow GM
Guitarras por BD Raps
Vozes Graves por Jeff's
Visual por Ozy, Scar, VicBySoup, Sadly, Nugget, Moura e Thur
Thumbnail por Hapypx

(DLMGIA) Descrição Lírica Musical Gerada por Inteligência Artificial:
A letra apresenta a visão de um narrador que assume conscientemente o papel de agente da violência. Ele observa o mundo com frieza, misturando imagens de beleza, como o luar, com cenas brutais de morte, criando um contraste constante entre o que é belo e o que é destruído. A violência não é retratada como impulso, mas como um “trabalho” feito com zelo, quase como uma missão.

Contato Profissional:
E-mail: slowgm.contato@gmail.com

Slow GM © 2025
Todos os direitos reservados

[Capítulos]
0:00 Ozy
0:23 Scar
0:46 VicBySoup
1:10 Sadly
1:33 Nugget
1:56 Moura
2:19 Thur
2:43 Scar
2:55 VicBySoup
3:07 Sadly
3:30 Nugget
4:17 Moura",Alucard Hellsing Slow GM Moura Ozymonde Sadly Nugget Syker Thur VicBySoup Music Geek Fumante Independent Artist Instrumental Acapela,10,2026-02-07T22:00:06Z,11569,2761,484,BR
U6YqxcNXsY0,O Navio e o Mar - Calcinha Preta | DVD MÁGICA: O Espetáculo (Ao Vivo em Belém do Pará),"DVD MÁGICA - O ESPETÁCULO
Ao Vivo em Belém do Pará

Realização: Grupo FazMídia
Site Oficial: https://www.calcinhapreta.com.br/

--

O NAVIO E O MAR
Composição: Chrystian Lima / Gilton Andrade

Letra

Foi você quem me escolheu
Quando entrou no meu mar
Navegou, não quis saber
E atracou no meu cais

E agora quer me deixar
Não, não posso aceitar
Quem jamais vai separar
O navio e o mar

Sem ninguém (sem ninguém)
Por favor, compreenda
Sem ninguém
Sem ninguém, numa ilha só

Foi você quem me escolheu
Quando entrou no meu mar
Navegou, não quis saber
E atracou no meu cais

E agora quer me deixar
Não, não posso aceitar
Quem jamais vai separar
O navio e o mar

Sem ninguém (sem ninguém)
Por favor, compreenda
Sem ninguém
Sem ninguém, numa ilha só

Foi você quem me escolheu
Quando entrou no meu mar
Navegou, não quis saber
E atracou no meu cais

E agora quer me deixar
Não, não posso aceitar
Quem jamais vai separar
O navio e o mar

Sem ninguém (sem ninguém)
Por favor, compreenda
Sem ninguém
Sem ninguém, numa ilha só

Sem ninguém (sem ninguém)
Por favor, compreenda
Sem ninguém
Sem ninguém, numa ilha só

--
CONTATOS
Shows: (79) 99153-0044 / shows@calcinhapreta.com.br
Publicidade: (11) 98779-0930 / contato@calcinhapreta.com.br
--
SIGA NAS REDES SOCIAIS
Instagram: http://www.instagram.com/CalcinhaPreta
Instagram: http://www.instagram.com/Festival.Atemporal
Facebook : https://www.facebook.com/BandaCalcinhaPreta
Twitter: https://twitter.com/CalcinhaPreta
Tiktok: https://www.tiktok.com/@calcinhapreta
Telegram: https://t.me/+VbsOluxDprF-UXal
--
OUÇA NAS PLATAFORMAS
Spotify: https://open.spotify.com/artist/6Kps94g1Npexh3LrinIOvC?si=0qzB-FopQGu0Wbrp6SYhyQ
Deezer: https://www.deezer.com/br/artist/794505
Apple Music: https://music.apple.com/br/artist/calcinha-preta/329156734Amazon Music: https://music.amazon.com.br/artists/B0039AZ9UY/calcinha-preta?refMarker=null",Calcinha Preta DVD Daniel Diau Silvania Aquino Berg Rabelo Paulinha Abelha Raid Neto FazMídia Hoje À Noite Manchete De Jornais Mágica A Calcinha Preta É Nossa Segredo Quer Namorar Comigo Marlus Viana Ao Vivo Em Belém do Pará Live CP25Anos Lançamento Forró Atemporal Pouca Roupa Cobertor Sem Explicação Versões em forró forró das antigas Ao Vivo em São Paulo Ohara Ravick #Atemporal,10,2026-02-06T15:02:27Z,270430,7747,667,BR
wey8aEjohnM,Leviano - Fortal Não Tem Neve,"Prod by MALINO
Mixed by MALINO

Creative Directed by MALINO

@levianinn",fortal nao tem neve leviano vetin trap nordeste,10,2026-02-06T22:00:07Z,89701,12736,1707,BR
7els-6N-Zh4,"Jorge & Mateus, Matheus e Kauan - Gaivota","Ouça em todas as plataformas: https://SomLivre.lnk.to/Gaivota

Siga a dupla Jorge & Mateus nas redes sociais!
Facebook: https://www.facebook.com/jorgeemateus
Youtube: https://www.youtube.com/jorgeemateus
Instagram: https://www.instagram.com/jorgeemateus/
Twitter: https://twitter.com/jorgeemateus
TikTok: https://www.tiktok.com/@jorgeemateus

Gaivota - Jorge e Mateus, Matheus e Kauan
Eu não confio em mim
Perto de você por mais nenhum segundo
Esse olhar sorrindo assim é covardia

Não me leve a mal
Não é questão de querer, quero tanto, 
Talvez até mais que você

Agora explica pro meu medo 
Que não vou ser seu brinquedo
Que eu posso confiar de olho fechado no seu beijo
Se existe alguma contra-indicação desse seu cheiro

Tem gente que chega e que vai, não volta
Cê vem pra ficar ou vai voar que nem gaivota
Se quer aplicar uma injeção de amor no peito

oh-oh-oh-oh então faz direito
oh-oh-oh-oh-oh-oh-oh-oh-oh-oh 

Compositor: Matheus Aleixo.

Produção: Dudu Borges
Produção Executiva / Geral: Wendell Vieira / Heitor Oliveira
A&R: Wendell Vieira
Direção e edição de vídeo: Fred Siqueira

Voz: Jorge Barcelos, Matheus Aleixo, Kauan 
Voz/Guitarra: Mateus Liduário
Arranjos: Dudu Borges
Bateria: Renan Martins
Teclados: Dudu Borges
Violão: Marco Abreu


Mixagem e Masterização: Rafael Vargas
Téc. de Gravação: Lucca Bruno e Rodrigo Guess
Aux. Gravação: Aram Wesley
Edição de áudio: Lucca Bruno
Gravado em Studio Vip / SP

Equipe Marketing e Comunicação
Maria Cecília
Wesley Cassimiro
Letícia Paes Leme
Cainã Loreti
Letícia Santos
Vinycius Ferreira
Yara Dias
Harison Rocha
Paulo Maia",CEP Terra Sem CEP Música Nova Mix Sertanejo 2019 Henrique e Juliano Dupla Sertaneja Bobinha Novo DVD Contrato Vitalício jorge e mateus antigas dona maria,10,2026-02-06T14:59:17Z,2037922,5859,1064,BR
lBrYJ5WodJI,Dance se souber Tik Tok (2026) 💜,"Dance se souber Tik Tok (2026) 💜
Dance se souber Tik Tok (2026) 💜

#dancesesoubertiktokatualizado   #dancesesouber #tiktok2025 #tiktok2026  #dancesesoubertiktok2026 #dancesesoubertiktok #mashupviral
#mashupviral #dancetiktok #tiktokmashup #tiktokviral #dancesesouber  #dancetiktok #dancesesoubertiktok2025 

Minhas Redes Sociais:
Instagram https://www.instagram.com/djdannyal/
TikTok https://www.tiktok.com/@djdannyalbuquerque

INSCREVA-SE PARA AJUDAR O CANAL🔔
COMPARTILHE ESTE VÍDEO:  https://youtu.be/cNfHV321plw
DEIXE SEU LIKE ^^ 
 




Dance se souber Tik Tok 2025 Atualizado
Tags - tiktok mashup , dance se souber músicas atualizadas, dance music , dance viral , mashup viral , dance se souber atualizadas 2025 , tente não dançar, tiktok viral video , tiktok laranja , tiktok mashup , dance funk tiktok mashup , dance se souber músicas atualizadas, dance music , dance viral , mashup viral , dance se souber atualizadas 2025 , tente não dançar, tiktok viral video , tiktok laranja , tiktok mashup , dance funk tiktok mashup , tiktok laranja , tiktok mashup , dance funk, dance se souber 2025, dance se souber tiktok 2025 atualizado novas, dance se souber tiktok 2025 atualizado, dance se souber tiktok, dance se souber, dance se souber tiktok 2024, tente não dançar tiktok, tente não dançar, tente não dançar e nem cantar, tente não dançar tik tok 2024, tente não dançar 2025, tente não dançar tik tok atualizadas, tente não dançar música do tik tok, tente não dançar versão tiktok, tiktok mashup, tiktok mashup 2025, tiktok mashup brasil, tiktok mashup 2024 brasil, tiktok mashup oficial, mashup tiktok, mashup tiktok brasil, mashup tiktok 2024, mashup funk tiktok, mashup tik tok brasil, dance se souber tiktok 2024 novas, dance se souber tiktok 2024, tente não dançar 2024, tiktok 2025, as melhores do tiktok 2024, melhores tiktok 2022, tiktok mashup 2024, tiktok brasil mashup, as melhores do tiktok 2024, músicas tiktok 2025, dance se souber 2025, mashup brasil tiktok, música de tik tok,música do tik tok,tik tok 2023,música tik tok,musicas do tik tok 2023 tiktok mashup,dance se souber músicas atualizadas,dance music,dance viral,mashup viral,dance se souber atualizadas 2022,tente não dançar,tiktok viral video,tiktok laranja,tiktok mashup,dance funk tiktok mashup,dance funk,dance ce souber músicas,Dance se souber~{Tik Tok},dance se souber tiktok brasileiro,dance se souber tiktok antigos,dancer se souber tiktok 2021,tik

dance se souber 2025,
dance se souber tiktok 2024 atualizado novas,
dance se souber tiktok 2025 atualizado,
dance se souber tiktok,
dance se souber,
dance se souber tiktok 2024,
tente não dançar tiktok,
tente não dançar,
tente não dançar e nem cantar,
tente não dançar tik tok 2024,
tente não dançar 2024,
tente não dançar tiktok atualizada,
tiktok mashup 2024,
tiktok mashup brasil,
mashup tiktok brasil,
mashup funk tiktok,
dance se souber tiktok 2024 novas,
tiktok 2024,

#dancesesoubertiktok2025  
#dancesesoubertiktok  
#dancesesoubertiktokatualizado",brazil tiktok músicas música tiktok dança se souber dancinhas do tik tok dance se souber tiktok dance se souber música de tik tok dance souber 2025 2025 tiktok 2025 musicas tiktok 2025 dance se souber tiktok 2025 música tik tok tiktok musicas dance se souber 2025 música do tik tok dance se souber sem palavrão dance se souber tiktok 2024 dance se souber 2024 tiktok 2024 dj danny albuquerque dance se souber dj danny albuquerque,10,2026-02-06T21:10:00Z,87208,730,42,BR
YWRUVau2Qr4,Nas Curvas da Estrada (Live),"Provided to YouTube by Grimalkin Records

Nas Curvas da Estrada (Live) · Forró Pra Paredão

Lamor

℗ 2026 Grimalkin Records

Released on: 2026-02-01

Main Artist: Forró Pra Paredão
Producer: Forró Pra Paredão
Lyricist: Pedro Neto Linhares
Composer: Pedro Neto Linhares

Auto-generated by YouTube.",Forró Pra Paredão Lamor Nas Curvas da Estrada,10,2026-02-01T05:04:21Z,21957,61,0,BR
Q2OfghfFPlg,"O AMOR NÃO PAGA AS CONTA - MC Lele JP, MC Ryan SP, MC Meno K, MC Tuto e MC Negão Original (DJ Oreia)","Inscrevam-se no NOVO CANAL da REVELAÇÃO NA FAVELA:

Siga nosso Instagram:
@RevelacaoNaFavela
@LoveFunkProdutora

Este videofonograma é um produto original e próprio da Gravadora e Editora LOVE FUNK. A cópia dele ou o reenvio do mesmo resultará em grandes implicações ao seu canal do youtube ou até a exclusão do mesmo.

LOVE FUNK FILMES ®",,10,2026-02-06T17:51:32Z,3643,23,1,BR
25_5-w06RoI,Guilherme Silva - FESTA LOUCA (TBT DE BAR),"Vídeo da música ""FESTA LOUCA""
Ouça também nos aplicativos de música:
""Link dos apps""

Acompanhe Guilherme Silva nas redes sociais:
▶ Facebook: https://www.facebook.com/guilhermesilva/
▶ Instagram: https://www.instagram.com/guilhermesilva/
▶ Tiktok :https://www.tiktok.com/@guilhermesilva

 Guilherme Silva integra o Casting de artistas da Chandon Produções.
▶Contato para Shows: 62 99859-9634 / 061 99903-5458 / 061 3522-5026

FESTA LOUCA
(Marco Aurélio Dantas Ribeiro)

Chega de conversa, eu quero ver quem me segura
Porque a moda agora é ser todo mundo na loucura
Pode vir quebrar, vem pra mim, vem de ladinho
Mexe o corpo sem parar, vem e fica sob pressão

Vem minha popozuda, quebra tudo seu cachorrão
Porque ninguém me segura e pode vir todo pressão
Ela tá gostando, os manos se envolvendo
Todo mundo tá olhando, ela subindo e descendo, vai...

Vai, vai! Dança forró!
Cai de boca nessa festa muito louca
Vai, vai! Ó, dança a pisadinha!
Desce, se me baixa com a mão na cinturinha

Vai, vai! Dança forró!
Cai de boca nessa festa muito louca
Vai, vai! Ó, dança a pisadinha!
Desce, se me baixa com a mão na cinturinha

Ela tá gostando, você também
Aí alô pros manos que não param pra ninguém
As mina no embalo, já sabe o que fazer
Desce, se me baixa fazendo os mano gemer

---------

Ficha Técnica
Direção Geral: Rafael Terra / Negão Chandon
Direção Musical: Guilherme Silva
Direção de vídeo: Rafael Terra
Direção de fotografia: BM Design 
Cenografia: Victor Bruno
Distribuído por SOM MUSIC / TAO MUSIC
Gravado ao vivo no TERRA STUDIOS em Goiânia.

---------

Fala, minha galera arretada! Tamo chegando com tudo, uai! 🤠💥

Sejam muito bem-vindos ao canal oficial do Guilherme Silva! Hoje é dia de soltar o som no talo e mostrar pro mundo o que rolou na gravação do nosso DVD ""TBT de Bar"", direto de Goiânia, a capital do sertanejo e agora do piseiro quente também, sô!

A moda da vez é ""Festa Louca"", e vou te falar: essa aqui não deixa ninguém parado. É pra quem gosta daquela bagunça organizada, de curtir a vida sem medo e se jogar na dança. Como a gente diz na letra: ""Chega de conversa, eu quero ver quem me segura, porque a moda agora é ser todo mundo na loucura!"". É energia pura, daquelas que faz o paredão tremer e a poeira subir.

Nesse vídeo, você vai sentir a vibe de Goiânia misturada com o nosso jeito mineiro de ser. É forró, é pisadinha, é aquele ritmo que pega na veia. ""Vai, vai! Ó, dança a pisadinha! Desce, se me baixa com a mão na cinturinha"". Se você tava procurando uma trilha sonora pra sua resenha, pro churrasco ou pra aquele rolê de fim de semana, acabou de encontrar. Aqui o sistema é bruto, mas o coração é de manteiga quando o som bate!

A gente sabe que ""ninguém me segura e pode vir todo pressão"", então aumenta o volume e vem curtir com a gente. Esse projeto ""TBT de Bar"" foi feito com muito carinho, pensando em cada um de vocês que acompanha nossa caminhada. É piseiro moderno, mas com aquela essência de quem sabe o que o povo gosta.

🔊 TIRA O PÉ, TIRA O PÉ DO CHÃO!

Se você curtiu essa pedrada, não esquece de fortalecer a firma!
👍 Deixa o seu LIKE (ajuda demais o vídeo a chegar em mais gente).
💬 COMENTA AÍ: O que achou dessa moda? Qual parte da letra você mais gostou?
🔄 COMPARTILHA com a galera do grupo da família, dos amigos e da farra!
🔔 INSCREVA-SE no canal e ative o sininho, porque ""Nóis não mexe com ninguém"", mas quando solta música nova, é pra incomodar a vizinhança!

Bora fazer essa Festa Louca virar hit no Brasil inteiro! Chega na bota! 👢🔥

#GuilhermeSilva #FestaLouca #TBTdeBar #PiseiroQuente #DVDemGoiania #ForroDeFavela #Pisadinha #SertanejoRaiz #HitDoPiseiro #TiraOPe",Guilherme Silva Prepara o laço Tira o pé gabriela barquinha de ouro forró xote e tome xote ela quer me povocar Festa Louca DVD TBT de Bar Guilherme Silva Goiânia Pisadinha Música Nova Guilherme Silva Nóis não mexe com ninguém Chega na bota Sertanejo Universitário Forró de Paredão Barões da Pisadinha estilo João Gomes estilo Música para dançar Videoclipe Oficial Ao Vivo em Goiânia Piseiro Quente Forró Moderno,10,2026-02-06T15:00:07Z,111700,2951,126,BR
clGVPcHSJuY,Ainda Esperarei,"Provided to YouTube by IIP-DDS

Ainda Esperarei · Jonas Han

Ainda Esperarei

℗ Walter Olter Melo Neto

Released on: 2026-02-02

Producer: Walter Olter Melo Neto
Composer, Lyricist: Walter Olter Melo Neto

Auto-generated by YouTube.",Jonas Han Ainda Esperarei,10,2026-02-02T03:03:10Z,8664,138,0,BR
G2T5AjKperI,Zona De Perigo,"Provided to YouTube by Universal Music Group

Zona De Perigo · Léo Santana

Carnaval do Léo Santana - Desliza, Marquinha de Fitinha, Posturado e Calmo

℗ 2022 Universal Music Ltda

Released on: 2026-02-02

Producer, Vocalist: Léo Santana
Producer: David Mattos
Composer Lyricist, Producer: Fella Brown
Composer Lyricist: Adriel Max
Composer Lyricist: Rafa Chagas
Composer Lyricist: Yvees Santana
Composer Lyricist: Lukinhas
Composer Lyricist: Pierrot Junior

Auto-generated by YouTube.","Léo Santana ＬｅｏＳａｎｔａｎａ Leo Santana Carnaval do Léo Santana - Desliza, Marquinha de Fitinha, Posturado e Calmo Zona De Perigo",10,2026-02-01T10:00:21Z,63170,467,0,BR
QPDS2FUWCjs,MONTAGEM MIAU,"Provided to YouTube by DistroKid

MONTAGEM MIAU · gedam nesh

MONTAGEM MIAU

℗ 11504859 Records DK

Released on: 2026-02-01

Auto-generated by YouTube.",gedam nesh MONTAGEM MIAU,10,2026-02-06T05:16:26Z,235412,2568,0,BR
AXUpmLmVcW8,"Pedro Paulo & Alex, @CountryBeatOficial  - Que Delícia [Paredão do PPA (Vol. 2)]","Ouça Agora: https://blackcta.com/paredao-do-ppa-vol-2
Instagram: https://www.instagram.com/pedropauloealex/
Tiktok: https://www.tiktok.com/@pedropauloealexppa 

Letra:
(Gui Ferraz / Mateus Félix / Léo Souzza / Gui Ferraz / Tiago Marcelo)

Eita, te vi na rua, fiquei sem entender nada 
Fazia tempo que a gente não se esbarrava 
Dia triste pra quem te esnobava

Foi pra academia, mudou o cabelo
Sai com as amigas, fotinha no espelho
O que era top ficou perfeito
Tô imaginando...

Eu e você no box do banheiro
Pegando fogo embaixo do chuveiro
Sua boca beijando a minha
Ai, ai, credo que delícia

Eu e você no box do banheiro
Pegando fogo embaixo do chuveiro
Sua boca beijando a minha
Ai, ai, credo que delícia

Foi pra academia, mudou o cabelo
Sai com as amigas, fotinha no espelho
O que era top ficou perfeito
Tô imaginando...

Eu e você no box do banheiro
Pegando fogo embaixo do chuveiro
Sua boca beijando a minha
Ai, ai, credo que delícia

Eu e você no box do banheiro
Pegando fogo embaixo do chuveiro
Sua boca beijando a minha
Ai, ai, credo que delícia

Eu e você no box do banheiro
Pegando fogo embaixo do chuveiro
Sua boca beijando a minha
Ai, ai, credo que delícia",PPA TOMADEPOISDESCE SERTANEJO ESTRADA SÃOPAULO PEDROPAULOEALEX NOVINHACREMOSA DASREPUBLICASPARAOBRASIL SERTANEJOUNIVERSITARIO,10,2026-02-06T15:00:00Z,1895737,17499,1688,BR
NyRaNjZi5vA,Dia Nacional da Saudade,"Provided to YouTube by Sua Musica Digital LTDA

Dia Nacional da Saudade · Mikael Santos

In Brega de Verão

℗ 2026 Mikael Santos

Released on: 2026-01-29

Producer: Rafael Lisboa
Music Publisher: Copyright Control
Composer, Lyricist: Renan Rodrigues Da Silva
Composer, Lyricist: Arnaldo Nicolau Da Silva Junior
Composer, Lyricist: Dyego Rikasio Valentim da Silva

Auto-generated by YouTube.",Mikael Santos In Brega de Verão Dia Nacional da Saudade,10,2026-01-29T18:38:53Z,37286,379,10,BR
umeD3Hr2pcA,"LANCEI A POPÓ - MC's Tuto, MC Marks, MC Joaozinho VT, MC Dena, Duzinho SP, FR Da Norte, Aaron","Só se inscrever e ativar as notificações pra receber os melhores lançamentos do funk!


CRÉDITOS
Artista(s): MC's Tuto, MC Marks, MC Joaozinho VT, MC Dena, Duzinho SP, FR Da Norte, Aaron
Música: PARTICULAR
Produtor: 
Ano: 
Quem somos: RESPIRA FUNK",FUNK lançamentos novos gr6 gr6 explode nova era love funk novos vídeos músicas novas new brazilian funk hit funk consciente brasil,10,2026-02-05T16:00:06Z,18367,370,5,BR
vnb5ewmEIsk,"Marília Tavares, Grelo, Theuzinho - Brincadeira Gostosa","Contato para shows: (62) 99928-3121 
Ouça: https://lnk.to/BrincadeiraGostosa

---
Assista agora ao clipe oficial de ""Brincadeira Gostosa""! Marília Tavares se une a Grelo e Theuzinho em uma produção vibrante gravada no coração da Rua 44, em Goiânia. Com muita espontaneidade, trio elétrico e até um flashmob surpresa, o vídeo transforma o maior polo de moda do país em um verdadeiro espetáculo popular.
---

BRINCADEIRA GOSTOSA
(Davi Perolado / Nilo Santos / Pimenta Neto / Welliton Sá)

Queria eu, poder mudar de endereço
Toda vez que você me procura
Mas a saudade ia morar no mesmo peito
Certas coisas nunca mudam

Os “não” que eu falo
Você não escuta
Parece que a madruga
Foi feita pra gente se ver

Eu falo não, não quero
Não, não quero… até querer!

Tira essa língua da minha boca
Antes caia minha roupa
Eu tô com cara de quem gosta?
Você tem meia hora, 1 hora, 2 horas
Para quando quiser
Com essas brincadeira gostosa

---
FICHA TÉCNICA

Direção: Flaney Gonzallez
Produção Musical: Junior Campi
Direção de fotografia: Geann Toni
Assistentes câmera: Leo Rocha e Raul Ledes
Produção Gonzallez: Fred Miglino
Produção de Locação: Leo Ponce
Produção Artistas e Logística: Maria Viana
Maquinista: Vini Soares
Camarim: Debora Silva
Segurança: Monteiro, Samir Chaves 
Maquiagem: Josué Noleto
Drone: Michel Medeiros 
Color Final: Geann Toni / João Paulo Cândido 
Câmera extra: Gutierrison Azidon
Elenco: MR. fun / Thiaguinho
Krissia Ellen 
Ronei  Maciel 
Roberta de Sá 
Fabio Duddone
Guilherme de Paula
Allan Rodrigues 
Andy Cristina 
Baltazar
Danilo Mateucci 
Thiago 
Lucas
Contra Regras: Nelton fernandes, Thalles André de Santana e Marcelino Maia

Marketing Digital Duettos Music: Larissa Araújo, Wilson Bispo, Pedro Rodrigues, Lívia Sepulvedo
Gravadora Warner Music: A&R Manager - Luciana Costa, A&R Diretor - Marcos Kilzer, A&R Administração - Bárbara Rodrigues, Label Marketing - Camila Arias
Assessoria de Imprensa: Caldi Comunicação
Licensing Analyst: Aline Oliveira",,10,2026-02-06T14:00:08Z,92684,3823,309,BR
g5qvb2zxAFQ,Maiara e Maraisa - 90/10 | MELHOR QUE IMAGINEI,"MELHOR QUE IMAGINEI

Ouça em sua plataforma de áudio favorita: https://skuta.site/melhorqueimagineiep01
INSCREVA-SE NO NOSSO CANAL: https://goo.gl/8rlBhZ 

Para shows: (62) 99267-7992
comercial@maiaraemaraisa.com.br


•⁠  ⁠90/10
Compositores: Compositores: Elvis Elan/ Jeff da Sanfona/ Renato Sousa

Existe uma teoria que se chama 90/10 
Onde uma pessoa tem 90% daquilo que você procura em alguém 
Só que você foca naqueles 10% que falta
Aí você sai para a rua, se aventura,
e realmente você encontra aqueles 10%,
mas não se deu conta que perdeu os 90

Era uma vez, um cara que tinha um amor foda na mão
Tinha quase tudo, mas o quase tudo pra ele nunca tava bom

Uma qualidade que ele queria, mas ela não tinha Ele foi pra rua, para ver se essa qualidade existia
Rodou e aquilo que faltava nela, ele achou E achou que agora, dessa vez, completou
Nem quis saber da profundidade, ele só mergulhou

E no decorrer do tempo, tempo, tempo
Esse cara foi vendo, vendo, vendo que o defeito que ele julgava ficou tão pequeno

E no decorrer do tempo, tempo, tempo
Esse cara foi vendo, vendo, vendo
Que a pior escolha que ele fez foi ficar escolhendo
E a moral dessa história eu te conto com um copo na mão e lágrima descendo

No amor nunca troque 90 só por 10%


Produção de Vídeo: Fernando Trevisan Catatau
Produção Musical: Eduardo Pepato



MAIARA E MARAISA: 
Spotify | https://spoti.fi/3gMfxPE
Instagram | https://www.instagram.com/maiaraemaraisa
Twitter | https://twitter.com/MaiaraeMaraisa
Facebook | https://www.facebook.com/maiaraemaraisaoficial
Tik Tok | https://vm.tiktok.com/ZMdxohKUD/


#MaiaraeMaraisa #MelhorQueImaginei",se olha no espelho cristiano araujo maiara e maraisa show completo o que temos pra hoje é saudade efeitos ce que sabe Jorge & Mateus (Musical Group) Gusttavo Lima (Musical Artist) Música Sertaneja (Musical Genre) Rede Globo (TV Network) Luan Santana (Musical Artist) Pessoa Errada Maiara e Maraisa Pessoa Errada,10,2026-02-06T14:00:24Z,1514757,4046,350,BR
bpWIvqYIgak,Sua Boba,"Provided to YouTube by Sua Musica Digital LTDA

Sua Boba · Paulin Vaqueiro

Sua Boba

℗ 2026 Paulin Vaqueiro

Released on: 2026-02-13

Producer: Allê no Beat
Music Publisher: Copyright Control
Composer, Lyricist: Paulin Vaqueiro
Composer, Lyricist: Jadson Araújo
Composer, Lyricist: Pablo Vaqueiro

Auto-generated by YouTube.",Paulin Vaqueiro Sua Boba,10,2026-02-02T13:32:51Z,20537,225,1,BR
pSKyDAOiOGI,Leonardo - Coração Bandido | DVD Uma História Sem Fim,"Inscreva-se no meu canal: http://bit.ly/LeonardoCantorOficial 

Siga Leonardo nas redes sociais:

Facebook: http://facebook.com/leonardocantoroficial
Twitter: http://twitter.com/leonardocantor_
Instagram: http://instagram.com/leonardo
Tiktok: http://www.tiktok.com/@leonardo

CORAÇÃO BANDIDO
(Rafael Dias/Silas Barcelos) 

Você me pergunta
Por quê estou assim
Os olhos chorando
Tristeza sem fim
Você sempre alegre
E eu sem razão
Estou dividido
Entre o amor e a paixão
Coração bandido esse meu
Vive traindo você
Coração ingênuo é o teu
Todo esse tempo, sem perceber
Eu não vou mais te esconder
Vou contar tudo pra você
Contar que beijo em outra boca
Dizer que já faz mais de um ano
Dizer também que eu te amo
Mas gosto de outra
Mas decidi que assim não dá
Que é contigo o meu lugar
Me perdoa, por favor
Paixão é só obsessão
Não fim quem sofre é o coração
Que perde o verdadeiro amor
Coração tava dormindo e acordou
Mas tá sujeito a solidão

Acesse o site oficial: http://www.leonardo.art.br
Contato para shows: (11) 5054-7000
#Leonardo  #UmaHistoriaSemFim",Leonardo Sertanejo Pense em mim Talismã Leandro e Leonardo,10,2026-02-03T22:00:07Z,87201,1512,49,BR
RsdO-oU2_NE,Pagod'art - Posso Perguntar? [Webclipe Oficial],"🔔 Inscreva-se e ative as notificações:

📱 Siga #BandaPagodart nas Redes Sociais:
Instagram: http://instagram.com/bandapagodart
Instagram: http://instagram.com/ocantorflavinho
Facebook: http://www.facebook.com/bandapagodartoficial
Facebook: http://www.facebook.com/ocantorflavinho
Twitter: https://twitter.com/ocantorflavinho

🌐 Site Oficial: http://www.pagodart.com.br/
📲 Contato p/ shows: (71) 99141-4155

Realização: Penta Entretenimento
Direção geral: Chris Barros
Câmeras: Gika Sax, Lélio Duarte
Colorista: Gika Sax
Drone convencional e Fpv: Lélio Duarte
Edição: Gika Sax
Produtor da banda: Don Marcelo
Assistentes de direção: Ruth Cruz, Lara Barreto
Roteiro: Ruth Cruz 
Storymaker: Ruth Cruz

OBSERVAÇÃO:
O reenvio deste conteúdo ao YouTube, sem autorização legal poderá lhe trazer problemas com direito autoral e consequentemente encerramento de sua conta.

#Pagodart #Pagodart25Anos #OCantorFlavinho",Flavinho e a carreta flavinho pagodart flavinho da carreta flavinho a carreta pagodart carreta pagodart flavinho live o cantor flavinho flavinhoeacarreta ocantorflavinho pagodao pagode pagode da bahia swingueira flavinho origens pagode raiz banda pagodart pagodart retrô,10,2026-02-06T21:00:08Z,22607,1523,79,BR
ZhSBamZRRTw,CD DEVINHO NOVAES 2026 - DO JEITO QUE A GENTE GOSTA 2.0 [REPERTÓRIO NOVO] PRA PAREDÃO - CD BREGÃO,"Ouça agora o CD DEVINHO NOVAES DO JEITO QUE A GENTE GOSTA 2.0 com repertório novo 2026. Seleção atualizada para paredão com as músicas novas mais tocadas do momento. Lançamento imperdível!

#devinhonovaes     #repertórionovo #hitsbrasil
INSCREVA-SE NO CANAL E ATIVE AS NOTIFICAÇÕES 🔔

devinho novaes 2026,
devinho novaes 2026 sucesso novo,
devinho novaes 2026 cd completo,
devinho novaes 2026 atualizado,
devinho novaes 2026 na estrada,
devinho novaes 2026 julho,
devinho novaes 2026 shopee,
devinho novaes 2026 é bom lembrar,
devinho novaes 2026 quase,
devinho novaes 2026 novo,
devinho novaes 2026 com grave,
devinho novaes 2026 ao vivo,
devinho novaes 2026 as melhores,
devinho novaes 2026 antigas,
devinho novaes 2026 abril,
devinho novaes 2026 atualizado abril,
devinho novaes 2026 atualizado março,
devinho novaes repertório novo 2026 abril,
as melhores de devinho novaes 2026,
devinho novaes 2026 atualizado maio,
as melhores devinho novaes 2026,
devinho novaes abril 2026,
devinho novaes repertório atualizado 2026,
devinho novaes 2026 bregao,
devinho novaes 2026 brega,
devinho novaes 2026 bagaceiro,
banda devinho novaes 2026,
devinho novaes 2026 e bom lembrar,
devinho novaes antigas,
devinho novaes,
devinho 2017,
devinho novaes 2018,
devinho novaes oi nego,
devinho novaes 2026 cd,
devinho novaes 2026 carnaval,
devinho novaes 2026 completo,
devinho novaes 2026 cuidado,
devinho novaes 2026 chorar pra quê,
devinho novaes 2026 clipe,
devinho novaes 2026 mexeu comigo,
devinho novaes camaforro 2026,
cd devinho novaes 2026,
cd completo devinho novaes 2026,
cd novo devinho novaes 2026,
devinho novaes carnaval 2026,
devinho novaes 2026 janeiro cd completo ligo sofrendo,
devinho novaes 2026 dvd completo,
devinho novaes 2026 dvd,
devinho devinho novaes 2026,
show de devinho novaes 2026,
devinho novaes 2026 de um jeito diferente,
devinho novaes 2026 de abril,
devinho novaes 2026 de março,
devinho novaes 2026 dona,
devinho novaes 2026 dna,
devinho novaes 2026 deu match,
dvd devinho novaes 2026,
devinho novaes devinho novaes 2026,
dna devinho novaes 2026,
devinho novaes de 2026,
devinho novaes 2026 de junho,
devinho novaes em irara 2026,
devinho novaes 2026 ex,
eu quero ouvir devinho novaes 2026,
quero escutar devinho novaes 2026,
devinho novaes em 2026,
devinho novaes live,
devinho novaes 2026 fevereiro,
devinho novaes 2026 filho meu,
devinho novaes 2026 no fluxo,
devinho novaes forro caju 2026,
devinho novaes oi,
devinho novaes 2022,",devinho novaes devinho noves 2026 devinho novaes as melhores devinho novaes músicas novas 2026 devinho noves 2026 repertório novo devinho novaes 2026 cd novo devinho noves 2026 atualizado devinho novaes 2026 carnaval devinho novaes 2026 bregão devinho noves 2026 verão devinho noves e toque dez devinho novaes feat natanzinho lima devinho novaes feat unha pintada devinho novaes participação heitor costa devinho novaes ao vivo devinho noves carnaval cd novo repertório,10,2026-02-07T12:00:00Z,10709,198,2,BR
IfUgI0Sd2eQ,ESTRELA - WILLIAN CASTER/CHUPANDO HALLES,"Siga o nosso Instagram - https://www.instagram.com/chupandohal...

 











 #arrocha #bahia #chupandohalles",TOQUE DEZ NETRO BRITO NATANZINHO BREGAO DO CASTER CHUPANDO HALLES ESTRELA,10,2026-02-01T01:34:40Z,21752,297,15,BR
KJxXSGQjUQk,EU MORRO E NÃO QUERO MAIS - Túlio Duarte (DVD 500Km de Forró),"Essa faixa faz parte do DVD 500Km de Forró do Túlio Duarte, gravado Ao Vivo na tradicional Pega de Boi no Mato da cidade de Graccho Cardoso, em Sergipe 🌵🔥

CRÉDITOS:
Produção Musical: Arine Music
Captação e Edição: Marra Films
Fotografia: Retake Films
Direção Executiva: Iago Freitas
A&R: Jeovane Guedes/ Jamison Guedes
Marketing Digital: Gestão Circuitus
Locação: Pega de Boi de Tuca do Leite | Graccho Cardoso-SE

SHOWS:
(87) 98144-5238 - Juninho CDs


Compositor: Túlio Duarte

Letra: 

Tem que respeitar meu Sergipe

Eu morro e não quero mais 
Quem foi meu primeiro amor 
Quem foi meu primeiro amor 
Eu morro e não quero mais 

Eu morro e não quero mais
Quem foi meu primeiro amor 
Quem foi meu primeiro amor 
Eu morro e não quero mais

Pensou que um dia eu não ia superar 
Que eu iria me acabar
Mas que bom que não vingou 
Quem eu quis tanto hoje em dia tanto faz 
Eu morro e não quero mais
Quem foi meu primeiro amor


Eu morro e não quero mais 
Quem foi meu primeiro amor 
Quem foi meu primeiro amor 
Eu morro e não quero mais 
Eu morro e não quero mais 

Quem foi meu primeiro amor 
Quem foi meu primeiro amor 
Eu morro e não quero mais

Oh, Eu morro e não quero mais
Puxa, mexe, mexe, mexe

Eu morro e não quero mais 
Quem foi meu primeiro amor 
Quem foi meu primeiro amor 
Eu morro e não quero mais 

Eu morro e não quero mais 
Quem foi meu primeiro amor 
Quem foi meu primeiro amor 
Eu morro e não quero mais

E se um dia eu decidir me envolver 
Eu não procuro você que tanto me magoou 
Quero outro alguém e você deixou pra trás 
Eu morro e não quero mais quem foi meu

Eu morro e não quero mais 
Quem foi meu primeiro amor 
Quem foi meu primeiro amor 
Eu morro e não quero mais 

Eu morro e não quero mais 
Quem foi meu primeiro amor 
Quem foi meu primeiro amor
Eu morro e não quero 

Eu morro e não quero mais 
Quem foi meu primeiro amor 
Quem foi meu primeiro amor
Eu morro e não quero mais

Puxa, balança, balança
Quem gostou faz o quê?


Escute no seu app musical favorito
https://onerpm.link/500kmdeforro

Acompanhe nas redes sociais
https://www.instagram.com/tulioduartecantor
https://www.tiktok.com/@tulioduartecantor

#TúlioDuarte #500KmDeForró",TúlioDuarte FabinhoTestado IguinhoELulinha TarcísioDoAcordeon VitorFernandes JoãoGomes DesejoDeMenina JúniorEJorge RamonERandinho ArreioDeOuro ReyVaqueiro CláudioNeyEJuliana WesleySafadão NatanzinhoLima HeitorCosta Fernandinha ToqueDez Pablo Tayrone JúniorVianna MikelSantos HenryFreitas NúzioMedeiros KaduMartins DeyvinSampaio ThalesPlay MárciaFelipe Nattan LéoFoguete FelipeAmorim XandAvião MariFernandez ZéVaqueiro ManoWalter HeraldoJrEEmanoel JadsonAraújo TatyGirl HenriqueEJuliano GusttavoLima,10,2026-02-04T21:44:06Z,23573,124,3,BR
9Qys_vrK0tA,"Senta, Senta 2","Provided to YouTube by WM Brazil

Senta, Senta 2 · MC GP · MC Meno K · Fepache

Senta, Senta 2

℗ 2026 Warner Music Brazil Ltda.

A& R Manager: Barbara Rodrigues
Beats: Fepache
Mastering Engineer: Fepache
Mixing Engineer: Fepache
Unknown: Fepache
Producer: Fepache
Executive Producer: GR6
A And R Administrator: Herika Marinho
A And R Administrator, A& R Manager: Lucas Sousa (Bafo)
Vocals: MC GP
Vocals: MC Meno K
A& R Direction: Marcos Kilzer
A& R Direction: Yuri Dinalli (Dentinho)
Composer, Lyricist: Fepache
Composer, Lyricist: MC GP
Composer, Lyricist: MC Meno K

Auto-generated by YouTube.","MC GP MC Meno K Fepache Senta, Senta 2",10,2026-02-06T00:01:49Z,87989,1751,17,BR
0AhaGFu57f0,Lana del Rey – Cinnamon Girl (Lyrics),"Welcome to Velvet Room! 
Subscribe and activate notifications 🔔

 (Lyrics)

- Our videos here:
https://youtu.be/gKg2wGdWLs0?si=3EziJzf29Hfb_DRU
https://youtu.be/foivUlFCUBg?si=BBC3qqCW-Le9i4wg
https://youtu.be/YRuqybrLMIk?si=wJrxWoC8Qz8Q2gMH

- Playlist:
Ari Abdul Mix - https://youtube.com/playlist?list=PLnJiuek_Mp6Zj6ZwmHZdGVP6zqYzZONXv&si=Bnh4w6ULYOBwXi0K
Tate McRae Mix - https://youtube.com/playlist?list=PLnJiuek_Mp6aTB26xDzRNu9cDarLB0DeR&si=zyfSH7M8ZdyfS-WV

- Lyrics:",,10,2026-01-31T19:02:52Z,118718,290,4,BR
xfXNUcSTx2A,Garrafas e Bocas - Seu Desejo e @FLAYOF  | DVD O Tempo Não Para (Ao Vivo São Paulo),"GARRAFAS E BOCAS


Letra:

Vou negociar com a saudade pedir um vale night
Pra ver se paro de pensar em você
Ao menos uma noite
Eu sei que vai doer
Vou forçar te esquecer
É que eu não terminei de gostar de você
Terminar amando é pedir pra sofrer eeeh
Vou rodar a cidade
Vou beijando garrafas e bocas
Hoje eu tô pra maldade
Vou tirando juízo e roupa
Eu posso até me arrepender
Nem que seja na marra
Hoje eu esqueço você


Compositores: Lore Araújo, Danilo Dias, Léo Lima, Mayra Santana

#garrafasebocas #seudesejo #yaratche #alessandrocosta #flay #flaybbb #bbb #bbb26 #bigbrotherbrasil #flayeeyaratche #dvd #forro #sertanejo",yara tchê alessandro dvd seu desejo flay bbb bbb26 bigbrotherbrasil yaraeflay forro sertanejo garrafasebocas dvdseudesejo,10,2026-02-06T15:00:07Z,60824,4005,547,BR
OwgL6v7JAP8,Tropa do Sem Perreco,"Provided to YouTube by ONErpm

Tropa do Sem Perreco · DJ Oreia · MC GP · MC Lozin · MC Luki · MC Leh · mc henryk · Mestre Dane

Tropa do Sem Perreco

℗ 4M RECORDS

Released on: 2026-02-03

Composer Lyricist: MC GP
Composer Lyricist: MC Lozin
Composer Lyricist: MC Luki
Composer Lyricist: mc henryk
Composer Lyricist: MC Leh
Studio Producer: DJ Oreia
Composer Lyricist: Mestre Dane

Auto-generated by YouTube.",DJ Oreia MC GP MC Lozin MC Luki MC Leh mc henryk Mestre Dane Tropa do Sem Perreco,10,2026-02-03T03:03:12Z,60548,883,19,BR
zhaWyerVcOA,"Mariana Pimenta, Guilherme e Benuto - Já Era [ Clipe oficial ]","Me sigam nas redes sociais: 

Instagram:   / marianapimentaoficial  
TikTok:   / marianapimentaoficial  
X:   / marianapimenta_  
Spotify: https://spoti.fi/3ssGPpn

CONTRATE:
Contato para shows: (19) 9 9605-2482 

FICHA TÉCNICA:

Intérpretes: Mariana Pimenta e Guilherme & Benuto
Direção de Vídeo e Fotografia: Sucre
Produção Musical: Guilherme Ferraz
Styling: Jessica Arnhold
Makeup: Bruno Marques/ Victor Exótico 

Compositores: 
Ruan Lima/ Pvz1n/ Daniel dos Versos/ Matheus Costa

LETRA:

Evitei sair
Pra não ver você na minha frente
Sabe como é
O que os olhos não veem, o coração não sente
Mas hoje foi o dia
Que eu te encontrei pela primeira vez
Depois de tanto tempo
Tava beijando outro
E colocou à prova o meu sentimento

Sabe tudo o que eu sentia por você
Já era
Hoje eu tive a certeza
Que nenhuma saudade é eterna
Nenhuma saudade é eterna",Guilherme e Benuto mariana pimenta musica sertaneja ja era guilherme e benuto,10,2026-01-30T14:59:14Z,3547163,2990,643,BR
dtRP1wRrXlA,"PEGA A MALDADE DA BANDIDA - DJ LUAN GOMES, DELLEON, MC WS DA LESTE",PEGA A MALDADE DA BANDIDA · Dj Luan Gomes · Mc Ws da leste · Delleon,pega a maldade da bandida,10,2026-02-03T15:00:06Z,18883,140,0,BR
itYvJNfM36Q,"Reliquia do 2T (feat. Mc Dkziin, MC Fr da Norte)","Provided to YouTube by Sonar Music

Reliquia do 2T (feat. Mc Dkziin, MC Fr da Norte) · DJ Gu · MC Vine7 · MC Tuto · MC Joãozinho VT · Mc Dkziin · MC Fr da Norte

Reliquia do 2T (feat. Mc Dkziin, MC Fr da Norte)

℗ Sonar Music Under Exclusive License To Believe Music

Released on: 2026-02-06

Producer: DJ Gu
Composer: Gustavo da Silva Pussi
Composer: Vinicius Alexandre Amorim Rodrigues
Composer: Emerson Texeira Muniz
Composer: Josenilton de Oliveira Ferreira
Composer: João Vitor dos Santos
Composer: André Isac Santos de Miranda
Lyricist: Gustavo da Silva Pussi
Lyricist: Vinicius Alexandre Amorim Rodrigues
Lyricist: Emerson Texeira Muniz
Lyricist: Josenilton de Oliveira Ferreira
Lyricist: João Vitor dos Santos
Lyricist: André Isac Santos de Miranda

Auto-generated by YouTube.","DJ Gu MC Vine7 MC Tuto MC Joãozinho VT Mc Dkziin MC Fr da Norte Reliquia do 2T (feat. Mc Dkziin, MC Fr da Norte)",10,2026-02-05T10:01:47Z,59737,1603,0,BR
0zZfEyiR768,"Pega A Maldade Da Bandida, Vai Tomando Toda Vida","Provided to YouTube by DistroKid

Pega A Maldade Da Bandida, Vai Tomando Toda Vida · DJ MARCÃO · Pereira djhay · Pereira djhay

Pega A Maldade Da Bandida, Vai Tomando Toda Vida

℗ 9976657 Records DK

Released on: 2026-01-30

Auto-generated by YouTube.","DJ MARCÃO Pereira djhay Pega A Maldade Da Bandida, Vai Tomando Toda Vida",10,2026-02-02T18:28:27Z,11410,119,0,BR
Zr4SPzkri_Y,"AI TODO MUNDO QUER SABER SE O VOVÔ TA CASADO - Biurifol, Dj Emige e B7 CITY","Canal Oficial #ResumoFluxos 

Ouça nossa Playlist no Spotify:
http://bit.ly/4kc3D3O

Ative as Notificações ""🔔"" Em seu Dispositivo Móvel

Música: AI TODO MUNDO QUER SABER SE O VOVÔ TA CASADO - Biurifol, Dj Emige e B7 CITY
 Ano: 2026

AI TODO MUNDO QUER SABER SE O VOVÔ TA CASADO - Biurifol, Dj Emige e B7 CITY
AI TODO MUNDO QUER SABER SE O VOVÔ TA CASADO - Biurifol, Dj Emige e B7 CITY
AI TODO MUNDO QUER SABER SE O VOVÔ TA CASADO - Biurifol, Dj Emige e B7 CITY
AI TODO MUNDO QUER SABER SE O VOVÔ TA CASADO - Biurifol, Dj Emige e B7 CITY
AI TODO MUNDO QUER SABER SE O VOVÔ TA CASADO - Biurifol, Dj Emige e B7 CITY
AI TODO MUNDO QUER SABER SE O VOVÔ TA CASADO - Biurifol, Dj Emige e B7 CITY
AI TODO MUNDO QUER SABER SE O VOVÔ TA CASADO - Biurifol, Dj Emige e B7 CITY
AI TODO MUNDO QUER SABER SE O VOVÔ TA CASADO - Biurifol, Dj Emige e B7 CITY
AI TODO MUNDO QUER SABER SE O VOVÔ TA CASADO - Biurifol, Dj Emige e B7 CITY
AI TODO MUNDO QUER SABER SE O VOVÔ TA CASADO - Biurifol, Dj Emige e B7 CITY
AI TODO MUNDO QUER SABER SE O VOVÔ TA CASADO - Biurifol, Dj Emige e B7 CITY
AI TODO MUNDO QUER SABER SE O VOVÔ TA CASADO - Biurifol, Dj Emige e B7 CITY
AI TODO MUNDO QUER SABER SE O VOVÔ TA CASADO - Biurifol, Dj Emige e B7 CITY
AI TODO MUNDO QUER SABER SE O VOVÔ TA CASADO - Biurifol, Dj Emige e B7 CITY
AI TODO MUNDO QUER SABER SE O VOVÔ TA CASADO - Biurifol, Dj Emige e B7 CITY
AI TODO MUNDO QUER SABER SE O VOVÔ TA CASADO - Biurifol, Dj Emige e B7 CITY
AI TODO MUNDO QUER SABER SE O VOVÔ TA CASADO - Biurifol, Dj Emige e B7 CITY

 Nossas Redes Sociais : 

Instagram : https://www.instagram.com/resumoprodu...
Facebook : https://web.facebook.com/resumoprodutora

©2020 Resumo Produtora & Resumo Fluxos Ltda.",MC Tuto MC Ryan SP MC Cebezinho MC Kako MC Luuky MC GP MC Meno K Oruam Mc Paiva Mc IG MC Laranjinha MC PH MC Nego Micha MC Poze do Rodo MC Hariel MC Kevin MC Livinho MC Kekel funk 2026 funkhall yuri redicopa AI TODO MUNDO QUER SABER SE O VOVÔ TA CASADO - Biurifol Dj Emige e B7 CITY vovo ta casado quero saber se o vovo ta casado ai todo mundo quer saber se o vovo ta casado,10,2026-02-01T22:08:19Z,47310,337,2,BR
MSQ3k7v1wRo,"Viverei, Viverás","Provided to YouTube by The Orchard Enterprises

Viverei, Viverás · Grupo Nova Dimensão · Unknown

Presença

℗ 2026 Som e Louvores

Released on: 1993-02-01

Producer: Som e Louvores
Music Publisher: Copyright Control

Auto-generated by YouTube.","Grupo Nova Dimensão Unknown Presença Viverei, Viverás",10,2026-01-29T10:04:32Z,37889,711,0,BR
mMjy45B2lHI,Bison e Comassetto - Tudo de Novo / Mistérios / Borboletas / Bala de Prata [ Cru e Sem Frescura 3 ],"Vídeo da música ''Tudo de Novo / Mistérios / Borboletas / Bala de Prata''  com Bison e Comassetto do projeto  [ Cru e Sem Frescura 3 ]
Ouça no Spotify:  https://bit.ly/4cXV2gP

Siga a dupla Bison e Comassetto nas redes sociais!
Facebook:  https://bit.ly/FacebookBisoneComassetto
Instagram:  https://bit.ly/InstagramBisoneComassetto
TikTok:  https://bit.ly/TiktokBisoneComassetto
Kwai: https://bit.ly/KwaiBisoneComassetto

Contato para SHOWS:
(16)98110-5350 / (62)98328‑1986‬",bison e comassetto bison e comassetto dupla dupla bison e comassetto bison e comassetto músicas músicas bison e comassetto dupla sertaneja caio bison bison kaio bison matheus comassetto comassetto música sertaneja sertanejo universitário sucesso sertanejo sertanejo 2024,10,2026-01-30T16:26:01Z,36790,376,12,BR
qeZCx2u_Uz0,Rudo Surebrec (Gachiakuta) - DO PARAÍSO AO INFERNO | NERD HITS,"- Garanta seu ingresso para o show do 7 Minutoz! -
https://linktr.ee/7minutozoshow

- Ouça o 7 Minutoz nas plataformas digitais -
Spotify: https://open.spotify.com/intl-pt/artist/2563ILWHSx52eOxOoi5rJW?si=X2EINUYHSVGIANByLQ4YLw
Deezer: https://deezer.page.link/ndit5w1yhadsA4Un7
Apple Music: https://music.apple.com/br/artist/7-minutoz/1316956452

- Leia o Game Over Squad, o 1º Mangá Original 7 Minutoz -
https://www.webtoons.com/en/canvas/game-over-squad/list?title_no=624380

CRÉDITOS
VOCAIS, COMPOSIÇÃO e LETRA: Lucas A.R.T. (@7mz_lucas), Gabriel Rodrigues (@7mz_rodrigues) e Pedro Alvez (@7mz_pedroalvez)
INSTRUMENTAL: 808 Ander (@808_ander)
MIXAGEM e MASTERIZAÇÃO: Peu028 (@peu028)
ASSISTÊNCIA DE MIXAGEM: Murilo Nunes (@murilonunesmix)
DIREÇÃO VISUAL: MB (@guzz_mb)
EDIÇÃO DE VÍDEO: MB, Kapotino (@Kapotinooo), 3DMIG (@MigJKJ), Zowk (@thezowk), Malaksans (@malaksans), Z0díaco (@Z0diacoEditor), Realista (@byrealista), Gabriel Efecs (@gabrielefecs), NervE (@n1rvErmind), Nog (@Nogediits), CGZ (@cgz_ae), Thur (@othursouz__) Ryan Estiven (@RyanEstiven), Seibert (@s3ibert), Ozy (@ozymonde) e Tony (@uTonyz)  
THUMBNAIL: Yuzo @yuzodeen) e Freddy Onírico™️ (@salvefreddy)
CAPA DAS PLATAFORMAS DIGITAIS: Freddy Onírico™️
LEGENDAS DO YOUTUBE: Insanity (@irlan_derick)

PARTES DA MÚSICA


00:00 Intro: MB
00:12 Intro: Kapotino
00:34 Intro: 3DMIG
00:57 Intro: Zowk
01:09 Ponte I: Malaksans
01:32 Verso I: Z0díaco
01:55 Verso I: Realista
02:17 Verso I: Gabriel Efecs
02:30 Ponte II: NervE
02:52 Ponte II: Nog
03:03 Pré-Refrão: CGZ
03:13 Refrão: Thur
03:54 Verso II: Ryan Estiven
04:17 Verso II: Seibert
04:41 Verso II: Ozy
05:04 Verso II: Tony
05:27 Refrão: Thur
06:03 Finalização: MB

7 Minutoz © 2026 (@7mzoficial)",Rudo Rudo Surebrec Gachiakuta NERD HITS Música geek Rap geek Rap de anime 7 Minutoz 7MZ Nerdcore Lucas A.R.T. Gabriel Rodrigues Pedro Alvez,10,2026-02-05T22:00:08Z,254653,40581,1916,BR
RG-iOzjBj_I,Quando a Vontade Bater,"Provided to YouTube by Brazility

Quando a Vontade Bater · Forró Mais Tocados

Quando a Vontade Bater

℗ 2026 Brazility

Released on: 2026-01-24

Main Artist: Forró Mais Tocados
Lyricist: David Linhares
Composer: Samuel de Andrade Lima

Auto-generated by YouTube.",Forró Mais Tocados Quando a Vontade Bater,10,2026-01-29T06:06:19Z,36242,275,0,BR
BvbqnAMqriI,Sou Escolhido,"Provided to YouTube by DistroKid

Sou Escolhido · Som Da Adoração Brasil · Welton Machado Diniz

Sou Escolhido

℗ Som Da Adoração Brasil

Released on: 2026-01-31

Auto-generated by YouTube.",Som Da Adoração Brasil Welton Machado Diniz Sou Escolhido,10,2026-02-01T13:07:37Z,54258,435,0,BR
YknG4rCiMEM,"AI SE SEU CLOSET FALASSE - MC Negão Original, GP, Ryan SP, Meno K, Aaron, RN do Capão, Du'L, Rick","Inscreva-se no canal e receba os lançamentos exclusivos em primeira mão.

AI SE SEU CLOSET FALASSE - MC Negão Original, GP, Ryan SP, Meno K, Aaron, RN do Capão, Du'L, Rick
AI SE SEU CLOSET FALASSE - MC Negão Original, GP, Ryan SP, Meno K, Aaron, RN do Capão, Du'L, Rick
AI SE SEU CLOSET FALASSE - MC Negão Original, GP, Ryan SP, Meno K, Aaron, RN do Capão, Du'L, Rick

Artista(s): MC Negão Original, GP, Ryan SP, Meno K, Aaron, RN do Capão, Du'L, Rick
Música: AI SE SEU CLOSET FALASSE
Produção Musical: 

01 DO FUNK & Love Funk ® Todos os direitos reservados.

#MC #FUNK #01DOFUNK#LOVEFUNK",01 do funk funk funk 2023 funk 2024 love funk gr6 gr6 explode funk 01 funk light mc funk zl funk mc funks funks 2024 set funk funk 2024 lançamento nova funk 2025 funk 2025 lançamento AI SE SEU CLOSET FALASSE - MC Negão Original GP Ryan SP Meno K Aaron RN do Capão Du'L Rick ai se seu closet falasse mc negão original mc gp mc ryan sp mc meno k negão original,10,2026-02-06T14:25:33Z,19654,112,2,BR
Achb4lE8fa8,EU ME APAIXONEI - VITINHO IMPERADOR,"EU ME APAIXONEI - VITINHO IMPERADOR
EU ME APAIXONEI - VITINHO IMPERADOR
EU ME APAIXONEI - VITINHO IMPERADOR

Artista: VITINHO IMPERADOR
Título:EU ME APAIXONEI
Produção Musical: 
Lançamento: 2026

Todos os direitos reservados © 2026 FUNK DE BIGODE® Ltda. em colaboração com Love Funk.

#LoveFunk #FunkDeBigode #Funk2026",FUNKFLIX FUNK MC FUNK CONSCIENTE FUNK LANÇAMENTO SET FUNK PLAYLIST FUNK LOVE FUNK GR6 EXPLODE SET FUNK 2025 FUNK 2025 LANÇAMENTO FUNK 2026 EU ME APAIXONEI - VITINHO IMPERADOR eu me apaixonei vitinho imperador vitinho imperador me apaixonei,10,2026-02-03T14:51:41Z,24993,114,5,BR
c_GNO4tEApA,"Alok, Zeeba, Bruno Martini - Hear Me Now (Lyrics)","🎉 Thank you so much for watching! 🎉
If you enjoyed this video and want to keep the good vibes going, make sure to subscribe and hit the 🔔 notification bell so you never miss a beat!

⭐ Follow me on my socials for exclusive updates and more:

🔴 YouTube Channel: https://m.youtube.com/@UCQXUirwpGP17urYxFerTCfw 
🟣 Instagram: https://www.instagram.com/themansionedm/
⚫ TikTok: https://www.tiktok.com/@themansionedm.x

🎧 Don’t forget to check out my Spotify Playlist for nonstop EDM hits!
➡️ https://open.spotify.com/playlist/4FzEaujFx35AtteDi1fEqE?si=O8NwRJg9RIu9c4gznMlmLg&pi=pH3gaVDsT16ln 🎶

---

🌟 I have a special channel for my Spanish-speaking fans! 🌟
Check out Virtuau, where I post Spanish translations and much more:

🔴 YouTube: https://www.youtube.com/c/Virtuau
🟣 Instagram: https://www.instagram.com/virtuau_yt/
⚫ TikTok: http://tiktok.com/@virtuau.x
🔵 Facebook: https://www.facebook.com/Virtuau

---

🔥 Now playing 🔥
Alok, Zeeba, Bruno Martini - Hear Me Now 🎶


📀 Follow their social networks:
Facebook: https://www.facebook.com/livealok
Spotify: https://open.spotify.com/artist/0NGAZxHanS9e0iNHpR8f2W
Twitter: https://www.twitter.com/alokoficial
Instagram: https://www.instagram.com/alok/

🎵 Lyrics 🎵

[Intro: Zeeba]
If you get to hear me now
If you get to hear me now

[Verse 1: Zeeba]
I know you'll get stronger
When you get older
Just don't shrug your shoulders
When you get older

[Pre-Chorus: Zeeba]
The things aren't easy
So just believe me now
If you don't keep it cool now
You'll never make a sound

[Chorus: Zeeba]
All the lights will guide the way
If you get to hear me now
All the fears will fade away
If you get to hear me now
If you get to hear me now
If you get to hear me now

[Verse 2: Zeeba]
Leave excuses aside
Speak out your mind
And don't let it slide
You're not always right

[Pre-Chorus: Zeeba]
The things aren't easy
So just believe me now
Don't learn the hard way
Just let me show you how

[Chorus: Zeeba]
All the lights will guide the way
If you get to hear me now
All the fears will fade away
If you get to hear me now
If you get to hear me now
If you get to hear me now

[Outro: Zeeba]
If you get to hear me now
If you get to hear me now
If you get to hear me now
If you get to hear me now





---

💬 Let me know in the comments what tracks you want next!

👍 Like, share & stay tuned for more amazing music coming your way!",,10,2026-01-31T16:01:03Z,81722,296,0,BR
R8yD_dSL1v0,FUERZA REGIDA - TU SANCHO (Letra),"SUSCRÍBETE Y PRESIONA (🔔) PARA UNIRTE AL EQUIPO DE NOTIFICACIONES Y MANTENERTE ACTUALIZADO CON LOS NUEVOS VIDEOS 

👇NUESTRAS  REDES SOCIALES 👇
📸   
📸  
📸

LETRA/LYRIC:🎵
Mi niña alista tu maleta ahorita
Quiero que te pongas bonita
Ya le marqué al pinche piloto
Ya dile al tonto que ya te vas
Cabrona, buena pa' mentiras
Y esa boquita me fascina
Baby, tú eres para un loco
Y como este loco no hay como yo
Qué bonito chingarte en las nubes, bandida
El piloto pura verga baja la mira
Terminamos en treinta y llegamos a Ibiza
Aterrizamos sin prisa
Materiales son los que tú menos pedías
Los detalles enamoraron a mi niña
Hoy quedé con la cuenta de banco en la cima
Tú date vuelo
Ah, ah, uh
Qué bonita te miras, bien mamacita sin calzón
No le cuentes a tu amiga que la tengo como león
Calladita te ves más bonita
Pa' mirarnos otra vez, que no lo sepa tu güey
Sin pedos te espero, peléate con tu güey
Invéntate una razón pa' que no le haga de pedo
Ni pedo, sin pedo, ya qué (eh, eh, eh)
Qué bonito chingarte y más rico y noche
Un palito en el aire y privado pa' Londres
Diferentes mujeres de varios sabores
Nomás no te me aloques
Mujeriego y coqueto, tengo mil amores
De hace tiempo te busco, mas no sé ni en dónde
Si me quieres tendrás que aguantar los rumores
Nomás no te me aloques
Ey
Fuer-za-za-za Regida




TAGS:🎤 
#fuerzaregida   #tendencia    #letra  #Sonalux",,10,2026-02-06T17:00:45Z,154353,158,2,MX
9gyvSu-JfMw,José José — El Amar y el Querer (Letra/Lyrics),"José José — El Amar y el Querer
Español / Lyrics ✨

╰► 𝗕𝗔𝗦𝗜𝗖 𝗜𝗡𝗙𝗢 ❥
José José - El Amar y el Querer
Released 07/05/1977
From the album ""Reencuentro""

#JoséJosé #pop #latinpop #elamaryelquerer #baladas #mexicano #yrics

🌅 Video de fondo: https://www.youtube.com/watch?v=RzJ3QjBsqM0

💿 Sigue al artista: (Redes sociales aquí)

🍃 Sígueme a mí (chi?)
Instagram: https://www.instagram.com/richii.almazan/
____________________________________

Lyrics de la canción: 😥 -------
Casi todos sabemos querer
Pero pocos sabemos amar
Es que amar y querer no es igual
Amar es sufrir, querer es gozar

El que ama pretende servir
El que ama su vida la da
Y el que quiere pretende vivir
Y nunca sufrir, y nunca sufrir

El que ama nopuede pensar
Todo lo da, todo lo da
El que quiere pretende olvidar
Y nunca llorar, y nunca llorar

El querer pronto puede acabar
El amor no conoce el final
Es que todos sabemos querer
Pero pocos sabemos amar

El amar es el cielo y la luz
El amar es total plenitud
Es el mar que no tiene final
Es la gloria y la paz, es la gloria y la paz

El querer es la carne y la flor
Es buscar el obscuro rincón
Es morder, arañar y besar
Es deseo fugaz, es deseo fugaz
____________________________________

Tags 🧃✨
letra, español, traducido al español. lyrics, letra español, lyrics
música, mix, canciones mix, musica mexicana, regional, mariachi, rock, pop, indie, banda, reggaeton, canciones tristes, vibes, musica 2025
canciones playlist, richie mexa, youtube recomiendame porfa.

José José — El Amar y el Querer ;español
José José — El Amar y el Querer ;lyrics
José José — El Amar y el Querer ;mix playlist
José José — El Amar y el Querer ;letra

______________________________________

💬 Coméntame algo lindo:)
🎶 Sugerencias escríbelas en los comentarios o en mi instagram 

Gracias por ver 🧃",lyrics lyric video letra canciones con letra music with lyrics musica viral video lyrics canciones del momento musica mexicana canciones mexicanas regional mexicano banda norteño pop mexicano reggaeton mexicano rock mexicano mix musica mexicana José José — El Amar y el Querer (Letra/Lyrics) El Amar y el Querer (Letra/Lyrics) José José El Amar y el Querer El Amar y el Querer (Letra José José — El Amar y el Querer (Letra el amar y el querer dolidas,10,2026-02-06T18:21:06Z,33220,138,3,MX
G-_zD40EDhg,Arath Arceo - Ebrio De Amor (Letra),"🎵 Arath Arceo - Ebrio De Amor

“Ebrio de Amor” habla de amar hasta perder el control. Arath Arceo canta sobre un corazón que se entrega sin medidas, confundiendo el amor con la obsesión y el dolor. Es la historia de alguien que, por amar de más, termina lastimado.

➥ Arath Arceo:
https://www.instagram.com/aratharceooficial/?hl=es
https://www.facebook.com/profile.php?id=61559620666904&locale=es_LA#

➥ Socials LowDrow:
https://www.instagram.com/lowdrow_/
https://www.tiktok.com/@lowdrow?lang=es

➥ Nuestra Playlist de Spotify!:
https://open.spotify.com/playlist/0JCruewS4FqMw2iY9tkRp9?si=27b8a2e112be4d3d&nd=1&dlsi=877c57dd773f48f7
➥ Nuestra Playlist! de Youtube!:
https://youtube.com/playlist?list=PLNzPOaaeukA73x3T7MWzOBNVoCq_Op9ol&si=dK2etn4C1XrJ_DV6

🔔 Activa las notificaciones para enterarte de los vídeos nuevos!

Letra:

Llegué borracho de amor
Como todas las noches
Tú querrás besarme y llenarme de amor
Sin ningún reproche

Dios mío por qué hay en otro rostro
La mirada, la piel que me vuelve loco
Quisiera ser otro y no poder tampoco
Ser un ebrio de amor

Tú eres mi vida, tú eres mi amor
Tú eres mi todo
Qué triste me siento por no decidir
Te quiero a mi modo

Dios mío por qué hay en otro rostro
La mirada, la piel que me vuelve loco
Quisiera ser otro y no poder tampoco
Ser un ebrio de amor

Tú eres mi vida tu eres mi amor
Tú eres mi todo
Qué triste me siento por no decidir
Te quiero a mi modo

Dios mío por qué hay en otro rostro
La mirada, la piel que me vuelve loco
Quisiera ser otro y no poder tampoco
Ser un ebrio de amor

arath arceo - ebrio de amor letra, arath arceo ebrio de amor (letra), ebrio de amor letra, ebrio de amor lyrics, ebrio de amor arath arceo letra oficial, arath arceo letra oficial, arath arceo canciones 2025, regional mexicano 2025, corridos romanticos 2025, musica mexicana 2025, ebrio de amor subtitulos, ebrio de amor sub español, ebrio de amor video oficial, ebrio de amor tik tok trend, tendencia 2025, cancion de desamor, musica para dedicar, corrido sentimental, amor y despecho

#ArathArceo #EbrioDeAmor

LowDrow",arath arceo - ebrio de amor letra arath arceo ebrio de amor (letra) ebrio de amor letra ebrio de amor lyrics ebrio de amor arath arceo letra oficial arath arceo letra oficial arath arceo canciones 2025 regional mexicano 2025 corridos romanticos 2025 musica mexicana 2025 ebrio de amor subtitulos ebrio de amor sub español ebrio de amor video oficial ebrio de amor tik tok trend tendencia 2025 cancion de desamor musica para dedicar corrido sentimental,10,2026-02-07T20:00:08Z,13230,156,1,MX
a1Iu90A8vqU,Frankie Ruíz - Tú Con Él (Visualizer),"Music video by Frankie Ruíz performing Tú Con Él (Visualizer).© 2026 UMG Recordings, Inc.",Frankie Ruíz Machete Music Latin,10,2026-02-06T19:45:19Z,58666,257,5,MX
b6yH_VG66WE,LA SANTA GRIFA // 12 DE LA MADRUGADA // VIDEO OFICIAL,"""SPOTIFY""
https://spoti.fi/2HQQPhd
MERCH:
https://lasantagrifa.myshopify.com/
CONTACTO:
https://www.instagram.com/la_santa_gr...
https://www.instagram.com/el_yusak_sg/

Detras de cámaras: https://www.youtube.com/@HugoGuerreroHG

Video producido por: @HugoGuerreroHG 
https://www.facebook.com/HugoGuerreroHG
https://www.tiktok.com/@hugoguerrero.hg",,10,2026-02-07T00:00:11Z,122637,10307,415,MX
VacmKkIlAVY,Pandora - Como Te Va Mi Amor (Letra),"✨¡Muchas gracias por ver el video! espero que les haya gustado. ✨

🔔 Activa las notificaciones para enterarte de los nuevos vídeos!

❤️‍🔥Antes de ver este vídeo, chequea el original:
 https://youtu.be/yEckH4DSqRc?si=Pn3qGk4M828PXdim

📝 Letra/ Lyrics:
Qué sorpresas da la vida
Encontrarte en plena calle
Fue una chispa en mi equilibrio
Dinamita que estalló

Te encontré un poco más flaco
Fue mirarte y derrumbarme
Te creí asunto olvidado
Otra vez, me equivoqué

¿Cómo te va, mi amor?
¿Cómo te va?
Era en silencio la pregunta entre tú y yo
¿Eres feliz, mi bien?
Sin engañar
Porque a mi puerta el amor nunca volvió

¿Cómo te va, mi amor?
¿Cómo te va?
Era en silencio la pregunta entre tú y yo
¿Eres feliz, mi bien?
Sin engañar
Porque a mi puerta el amor nunca volvió

Fue el encuentro tan pequeño
Que no pude sincerarme
Y decirte: ""te he extrañado
Cómo nunca imaginé""

Desde entonces como espuma
Crecía un miedo a quedar sola
Porque no he encontrado a alguien
Que me llene igual que tú

¿Cómo te va, mi amor?
¿Cómo te va?
Era en silencio la pregunta entre tú y yo
¿Eres feliz, mi bien?
Sin engañar
Porque a mi puerta el amor nunca volvió

Porque el tiempo ha sido aliado
Madurando este querer
No debimos separarnos
Fue un error, ¡ahora lo sé!

¿Cómo te va, mi amor?
¿Cómo te va?
Era en silencio la pregunta entre tú y yo
¿Eres feliz, mi bien?
Sin engañar
Porque a mi puerta el amor nunca volvió

¿Cómo te va, mi amor?
¿Cómo te va?
Era en silencio la pregunta entre tú y yo

#pandora #comotevamiamor #Letras #Letra #Latinlove",latin latinLove Latin Love Letra Lyrics romance latino baladas de amor pop romántico música sentimental LatinFlow canciones de amor vibes románticos pop de enamorados himnos de amor Pandora Como Te Va Mi Amor Como Te Va Mi Amor (Letra) Pandora - Como Te Va Mi Amor Pandora - Como Te Va Mi Amor (Letra),10,2026-02-07T17:30:06Z,30980,200,1,MX
nUaQMon-OXo,Me Niegas,"Provided to YouTube by Virgin Music Group

Me Niegas · Baby Rasta y Gringo

Los Cotizados

℗ 2015 Wolflow Music, LLC, under exclusive license to Interscope Records.

Released on: 2015-08-21

Mixing Engineer: Hyde ""El Verdadero Quimico""
Mastering Engineer: Mike Fuller
A& R, Executive Producer: Jonathan ""Ganda"" Gandarilla
Composer, Lyricist: Wilmer Alicea Currás
Composer, Lyricist: Samuel Gerena Monge
Composer: Victor Viera Moore
Composer: Jose Parrilla Garcia
Producer: Jumbo ""El que produce solo""
Composer Lyricist: Wilmer Alicea Currás
Composer Lyricist: Samuel Gerena Monge
Composer: Victor Viera Moore
Composer: Jose Parrilla Garcia

Auto-generated by YouTube.",Baby Rasta y Gringo Los Cotizados Me Niegas,10,2026-02-05T10:04:34Z,770228,5530,15,MX
w1sHhCnlQcM,"FLVCKKA, Yeri Mua ft. angely2k - NOTYPE Remix (Video Oficial)","╭∩╮ʕ•ᴥ•ʔ╭∩╮

REDES SOCIALES 
IG: https://www.instagram.com/flvckka
TT: https://www.tiktok.com/@flvckka77

Letra:

Si me vuelve a llamar o me manda a secuestrar, no preocupes ni nada, 
Yo me encargo de vengar 

Soy voladita los enamoro muy rápido 
No tengo tipo pero si malos y tácticos
Nose como no salgo de su cabeza
Me vigilan, me vigilan con la empresa 

Yo les miro lo bonito, 
Aunque esos putos son cero bien portaditos 
La verdad a mi me tratan bien bonito 
No pareciera que trabajan de  

Si me vuelve a llamar, o me manda a secuestrar
No preocupes ni nada, yo me encargo de vengar 
Si me quiere matar yo lo voy a molestar 
Si me quiere tocar su familia va a llorar 

Dijo mi mami no te metas con rameros 
Pero me gustan culeros 
Niña de casa pero a mí casi me matan 
Así le pasa a las morras que no se callan

Falda sport 
Bebé to 
Dos me quieren levantar
Se me antoja un cabron
De esos que saben matar 
No me interesa que quiera mi cabeza
Mientras me haga sentir mariposas cuando me besa

Yeri mua empresa internacional
Ando buscando un bandido que le invierta al capital 
Que sepa mover kilos 
Mucho money por lavar
No pido mucho bb por que 
I ain’t got no type

Soy voladita, me veo bonita, 
Tengo la corta fajada en mi faldita 
Tengo tubos y no solo para bailaditas  
Por si se pasan no quieran matar mi vibra 

Ain’t got no type, drug dealers is the only thing that I like 
Temo por mi life, pero toda la noche traketeando es la vibe 

Si me vuelve a llamar o me van a secuestrar 
No preocupes ni nada 
Mis fans se van a vengar 
Si me quieren matar 
Dios los va a castigar 
Si me quieren tocar 
A la cárcel van a dar",,10,2026-02-06T23:00:06Z,76674,8372,532,MX
7s700mV7qVA,José José - El Amar y El Querer (Letra/Lyrics),"José José - El Amar y El Querer (Letra/Lyrics)

Follow José José:
https://www.instagram.com/josejoseoficial
https://www.facebook.com/OficialJoseJose
https://www.tiktok.com/@josejoseoficial

Follow: R&B Adventure
https://www.instagram.com/adventuremusic.ig
https://open.spotify.com/user/315f2evhrzykzguoelpdoyzyivre

Letra:

[Verso 1]
Casi todos sabemos querer
Pero pocos sabemos amar
Y es que amar y querer no es igual
Amar es sufrir, querer es gozar
El que ama pretende servir
El que ama su vida la da
Y el que quiere pretende vivir
Y nunca sufrir, y nunca sufrir

[Coro]
El que ama no puede pensar
Todo lo da, todo lo da
El que quiere pretende olvidar
Y nunca llorar, y nunca llorar
El querer pronto puede acabar
El amor no conoce el final
Es que todos sabemos querer
Pero pocos sabemos amar

[Verso 2]
El amar es el cielo y la luz
El amar es total plenitud
Es el mar que no tiene final
Es la gloria y la paz, es la gloria y la paz
El querer es la carne y la flor
Es buscar el obscuro rincón
Es morder, arañar y besar
Es deseo fugaz, es deseo fugaz

[Coro]
El que ama no puede pensar
Todo lo da, todo lo da
El que quiere pretende olvidar
Y nunca llorar, y nunca llorar
El querer pronto puede acabar
El amor no conoce el final
Es que todos sabemos querer
Pero pocos sabemos amar
El que ama no puede pensar
Todo lo da, todo lo da
El que quiere pretende olvidar
Y nunca llorar, y nunca llorar
El querer pronto puede acabar
El amor no conoce el final
Es que todos sabemos querer
Pero pocos sabemos amar

Tags
José José, El Amar y el Querer, José José El Amar y el Querer, El Amar y el Querer José José, Letra, Letra El Amar y el Querer, José José El Amar y el Querer Letra Lyrics, El Amar y el Querer José José Letra, José José Letra, El Amar y el Querer Letra José José, Letra José José El Amar y el Querer, Letra El Amar y el Querer José José, Latin viral song, José José song, el amar el querer lyric video, balada, jose jose mexico, jose jose musica, jose jose lyric video, casi todos sabemos querer, el que ama no puede pensar,",R&B Adventure José José El Amar y el Querer José José El Amar y el Querer El Amar y el Querer José José Letra El Amar y el Querer José José El Amar y el Querer Letra Lyrics El Amar y el Querer José José Letra José José Letra El Amar y el Querer Letra José José Letra José José El Amar y el Querer Letra El Amar y el Querer José José Latin viral song José José song el amar el querer lyric video jose jose musica jose jose lyric video casi todos sabemos querer,10,2026-02-07T12:30:00Z,7142,28,1,MX
-qUbAVF-Gw0,Vicente Fernández - Por tu maldito amor  (Letra/Lyrics),"#vicentefernández #letra #latinsinger #trending #viral #latinmusic 
Vicente Fernández - Por tu maldito amor  (Letra/Lyrics)

Sigue a Vicente Fernandez:
@vicentefernandez 

📝 Letra/Lyrics:

El día que te encontré me enamoré
Tú sabes que yo nunca lo he negado
Con saña me lograste enloquecer
Y yo caí en tu trampa ilusionado
De pronto todo aquello se acabó
Faltaste a la promesa de adorarnos
Me hundiste en el olvido por creer
Que a ti no llegarían jamás los años
Por tu maldito amor
No puedo terminar con tantas penas
Quisiera reventarme hasta las venas
Por tu maldito amor
Por tu maldito amor
Por tu maldito amor
No logro acomodar mis sentimientos
Y el alma se me sigue consumiendo
Por tu maldito amor
Por tu maldito amor
Ajaja jaja jay
¿Y ya pa' qué quiero la tumba?
Si ya me enterraste en vida
Aja jay, ay
No quiero que regreses nunca, no
Prefiero la derrota entre mis manos
Si ayer tu nombre tanto pronuncié
Hoy mírame rompiéndome los labios
Por tu maldito amor
No puedo terminar con tantas penas
Quisiera reventarme hasta las venas
Por tu maldito amor
Por tu maldito amor
Por tu maldito amor
No logro acomodar mis sentimientos
Y el alma se me sigue consumiendo
Por tu maldito amor
Por tu maldito amor
Por tu maldito amor
Por tu bendito amor",POR TU MALDITO AMOR VICENTE FERNANDEZ LETRA,10,2026-02-01T20:07:12Z,33458,103,1,MX
aHS3s-9UgFs,Romeo Santos - Necio (Letra),"Romeo Santos - Necio
Romeo Santos - Necio (Letra)
Romeo Santos - Necio (Letra/Lyrics)

✅ Follow Romeo Santos
https://RomeoSantos.lnk.to/followII
https://RomeoSantos.lnk.to/followFI
https://RomeoSantos.lnk.to/followTI

Letra

[Letra de ""Necio""]

[Verso 1]
Delirando, obsesionado, con cerebro imaginario y dosis de locura
Veo cosas absurdas, guárdame el secreto
En mi hombro hay un diablito que me agobia
Me impulsó a mandarte flores, que te llame por las noches
Y que viole las reglas aunque seas ajena
Que no se me ocurra aceptarte ni un segundo como amiga

[Pre-Coro]
Necio, porque tienes dueño
Y yo soy un loco hablando con reflejos que no están
Necio, porque no eres mía, mi fruta prohibida
Me despierta el deseo de probar

[Coro]
Sencillamente usted, amada mía, me pone necio
Es irracional este sentimiento que no detengo
Me va consumiendo
Sencillamente usted, amada mía, me vuelve necio
Mi amor alucinante se lanzó al océano por terco
Y me estoy hundiendo

[Post-Coro]
(I like your feeling, mami)

[Verso 2]
Un amor sin disciplina, calibrado e impaciente
Y vaga por tus calles como un imprudente
Viendo cada paso que tú des sin un motivo, amada mía

[Pre-Coro]
Necio, porque tienes dueño
Y yo soy un loco hablando con reflejos que no están
Necio, porque no eres mía, mi fruta prohibida
Me despierta el deseo de probar

[Coro]
Sencillamente usted, amada mía, me pone necio
Es irracional este sentimiento que no detengo
Me va consumiendo
Sencillamente usted, amada mía, me vuelve necio
Mi amor alucinante se lanzó al océano por terco
Y me estoy hundiendo

[Interlude]
Let's go
The one and only Santana
So nasty
Okay

[Coro]
Sencillamente usted, amada mía, me pone necio (Me pone necio)
Es irracional este sentimiento que no detengo
Me va consumiendo
Sencillamente usted, amada mía, me vuelve necio
Mi amor alucinante se lanzó al océano por terco
Y me estoy hundiendo

Tags
#RomeoSantos #Necio #Letra #Lyrics
romeo santos necio, necio, necio romeo santos, romeo santos necio letra, necio letra, necio romeo santos letra, romeo santos necio lyrics, necio lyrics, necio romeo santos lyrics, tiktok, tiktok song, tiktok remix, lyrics on screen,",romeo santos necio necio necio romeo santos romeo santos necio letra necio letra necio romeo santos letra romeo santos necio lyrics necio lyrics necio romeo santos lyrics tiktok tiktok song tiktok remix lyrics on screen,10,2026-02-07T16:00:02Z,17181,46,0,MX
4c-D0EMKdjw,SID MSC // 7 DEMONIOS // VIDEO OFICIAL,"#SOMOSOSOS 
Escucha Gratis SPOTIFY: https://spoti.fi/3aH1ZlY
INTRAGRAM: https://www.instagram.com/sidmsc/
CONTRATACIONES :https://www.instagram.com/kapu.el.r.k
LABEL:
 https://www.instagram.com/somos.osos.oficial
ARTISTAS: 
https://www.instagram.com/sidmsc",,10,2026-02-07T00:00:06Z,53053,4918,351,MX
2d1lOO-9dU4,Rauw Alejandro - Aquel Nap ZzZz (Letra/Lyrics),"🎶 ¡Disfruta de la letra de ‘Aquel Nap ZzZz’ de Rauw Alejandro!

Déjate llevar por el ritmo y no olvides suscribirte y activar las notificaciones para no perderte ningún video nuevo 🩶

💭 Si te gustó este video, puedes dejarnos un like y un comentario con tu opinión. ¡Lo apreciaríamos muchísimo!

📩 Consultas: asoniq05@gmail.com

🎤 Icono de micrófono creado por Freepik: https://www.flaticon.com/free-icons/microphone

______________________________

Sing along and don’t forget to subscribe and turn on notifications so you don't miss any new content 🩶

💭 You can give us a like if you liked this video! Also, you are welcome to leave a comment with your thoughts. We would really appreciate it.

📩 Inquiries: asoniq05@gmail.com

🎤 Microphone icon created by Freepik: https://www.flaticon.com/free-icons/microphone

Lyrics:
[Parte I: Aquel Nap ZzZz]

[Intro: ROSALÍA]
Te amo y no quiero

[Pre-Coro]
Tú dormida encima de mí, la brisa viene del mar
No te dejo de mirar, eres mi niña de cristal
Juro que yo mato por ti
Aunque sé que sabes cuidarte sola
Quisiera detener la hora
Pero el tiempo se va como las olas
Toda mi tristeza te llevastes
Con un beso tuyo me calmastes
Yo te navegué y me dejastes (Ah-ah, ah-ah)

[Coro]
¿Cómo llegamos aquí? Solo el deseo lo sabе
Y todo el tiempo que tе tengo cerca
No quiero que se acabe
Y si esto fuera un error, volvería a equivocarme
De tu cora no quiero mudarme
Yo te cuido y tú me cuida', nena

[Verso 1]
Aunque se vaya el sol, contigo el día nunca acaba
Dale, acaba y llega pa' comerte la cara (Ah-ah)
El joseo to' los días hasta la madrugada
Pa' llevarte a Tokio y que nunca falte nada
Tú mi 24 de diciembre
Estas gana' no se acaban, son por siempre (Oh)
Fuck el pasado, solo importa tu presente (Ey, yeah)
Aún siento mariposas cuando te tengo de frente (Mmm)
Yeah, mami, tú brillas sin luz (Luz)
'Toy loco que se acabe el tour (Eh-eh)
Pa' llegar a hacerte un par de mini tú
Te tengo como cien cancione' en el stu
Y lo sabes tú, que pa' ti no hay excusa (No)
Mi boca está llena del MAC que tú usa' (Ey)
Cuando te viste' pa' salir tú siempre abusa' (Uh-uh)
Tu trajecito Prada va con mi medusa (Ey)

[Pre-Coro]
Tú dormida encima de mí (De mí), la brisa viene del mar (Mar)
No te dejo de mirar, eres mi niña de cristal (Oh-uh-uh)
Juro que yo mato por ti
Aunque sé que sabes cuidarte sola (Woh-oh)
Quisiera detener la hora
Pero el tiempo se va como las olas (Eh-eh)
Toda mi tristeza te llevastes (Oh)
Con un beso tuyo me calmastes
Yo te navegué y me dejastes (Ah-ah, ah-ah)

[Coro]
¿Cómo llegamos aquí? Solo el deseo lo sabe
Y todo el tiempo que te tengo cerca
No quiero que se acabe
Y si esto fuera un error, volvería a equivocarme
De tu cora no quiero mudarme
Yo te cuido y tú me cuida', nena

[Outro]
Yo te cuido y tú me cuida', nena (Cuida', nena)
Yo te cuido y tú me cuida', nena (Cuida', nena)

[Parte II: Noche Te Me Fuiste]

[Verso 2]
Noche, te me fuiste
¿Por qué no te quedaste con nosotros?
Como prometiste aquella luna
Noche, te me fuiste
Si yo (Si yo)
Solo quiero contigo, woh-oh-oh, woh-oh-oh
No quiero a nadie más (A nadie más)
Quiero que seas tú (Que seas tú)

#RauwAlejandro #AquelNapZzZz",lyrics lyric video sing along karaoke music lyrics song lyrics asoniq official lyrics on screen lyrics lyric videos music video new music trending music letra letras canciones viral summer rauw alejandro aquel nap zzzz album viceversa album vice versa viceversa vice versa,10,2026-02-07T17:44:54Z,14693,46,1,MX
uGKnxI1mxZ0,Toser One x Griser NSR - Los Mismos De Antes,"Escucha a #ToserOne

Toser One
Spotify: https://open.spotify.com/artist/1oHPSeQJBwNmpq0J52Wjn1
Apple Music: https://itunes.apple.com/mx/artist/toser-one/1132804111
Amazon Music: https://music.amazon.com.mx/artists/B01B5OYFH8/toser-one
Instagram: https://www.instagram.com/el_toser_one/

#alzada 

Beatmaker: AGW Beats
Tracking: Alan Rivera
Mix & Master: Jorge Vargas
Filmmaker: Daniel Takenaga
Coordinacion de Producción: Cynthia Flores
Producción de Video: Aldo Alvarez
Staff: Dorian Sanchez
Foto Fija: Many Mex

Director Ejecutivo: Alan Rodrigo Ledesma Rios, Daniel Takenaga.
Contrataciones: booking@alzada.mx
Contacto: contacto@alzada.mx

Todos los derechos reservados 2025.",alzada alzada films casa alzada familia alzada los de alzada rap trap raptrap rap trap rattrap records rap trap records latino latina urbana urbano músico hip hop hiphop música los de alzada camarada toser one es el pinche toser one azetalokos aztlan luz y sombra toser one apache apache toser apache toser one es el detalle griser nsr,10,2026-02-07T01:00:07Z,51545,4752,265,MX
f7hzSbN7Bqw,Todo Lo Fue,"Provided to YouTube by ONErpm

Todo Lo Fue · El ninii · El pantera belico · El marcado · Leny Ramirez

Todo Lo Fue

℗ El pesito

Released on: 2026-01-26

Composer Lyricist: Alejandro Michael Ramirez Hernández
Co Producer: Corridos de la vida real

Auto-generated by YouTube.",El ninii El pantera belico El marcado Leny Ramirez Todo Lo Fue,10,2026-02-02T21:24:58Z,20797,158,0,MX
8WMD1NOz418,"Vicente Fernández - Volver, Volver (Letra/Lyrics)","🎵 Vicente Fernández - Volver, Volver (Letra/Lyrics)
🔔Subscribe and turn on notifications to stay updated with new uploads!

👉 Vicente Fernández
https://www.facebook.com/VicenteFernandezOficial
https://www.instagram.com/_vicentefdez  
.......

🎤 Lyrics: Vicente Fernández - Volver, Volver

Este amor apasionado
Anda todo alborotado
Por volver
Voy camino a la locura y aunque todo me tortura
Sé querer
Nos dejamos hace tiempo
Pero me llegó el momento
De perder
Tú tenías mucha razón
Le hago caso al corazón
Y me muero por volver
Y volver volver, volver
A tus brazos, otra vez
Llegaré hasta donde estés
Yo sé perder, yo sé perder
Quiero volver, volver volver
Aaah ah ah ah ah
Y no vuleves porque no quieres, papacito
Nos dejamos hace tiempo
Pero me llegó el momento
De perder
Tú tenías mucha razón
Le hago caso al corazón
Y me muero por volver
Y volver volver, volver
A tus brazos otra vez
Llegaré hasta donde estés
Yo sé perder, yo sé perder
Quiero volver, volver volver

..................

#vicentefernández #volvervolver #roses #letra #lyrics #MusicaRanchera #Mariachi #Mexico #Chente #VolverVolverLetra #MusicaMexicana #Despecho #ClasicosRancheros #ElRey

Tags:
Vicente Fernandez Volver Volver letra, letra oficial Volver Volver, Volver Volver lyrics, Vicente Fernandez exitos letra, musica ranchera para dedicar, Volver Volver letra completa, mejores canciones de Vicente Fernandez, mariachi para despecho letra, Volver Volver karaoke, letras de canciones de mariachi, Volver Volver audio oficial, clasicos de la musica mexicana letra, Chente Volver Volver video lyric, letras de canciones para beber",latin music lyrics letra roses music rosas musica letras Vicente Fernández Volver Volver Letra Lyrics Video Lyric Audio Oficial Chente éxitos Música Regional Mexicana Canciones con letra Volver Volver letra oficial Música para cantar Letra oficial Jalisco Volver Volver lyrics video Mariachi Vargas Himnos de México,10,2026-02-01T21:00:11Z,27458,58,1,MX
Ghxu31Y7jwY,Shakira - Addicted to You (Lyrics),"🎵 Shakira - Addicted to You (Lyrics)
🔔 Turn on notifications to stay updated with new uploads!

👉 Shakira: 
https://www.instagram.com/shakira
https://www.tiktok.com/@shakira
https://open.spotify.com/artist/0EmeFodog0BfCgMzAIvKQp

👉 Follow Us: 
https://www.lalmusicgroup.com
https://open.spotify.com/user/zugh1cc7qgq6q22gzhk6sv09q?si=250988ebe32e48a4  
https://www.instagram.com/lalmusicgroup  
https://www.tiktok.com/@lalmusicgroup 

🎤 Lyrics:

[Verso 1]
Debe ser el perfume que usas
O el agua con la que te bañas
Pero cada cosita que haces
A mí me parece una hazaña
Me besaste esa noche
Cual si fuera el último día de tu boca
Cada vez que yo me acuerdo
Yo siento en mi pecho el peso de una roca

[Pre-Coro]
Son tus ojos marrones
Esa veta verdosa
Es tu cara de niño
Y esa risa nerviosa

[Coro]
I'm addicted to you
Porque es un vicio tu piel
Baby, I'm addicted to you
Quiero que te dejes querer
I'm addicted to you
Porque es un vicio tu piel
Baby, I'm addicted to you
Quiero que te dejes querer

[Verso 2]
Por el puro placer de flotar
Ahora si me llevó la corriente
Ya no puedo dormir ni comer
Como lo hace la gente decente
Un recuerdo ha quedado
Así como un broche prendido a mi almohada
Y tú en cambio que tienes memoria de pez
No te acuerdas de nada

[Pre-Coro]
Son tus manos de hombre
El olor de tu espalda
Lo que no tiene nombre
Lo logró tu mirada

[Coro]
I'm addicted to you
Porque es un vicio tu piel
Baby, I'm addicted to you
Quiero que te dejes querer
I'm addicted to you
Porque es un vicio tu piel
Baby, I'm addicted to you
Quiero que te dejes querer

contact@lalmusicgroup.com

#Shakira #AddictedToYou #Lyrics",accelerate accelerate music accelerate lyrics Addicted to You Shakira Shakira Addicted to You Son tus ojos marrones Esa veta verdosa Es tu cara de niño Y esa risa nerviosa I'm addicted to you Porque es un vicio tu piel Baby Quiero que te dejes querer Addicted to You Shakira shakira addicted to you addicted to you shakira addicted to you shakira porque es un vicio tu piel I am addicted to you I am addicted to you tiktok addicted to you tiktok,10,2026-02-06T17:00:22Z,15264,36,3,MX
C1OaZu_U1m4,ALAN ARRIETA FT. CHINO PACAS - Aston Martin,"@alanarrieta06 @ChinoPacas_ - Aston Martin

Alan Arrieta:
TikTok / https://www.tiktok.com/@alan.arrieeta
Instagram / https://www.instagram.com/alan.arrieeta  
Spotify / https://open.spotify.com/artist/6raQ4bhFk0JuTS7i3nZBXr?si=GLb1GXPaRcOpDEAcRlik1w&nd=1&dlsi=fc0ed27bf5e844ac
Apple Music / https://music.apple.com/us/artist/alan-arrieta/1694426233

Letra:
Pase lo que pase sin enamorarse 
Lo hicimos con clase en el aston Martín 

Pase lo que pase sin enamorarse 
Lo hicimos con clase en el aston Martín 

Porshe gt3 no me digas que no ves si bien sabes que lo ves todo el dinero que es y lo hize en un mes aun que no seas mi mujer yo te lleno de placer y te visto de la lv 

Ay mi amor eres bandida yo bandido y eso te gusto 
La delincuencia bolsas caras sentir la presión 
Trocas blindadas caravana sembrando el terror 
La belikada no se acaba 

Todas te miran me encanta que le das al gym y estás bien rica tu cuerpo pegadito recuerdo loquita tu cinturita ma me encanta su boquita se emociona yo sé que eso le exita 

Clase estilo gangster en la mano un cartier en la otra van diamantes aveces por miami montado en la ferrari viviendo la vida que le prometi a mami  

Pase lo que pase sin enamorarse 
Lo hicimos con clase en el aston Martín 

Pase lo que pase sin enamorarse 
Lo hicimos con clase en el aston Martín 

Los los vasos ya ni me cuentan se quedan viendo pinche envida como pesa brillando más y eso que no uso cadenas compa si me viera 

Las las mujeres se me arriman el carro en putiza les sube la adrenalina compa si me viera ando endiablado por eso me ve la risa ya no subo fotos y ahorita traigo una güera 
en Tijuana las vegas en un rancho de Texas hasta mejoró tu vida yo la neta si me dejas no te quejas

Ay mi amor eres bandida yo bandido y eso te gustó la delincuencia bolsas caras 

Ay mi amor eres bandida yo bandido y eso te gustó 
La delincuencia bolsas caras",,10,2026-02-06T00:00:06Z,366853,22919,2039,MX
cRmfUEaBH-E,Eden Muñoz - Mi Yo de Antes (Video Oficial),"Eden Muñoz - Mi Yo de Antes | Video Oficial

Escúchala y guárdala en plataformas: 
› https://EdenMunoz.lnk.to/miyodeantes

Sigue a Eden Muñoz en
› TikTok: https://www.tiktok.com/@edenmunoz1
› Instagram: https://www.instagram.com/edenmunoz/?hl=en
› Facebook: https://www.facebook.com/EdenMunozOficial

Letra / Lyrics

Hay algo en mí que no me deja ser
La mala racha no me deja ver
Que no estoy tan mal
Que incluso es normal

Sentir que no puedo con todo
Y a veces no saber qué quiero
De todo lo que me imagino
Nada está pasando, para ser sincero

Nadie nos dijo que crecer dolía
Y vivir no viene con manual
En la medida de lo posible
Estoy intentando sanar

Me gustaba más mí yo de antes
La versión que no sobrepensaba
Aunque me lastimaran bastante
Al otro día andaba como si nada

Me gustaba más mi yo de antes
El que nunca se sobreexigió
Tiene más miedos mi yo de ahora
Que los que tuvo mi niño interior

Me gustaba más mi yo de antes
Que el que camina bajo la lluvia
Pa’ que el agua le moje los ojos
Y hacer que la gente se confunda

¿Qué sé yo? Que no va llorando
Que está mejor que nunca

Es Eden Muñoz, chiquitita

Me gustaba más mi yo de antes
La versión que no sobrepensaba
Que aunque me lastimaran bastante
Al otro día andaba como si nada

Me gustaba más mi yo de antes
El que nunca se sobreexigió
Tiene más miedos mi yo de ahora
Que los que tuvo mi niño interior

Me gustaba más mi yo de antes
Que el que camina bajo la lluvia
Pa’ que el agua le moje los ojos
Y hacer que la gente se confunda

¿Qué sé yo? Que no va llorando
Que está mejor que nunca
¿Por qué va llorando?
Nadie le pregunta

#EdenMuñoz #MiYoDeAntes

(C) 2026 Sony Music Entertainment México, S.A. de C.V. Bajo Distribución en Exclusiva por Eden Muñoz by EMC MUSIC, INC.",latin latin music musica en español mexico video video oficial video con letra lyric lyrics video video letra letra de la canción eden eden muñoz mi yo de antes canciones de banda musica de banda mi yo de antes eden muñoz la nena la nena eden muñoz Norteño,10,2026-02-06T00:00:06Z,350738,14907,618,MX
G1bqQW6mnp4,Palabreo Fino,"Provided to YouTube by TuStreams, LLC

Palabreo Fino · El Mentado Lino Hernandez

Palabreo Fino

℗ 2026 Corona Records inc dist. By TuStreams, LLC

Released on: 2026-02-06

Main Artist: El Mentado Lino Hernandez
Producer: El Mentado Lino Hernandez
Composer Lyricist: Elias Hernandez Arellano
Composer Lyricist: Hiniano Duran

Auto-generated by YouTube.",El Mentado Lino Hernandez Palabreo Fino,10,2026-02-05T10:03:57Z,15986,327,0,MX
fpXr8YmsLsw,Cris MJ - Botellita De Champagne (Video Oficial) | Las Filtradas,"Cris MJ - Botellita De Champagne (Video Oficial) | Las Filtradas
Listen here/Escúchala: https://sonarmusic.io/lasfiltradas

Más de Cris MJ:
Frozen: https://www.youtube.com/watch?v=4UAP3zjdWDY
Party MJ: https://youtu.be/xFk-hEF7wJo
ÉLITE: https://www.youtube.com/watch?v=MEnrTXVBN6Y
7 Trompetas: https://www.youtube.com/watch?v=QtbzQQxFHzA

Sigue a Cris MJ:
Instagram: https://www.instagram.com/cris_emejota/
Spotify: https://RIMAS.lnk.to/CrisMJSpotify
TikTok: https://www.tiktok.com/@crismjofficial1
Facebook: https://www.facebook.com/Elmasqkesuena

#CrisMJ #LasFiltradas #BotellitaDeChampagne",Cris MJ Latino Latina Reggaeton cris mj CRIS MJ chile ELMASKESUENA nueva música new music reggaeton EMEJOTA Chile Puerto Rico Chris eme jota emejota apocalipsis Las Filtradas Botellita Champagne,10,2026-02-06T19:00:06Z,283979,24507,1631,MX
GuJWjsGthoM,Milo J - Niño (Letra/Lyrics),"Milo J - Niño (Letra/Lyrics)

Follow Milo J:
https://www.instagram.com/milo.j
https://www.tiktok.com/@milo_j

Letra:

[Intro]
¿Cómo estarán en la ensenada, el viejo ceibal
Los jazmineros y orquídeas en flor?
Donde cantó dulcemente el zorzal
Quiero volver a contemplarme en tus ojos cambá
Y que me beses como te besé
Bajo la sombra del jacarandá

[Verso 1]
Niño, apoyate en mis recuerdos, intentá dormir en paz
Siento el peso en tu conciencia por el llanto de mamá
Vi que el miеdo al abandono no te deja respirar
Siеnto el nudo de tu panza cuando te hablan de papá
Niño, haz las paces con la vida, no es de piedra el pastizal
La nostalgia de tu antes no te deja caminar
¿Quién mató tu sonrisita de ilusión y de bondad?
Sé que te querés dormir pa' no volver a despertar

[Estribillo]
Amor, no llores, veo luz en tus males
Siguiéndote el corazón, bailando en un canto de zorzales

[Verso 2]
Niño, soy un hombre con tristeza, sé del peso en tu verdad
Escaparte por robar porque robás para cenar
Vi tus dedos en el barro con olor a libertad
Sé que te querés dormir pa’ no volver a despertar
Por el mundo vas de pillo con alma de caramelo
Vi la vida en tus nudillos y su odio en tus hoyuelos (Ah, ah, ah, ah)
Le rezaste a unos amigos, pues no todos van al cielo
Pero vos sos un grial

[Estribillo]
Amor, no llores, veo luz en tus males
Siguiéndote el corazón, bailando en un canto de zorza—
Amor, no llores, veo luz en tus males
Siguiéndote el corazón

[Verso 3]
Hijo, me robaron tus ojitos los momentos que perdí
Pedí tiempo a mi destino, y dijo: ""Hoy te toca a ti""
Sé que un día serás grande, sé que un día entenderás
Los consejos de tu viejo, estoy descansando en paz

Tags:
Milo J, Niño, Milo J Niño, Niño Milo J, Lyrics, Lyrics Niño, Milo J Niño Lyrics, Niño Milo J Lyrics, Milo J Lyrics, Niño Lyrics Milo J, Lyrics Milo J Niño, Lyrics Niño Milo J, Niño By Milo J, Latin Music, Amor no llores veo luz en tus males, Siguiéndote el corazón bailando en un canto de zorza, Niño songs, tiktok song, tiktok, Niño Milo J lyric video, lyric video, lyrical",ourmemoriestonight Milo J Niño Milo J Niño Niño Milo J Lyrics Lyrics Niño Milo J Niño Lyrics Niño Milo J Lyrics Milo J Lyrics Niño Lyrics Milo J Lyrics Milo J Niño Lyrics Niño Milo J Niño By Milo J Latin Music Amor no llores veo luz en tus males Siguiéndote el corazón bailando en un canto de zorza Niño songs tiktok song tiktok Niño Milo J lyric video lyric video lyrical,10,2026-02-05T12:30:33Z,54265,360,10,MX
8DUQ5vPcz9o,"The Warning, Carín León - Love To Be Loved (Official Video)","Download and stream: https://theWarning.lnk.to/LTBL 
 
The Warning: Three Sisters from Monterrey, México, Daniela (Lead Vocal, Guitar), Paulina (Drummer, Background Vocals), and Alejandra Villarreal (Bass, Background Vocals).
 
Follow The Warning
https://www.instagram.com/thewarningrockband 
https://www.tiktok.com/@thewarningrockband 
https://x.com/thewarningband2 
https://www.facebook.com/TheWarningRockBand 
Subscribe: https://theWarning.lnk.to/SignUp 
 
Support The Warning: www.patreon.com/thewarning  
On-tour: https://www.thewarningband.com 
Shop merch: https://theWarning.lnk.to/store 

Follow Carín León
https://www.instagram.com/carinleonoficial 
https://www.tiktok.com/@carinleonoficial 
https://www.facebook.com/carinleonoficial 

Lyrics: 
I don't need diamonds on my neck
Three courses on a jet
No million-dollar threads (no worries)

I don't need a condo on my wrist
550 on a Benz
No rich and famous friends (oh honey)

Damn I really hit the lotto lucky
On something you can’t buy with money
I don’t need my name on Forbes list
If it’s all up on your lips, there ain’t nothing I would miss

I just need love
To be loved, to be loved, to be loved by you (you)
I just need love
To be loved, to be loved, to be loved by you (you)

No, I’ll never be broke if I got my baby
Silver and gold no it ain’t gon’ save me

I just need love
To be loved, to be loved, to be loved by you (you)

I’m so tired of the chase
What difference does it make
It’s a bittersweet taste (no worry)

I would take begging over greed
And if it was up to me
You’d be all I ever need (oh honey)

This life is gonna buy me nothing
Without you it feels so numbing
Cause I don’t need pockets when they’re deep
And the talking when it’s cheap
It’s a hell you call a dream

I just need love
To be loved, to be loved, to be loved by you (you)
I just need love
To be loved, to be loved, to be loved by you (you)

No, I’ll never be broke if I got my baby
Silver and gold no it ain’t gon’ save me

I just need love
To be loved, to be loved, to be loved by you (you)

No money
No money
No problem
One look at my baby gon’ solve them

No money
No money
No problem
One look at my baby gon’ solve them

No money
No money
No problem
One look at my baby gon’ solve them

No money
No money
No problem
One look at my baby gon’ solve them

I just need love
To be loved, to be loved, to be loved by you (yeah)
I just need love
To be loved, to be loved, to be loved by you

No, I’ll never be broke if I got my baby
Silver and gold no it ain’t gon’ save me

I just need love
To be loved, to be loved, to be loved by you (loved by you)

No money
No money
No problem
One look at my baby will solve them

No money
No money
No problem
One look at my baby will solve them

Loved by you

Credits: 
Director: AJ Gómez
Producer: Roberto Niebla & Giselle Flores
Production Company: Groovy Chaos
Editor: AJ Gómez
 
#TheWarning #CarínLeón #LoveToBeLoved


Music video by The Warning, Carín León performing Love To Be Loved.© 2026 Republic Records a division of UMG Recordings Inc & Lava Music LLC",The Warning The Warning band Carin Leon Carín León Love to be Loved The Warning Carín León The Warning love to be loved Carín León love to be loved Warning Pau Dany Ale Paulina Daniela Alejandra Pau The Warning Dany The Warning Ale The Warning DPA The Warning DPA Pau Villarreal Dany Villarreal Ale Villarreal Keep Me Fed Las Wawas Disciples ERROR rock band rock music regional Mexican Carín Journey Don’t stop believing Hermosillo Sonora,10,2026-02-06T05:00:06Z,413610,35766,3187,MX
T1sBi64m1OU,Sin Maquillaje,"Provided to YouTube by Routenote

Sin Maquillaje · 4AMTapes · 4AMTapes · Amenazzy Don Miguelo

Sin Maquillaje

℗ 4AMTapes

Released on: 2025-11-22

Auto-generated by YouTube.",4AMTapes Amenazzy Don Miguelo Sin Maquillaje,10,2026-02-05T11:01:16Z,47288,656,6,MX
Ob7h4NEPfI4,Ay Que Bonita,"Provided to YouTube by TuStreams, LLC

Ay Que Bonita · Fer Leiva

Ay Que Bonita

℗ 2026 La tinta Bendita Récords dist. By TuStreams, LLC

Released on: 2026-02-05

Main Artist: Fer Leiva
Producer: Fer Leiva
Composer Lyricist: Rotsen Alvarez Corrales

Auto-generated by YouTube.",Fer Leiva Ay Que Bonita,10,2026-02-04T10:04:17Z,15890,1210,0,MX
ZPkdaWrv-vo,Hombre De Piedra,"Provided to YouTube by The Orchard Enterprises

Hombre De Piedra · El Bebeto · José Fernando Dávila Ortíz · Jorge carlos Vélez Solano

Hombre De Piedra

℗ 2026 Anval Music

Released on: 2026-02-06

Producer: Luciano Luna
Music Publisher: Anval Music

Auto-generated by YouTube.",El Bebeto José Fernando Dávila Ortíz Jorge carlos Vélez Solano Hombre De Piedra,10,2026-02-05T10:04:43Z,10883,217,0,MX
PZ2NzLykQLk,Bronco - A Qué Le Tiramos | Letra,"🎶 Bronco - A Qué Le Tiramos
🔗 Escúchala / Mira el video oficial: https://youtu.be/LTJhYX00aho

❤️ Sigue toda la música de MUSICANA en nuestra playlist de Spotify:
https://spti.fi/fhSgCvE 

🎤 Lyrics/Letra de "" A Qué Le Tiramos ""

Vamos a ponernos de acuerdo me interesa contigo
La reconciliación
Siento que también tu me extrañas
Que tampoco has tenido paz
En tu corazón
A que le tiramos si te quiero y me quieres
Si no puedo olvidarte
Si mi ausencia te hiere
A que le tiramos corazón a donde vamos
Si no hemos podido
Vivir separados
A que le tiramos corazón si tu me amas
Si te llevo en la sangre
Si entre sueños me llamas
A que le tiramos corazón a donde vamos
Si no hemos podido

Vivir separados
Todo lo hemos intentado con otros amores
No pudimos triunfar
Vamos empecemos de nuevo
Por favor no recuerdes lo que nos hizo mal
A que le tiramos si te quiero y me quieres
Si no puedo olvidarte
Si mi ausencia te hiere
A que le tiramos corazón a donde vamos
Si no hemos podido
Vivir separados
A que le tiramos corazón si tu me amas
Si te llevo en la sangre
Si entre sueños me llamas
A que le tiramos corazón a donde vamos
Si no hemos podido
Vivir separados
.........

» Bronco
• https://www.instagram.com/grupobronco/
• https://www.facebook.com/grupobronco/
• https://www.tiktok.com/@grupobronco
• https://www.youtube.com/channel/UCmXveBEdi2vv42Qs3sQYkow
 
Tags:
#bronco #aqueletiramos #letra #lyrics #musicana #regionalmexicano #bandamexicana",Bronco - A Qué Le Tiramos lyrics letra latin Bronco - A Qué Le Tiramos | Letra bronco mexican umle (letra),10,2026-02-03T16:00:40Z,10517,37,0,MX
I9gsY4JL0zM,Caifanes  - Viento (Lyrics),"❤️ Escuchá la lista completa de Baladas Latinas (Lyrics) acá:
      https://youtube.com/playlist?list=PLwSMkcfPQbd_I_BZqRA2ZDV2caMKYguwi&si=nhtTM2wtk2-niWsc  
 🔥🎶

¿Cuál querés que subamos después? 👇

If you liked this song, don't forget to like it and subscribe to receive more content, and help us keep sharing the best music. ¡This is Two Souls Retro!

¡ Follow us in TikTok ! 👉   / two.soulsretr.  .

¿What song would you like to be next?

Lyrics:
Préstame tu peine
Y péiname el alma
Desenrédame
Fuera de este mundo
Dime que no estoy
Soñándote
Enséñame
De qué estamos hechos
Que quiero brincar planetas hasta ver uno vacío
Que quiero irme a vivir, pero que sea contigo
Viento, amárranos
Tiempo, detente muchos años
Viento, amárranos
Tiempo, detente muchos años
Préstame tu peine
Y péiname el alma
Purifícame
No me abandones
Préstame tu sueño
Y duérmeme
Embrújame
Volvámonos eternos
Que quiero brincar planetas hasta ver uno vacío
Que quiero irme a vivir, pero que sea contigo
Viento, amárranos
Tiempo, detente muchos años
Viento, amárranos
Tiempo, detente muchos años
Viento, amárranos
Tiempo, detente muchos años
Viento",viento caifanes,10,2026-02-02T13:30:00Z,35730,78,1,MX
yxvt3I1ymrM,Ariis - GOZALO (Lyrics),"Subscribe and press (🔔) to join the Notification Squad and stay updated with new uploads

Follow Ariis:
https://www.instagram.com/ariismusic

Lyrics:

[Chorus]
Báilalo, gózalo, como lo canto y lo siento yo (¿Y cómo?)
Báilalo, gózalo, como lo canto y lo siento yo (¿Y cómo?)
Báilalo, gózalo, como lo canto y lo siento yo (¿Y cómo?)
Báilalo, gózalo, como lo canto y lo siento yo (¿Y cómo?)

[Post-Chorus]
Tikitikitiki, takatakataka
Garanguntacareca, garangungatirica
Tikitikitiki, takatakataka
Garanguntacareca, garangungatirica
Tikitikitiki, takatakataka
Garanguntacareca, garangungatirica
Tikitikitiki, takatakataka
Garanguntacareca, garangungatirica

[Refrain]
Cubacumbucumbada, cubacumbucumbada
Cubacumbucumbada, cubacumbucumbada
Cubacumbucumbada, cubacumbucumbada
Cubacumbucumbada, cubacumbucumbada
Cubacumbucumbada, cubacumbucumbada
Cubacumbucumbada, cubacumbucumbada
Cubacumbucumbada, cubacumbucumbada
Cubacumbucumbada, cubacumbucumbada
Cuba

[Chorus]
Báilalo, gózalo, como lo canto y lo siento yo (¿Y cómo?)
Báilalo, gózalo, como lo canto y lo siento yo (¿Y cómo?)
Báilalo, gózalo, como lo canto y lo siento yo (¿Y cómo?)
Báilalo, gózalo, como lo canto y lo siento yo (¿Y cómo?)

[Post-Chorus]
Tikitikitiki, takatakataka
Garanguntacareca, garangungatirica
Tikitikitiki, takatakataka
Garanguntacareca, garangungatirica
Tikitikitiki, takatakataka
Garanguntacareca, garangungatirica
Tikitikitiki, takatakataka
Garanguntacareca, garangungatirica

[Refrain]
Cubacumbucumbada, cubacumbucumbada
Cubacumbucumbada, cubacumbucumbada
Cubacumbucumbada, cubacumbucumbada
Cubacumbucumbada, cubacumbucumbada
Cubacumbucumbada, cubacumbucumbada
Cubacumbucumbada, cubacumbucumbada
Cubacumbucumbada, cubacumbucumbada
Cubacumbucumbada, cubacumbucumbada
Cuba

Tags
Ariis, GOZALO, Ariis GOZALO, GOZALO Ariis, Lyrics, Lyrics GOZALO, Ariis GOZALO Lyrics, GOZALO Ariis Lyrics, Ariis Lyrics, GOZALO Lyrics Ariis, Lyrics Ariis GOZALO, Lyrics GOZALO Ariis, GOZALO By Ariis, tiktok song, tiktok, tiktok remix, GOZALO song, Ariis songs, musica viral tiktok 2026, GOZALO tiktok, Báilalo gózalo, Como lo canto y lo siento yo, Báilalo gózalo como lo canto y lo siento yo, Cubacumbucumbada, Tikitikitiki takatakataka, Garanguntacareca garangungatirica, lyric video, viral phonk,",Ariis GOZALO Ariis GOZALO GOZALO Ariis Lyrics Lyrics GOZALO Ariis GOZALO Lyrics GOZALO Ariis Lyrics Ariis Lyrics GOZALO Lyrics Ariis Lyrics Ariis GOZALO Lyrics GOZALO Ariis GOZALO By Ariis tiktok song tiktok tiktok remix GOZALO song Ariis songs musica viral tiktok 2026 GOZALO tiktok Báilalo gózalo Como lo canto y lo siento yo Báilalo gózalo como lo canto y lo siento yo Cubacumbucumbada Tikitikitiki takatakataka Garanguntacareca garangungatirica phonk,10,2026-02-03T11:31:06Z,65481,303,7,MX
GOeIOmETj_A,Cuando te Vayas,"Provided to YouTube by The Orchard Enterprises

Cuando te Vayas · Eugenia León

Cuando te Vayas

℗ 2025 Eugenia León

Released on: 2026-01-23

Producer: Rosino Serrano
Producer: Fernando de Santiago
Recording Engineer, Arranger: Fernando De Santiago
Recording Engineer, Mixing Engineer: Juan Sosa
Mastering Engineer: Luis Felipe Herrera
Music Publisher: SACM

Auto-generated by YouTube.",Eugenia León Cuando te Vayas,10,2026-01-22T10:02:30Z,11434,208,14,MX
gGJV49-BqCo,Lonchesito,"Provided to YouTube by Symphonic Distribution

Lonchesito · JR Dominguez

Lonchesito

℗ 2026 Élite Music

Released on: 2026-01-15

Producer: Josue Balderrama
Composer: LAURO COSTICH DOMÍNGUEZ

Auto-generated by YouTube.",JR Dominguez Lonchesito,10,2026-01-14T10:04:34Z,96881,1455,0,MX
_HrVGATxL0g,Fuerza Regida - CHAVALITAS (Letra),"Si te gusto video, dale like. y no olvides suscribirte
[Verso 1]
Y una chamarrita cuero Paz bien fancy
Y una chavala que me diga ""papi""
Y una gabacha que me diga ""fuck me""
Y una que la vean pelada y no está fácil
Ah, qué pinche rachita tengo con las putas
La que no es puta tampoco disfruta

[Coro]
Y otra vez en la pinche loquera
Y otra güera alemana se encuera bien
Bien buena se ve la cena
Y otra vez que me perdí entre perras
Y otra vez que me gasté una feria en ti
No pesa, por ti, mi reina

[Interludio]
Fuerza Regida
Jaja
Ya se la saben, pa' que se la cue'

[Verso 2]
Y una que pretende y finge estar conmigo
Se imagina darme besitos al oído
Qué buen gusto, pues te gustan bonitos
Y una más bonita y la otra pa'l olvido
Ya te di un Cartier y ahora te compro una casa
No digas nada, quédate callada

[Coro]
Y otra vez en la pinche loquera
Y otra güera alemana se encuera bien
Bien buena se ve la cena
Y otra vez que me perdí entre perras
Y otra vez que me gasté una feria en ti
No pesa, por ti, mi reina

[Outro]
Ey, ey
¿Qué rollo, morrita?
Ey
Y otra vez en la pinche loquera
Brr

#FuerzaRegida #latin #latinpop #CHAVALITAS #111XPantiaAlbum",latin pop latin fuerza regida 111x pantia fuerza regida album chavalitas fuerza regida chavalitas letra fuerza regida chavalitas audio fuerza regida chavalitas tiktok,10,2026-02-04T23:00:06Z,346674,386,5,MX
RaauJuVPrDk,"KAROL G, Quevedo - Pero Tú (Letra/Lyrics)","Welcome to RegionalOnly!

Enjoy the best regional lyrics videos and sing along to your favorite songs. Make sure to subscribe and hit the bell icon 🔔 to never miss an update.

Follow KAROL G:
  / karolg  
  / karolg  
  / karolg  

Follow RegionalOnly: 
https://www.instagram.com/musiconly.ig
https://open.spotify.com/playlist/6E9u71DQpnez4VsyGPuIpS

Letra:

[Letra de ""PERO TÚ""]

[Intro: Quevedo & KAROL G]
Ey, perdón la hora
Solo quería decirte que
Lo que me pasó contigo no me pasaba hace mucho
Me llamó a las dos que se había desvela'o
De intentar olvidarme se había olvida'o
Terminamo' en el carro haciéndolo
Y al terminar dibujamos corazone' en el vaho

[Coro: Quevedo & KAROL G]
Pero tú-tú-tú, con esa actitud-tud-tud
Me tiene' envuelto en el booty y ese tattoo (Yeah, yeah, yeah)
Cuando no puedo aguantar na' má', mami, siempre estás tú, yeah
Esperándome para apagar la lu'
¿Cómo olvidar lo que hicimos?
Entre blone' y botellas de vino
Soltándome el pelo, tú mirándome me desvisto
Y si te queda', lo que quiera' yo te cocino

[Post-Coro: Quevedo & KAROL G]
Mami, tú me tiene' mal
Quiero tenerte de frente
Pa' que me diga' cómo se siente
Cuando estoy ausente
Aunque sé que te tiene mal
Que otros babie' me tienten
Pero pa' mí es indiferente
Tú ere' el único diferente

[Verso 1: Quevedo]
Me tiene' mal, pero me lo hace' tan bien
Que voy a hacer que ese culo se siente en una Cayenne
Aunque sea' una psycho, por ti exploto la Cartier
Disfrútate el presente y olvídate del ayer
Que ayer to's cometemo' errore'
Si no, mira mis anteriore'
Disfrutemo' del momento antes que todo se evapore
Y aunque no esté en romance, sí quiero que te enamore'
Y que mi cuarto de ropa interior decore'

[Verso 2: KAROL G]
Este cuerpito de jean
Papi, estas curvas no tienen fin
Y aunque no me llamo Ivy, hoy yo quiero ser tu queen, ey
Tan solo me llama', papi, solo envía el PIN
Nos peleamo' en la cama y la usamo' como un ring

[Coro: KAROL G & Quevedo]
Pero tú-tú-tú, con esa actitud-tud-tud
Te tengo envuelto con el booty y ese tattoo
Cuando no puedo aguantar na' má', papi, siempre está' tú, ey
Esperándome para apagar la lu'
¿Cómo olvidar lo que hicimo'?
Entre blone' y botellas de vino (Papi, yo te—, ah)
Soltándote el pelo, quitándote el panty Moschino
Y si te queda' a dormir, lo que quieras te cocino

[Post-Coro: Quevedo & KAROL G, Quevedo]
Mami, tú me tienes mal
Quiero tenerte de frente
Pa' que me diga' cómo se siente
Cuando estoy ausente

[Outro]
O-O-Ovy On The Drums

Tags
KAROL G Pero Tu, Quevedo Pero Tu, KAROL G Quevedo, Pero Tu letra, Pero Tu lyrics, Pero Tu KAROL G, Pero Tu Quevedo, KAROL G Pero Tu letra,
KAROL G Pero Tu lyrics, Quevedo Pero Tu letra, latin pop songs, latin music 2025, reggaeton songs

#KarolG #Quevedo #PeroTu #PeroTuLyrics #PeroTuLetra #LatinMusic #SpanishSongs #LyricsVideo",RegionalOnly KAROL G Pero Tu Quevedo Pero Tu KAROL G Quevedo Pero Tu letra Pero Tu lyrics Pero Tu KAROL G Pero Tu Quevedo KAROL G Pero Tu letra KAROL G Pero Tu lyrics Quevedo Pero Tu letra latin pop songs latin music 2025 reggaeton songs,10,2026-02-06T13:30:38Z,122919,265,2,MX
GbY3U-Lz5gs,Donde Aún Te Nombro,"Provided to YouTube by DistroKid

Donde Aún Te Nombro · Layah Noir · Fernando Zamora Navarrete

Donde Aún Te Nombro

℗ 10722238 Records DK

Released on: 2026-02-04

Auto-generated by YouTube.",Layah Noir Fernando Zamora Navarrete Donde Aún Te Nombro,10,2026-02-04T22:53:59Z,20917,656,7,MX
zv5n5deixWU,"Fuerza Regida, Grupo Marca Registrada - Modo Maldito (Letra/Lyrics)","Fuerza Regida, Grupo Marca Registrada - Modo Maldito
🎧 Listen/Download: https://open.spotify.com/track/2VmeNiaRsq0Z2gcMcQvHb8
🔔 Subscribe to get updates on new uploads!

➡️ Fuerza Regida
https://open.spotify.com/artist/0ys2OFYzWYB5hRDLCsBqxt
https://www.instagram.com/fuerzaregida

➡️ Grupo Marca Registrada
https://open.spotify.com/artist/1gW6pz5n1aK249L0GvfQCC
https://www.instagram.com/grupomarcaregistrada1

📲 Connect with SoundKream: 
http://soundkream.io

Follow us on Spotify: 
http://spotify.soundkream.io

🎤 Lyrics:

Todos lo han vivido, soñado de niño, batearle macizo
Gracias a Diosito que yo sigo vivo, varios ya se han ido
Voy poco a poquito, sin hacerle ruido, paso precavido
El árbol, camino y hay muchos amigos llegando al destino
Pónganse bien truchas porque los atrasa, sé lo que les digo
La ambición les gana, por poco o más lana, quieren darte piso
Quisieron caerme y a todos mis plebes les di buen equipo
Con pechera y armas, en trocas blindadas, pa' que salgan vivos
Hazañas marcadas, hay para contarlas, si quieren, un libro
Espérense tantito y ahorita les digo, préndanse un gallito
¡Ahuevo, viejo!
¡Otro pedo!
Y así suena La Marca Registrada
A todos se lleva, mejor no se duerma, pónganse más vivos
Llega la calaca, fuerte los atrasa, escuchen lo que digo
Ni sus brujerías, tanta mala vibra, no pueden conmigo
Quieren detenerme y eso no se puede, por más que han querido
Con un buen suspiro, el corazón activo, las calles transito
Y esto se los digo porque lo he vivido, no son cuentos chinos
El jale en que yo ando me tiene alterado y en modo maldito
Y uno de las hadas siempre me relaja, me tiene tranquilo
Si quieren conocerme, pregunte a su gente, les maté a su equipo
Se la pegan de bravos, pero, en el infierno, están todos juntitos

🏷 Tags:
# # #",fuerza regida × marca registrada - modo maldito fuerza regida ft marca registrada - modo maldito fuerza regida & marca registrada modo maldito letra modo maldito fuerza regida & marca registrada letra modo maldito marca registrada fuerza regida letra modo maldito fuerza regida × marca registrada fuerza regida & marca registrada modo maldito lyrics fuerza regida marca registrada modo maldito fuerza regida Grupo Marca Registrada Modo Maldito letra Modo Maldito letra lyrics,10,2026-02-04T01:00:00Z,15290,36,1,MX
AMJHy-j7kuQ,Hard Parade,"Provided to YouTube by Lucille AB

Hard Parade · LiterallyMe · LiterallyMe · Díaz Pablo

Hard Parade

℗ LiterallyMe under exclusive license to RUN Inc.

Released on: 2024-12-18

Auto-generated by YouTube.",LiterallyMe Díaz Pablo Hard Parade,10,2026-02-03T08:48:27Z,189244,3016,0,MX
CCctODPmfYA,Sin Fin,"Provided to YouTube by Cash Gold Records Group Inc.

Sin Fin · Chuyin

Sin Fin

℗ 2026 Street Mob Records | A.T.B.

Released on: 2026-02-06

Main Artist: Chuyin
Producer: Chuyin
Producer: Meñostyle
Producer: Moises Lopez
Composer Lyricist: Chuyin
Composer Lyricist: José Ignacio Hernández
Music Publisher: Street Mob ENT

Auto-generated by YouTube.",Chuyin Sin Fin,10,2026-02-06T05:03:01Z,153449,4590,0,MX
Rdrdn0iioAg,The Neighbourhood — Daddy Issues (Sub. Español / Lyrics),"The Neighbourhood — Daddy Issues
Español / Lyrics ✨

╰► 𝗕𝗔𝗦𝗜𝗖 𝗜𝗡𝗙𝗢 ❥
The Neighbourhood - Daddy Issues
Released 27/10/2015
From the album ""Wiped Out!""
#TheNeighbourhood #alternative #rock #indie #indiepop #daddyissues

🌅 Imagen de fondo: https://mx.pinterest.com/pin/628744798021253493/

💿 Sigue al artista: (Redes sociales aquí)
Artist Socials:
Facebook: https://TheNeighbourhood.lnk.to/followFI
Spotify: https://TheNeighbourhood.lnk.to/followSI
Twitter: https://TheNeighbourhood.lnk.to/followTI
Site: https://TheNeighbourhood.lnk.to/followWI
Instagram: https://TheNeighbourhood.lnk.to/followII
Youtube: https://TheNeighbourhood.lnk.to/subscribeYD
Apple Music: https://music.apple.com/us/artist/the-neighbourhood/219350813
Soundcloud: https://soundcloud.com/theneighbourhood

🍃 Sígueme a mí (chi?)
Instagram: https://www.instagram.com/richii.almazan/
Canal Principal:
____________________________________

Lyrics de la canción :D
[Verse 1]
Take you like a drug
I taste you on my tongue

[Pre-Chorus]
You ask me what I'm thinking about
I tell you that I'm thinking about
Whatever you're thinking about (Ah)
Tell me somethin' then I'll forget
And you might have to tell me again
It's crazy what you do for a friend

[Chorus]
Go ahead and cry, little girl
Nobody does it like you do
I know how much it matters to you
I know that you got daddy issues
And if you were my little girl
I'd do whatever I could do
I'd run away and hide with you
I know that you got daddy issues, and I do too

[Verse 2]
I tried to write your name in the rain
But the rain never came
So I made with the sun
The shade
Always comes at the worst times (Ah)

[Pre-Chorus]
You ask me what I'm thinking about
I tell you that I'm thinking about
Whatever you're thinking about
Tell me somethin' then I'll forget
And you might have to tell me again
It's crazy what you do for a friend

[Chorus]
Go ahead and cry, little girl
Nobody does it like you do
I know how much it matters to you
I know that you got daddy issues
And if you were my little girl
I'd do whatever I could do
I'd run away and hide with you
I know that you got daddy issues

[Bridge]
I keep on tryin' to let you go
I'm dyin' to let you know
How I'm getting on
I didn't cry when you left at first
But now that you're dead it hurts
This time I gotta know
Where did my daddy go?
I'm not entirely here
Half of me has disappeared

[Breakdown]
Go ahead and cry, little boy
You know that your daddy did too
You know what your mama went through
You gotta let it out soon, just let it out

[Chorus]
Go ahead and cry, little girl
Nobody does it like you do
I know how much it matters to you
I know that you got daddy issues
And if you were my little girl
I'd do whatever I could do
I'd run away and hide with you
I know that you got daddy issues, and I do too

[Outro]
If you were my little girl
I'd do whatever I could do
I'd run away and hide with you
I know that you got daddy issues, and I do too
____________________________________

Tags 🧃✨
letra, español, traducido al español. lyrics, letra español, traducción
música, mix, canciones mix, indie, alternativo, canciones tristes, vibes, musica 2026, The Neighbourhood — Daddy Issues, daddy issues, indie, musica para llorar porque estas triste, indie music, para dedicar mix
canciones playlist, canciones para llorar, canciones tranquilas, canciones con traducción, canciones de rock, canciones pop, richie lyrics, indie lyric videos, alternative rock lyrics, youtube recomiendame porfa.

The Neighbourhood — Daddy Issues ;español
The Neighbourhood — Daddy Issues ;traducción español
The Neighbourhood — Daddy Issues ;lyrics
The Neighbourhood — Daddy Issues ;mix playlist

______________________________________

💬 Coméntame algo lindo:)
🎶 Sugerencias escríbelas en los comentarios o en mi instagram 
🌙 Like si esta canción te gusto y te tocó el corazón

Gracias por ver 🧃",lyrics lyric video letra oficial music with lyrics subtitulado subtitulado al español video lyrics canciones virales trending music 2026 estrenos musicales canciones del momento mix The Neighbourhood — Daddy Issues The Neighbourhood — Daddy Issues (Sub. Español / Lyrics) Daddy Issues The Neighbourhood The Neighbourhood — Daddy Issues (Sub. Español The Neighbourhood — Daddy Issues ;lyrics ndie music para dedicar mix canciones playlist canciones para llorar,10,2026-02-04T19:11:06Z,110234,462,2,MX
niKjIfX2Hq0,La Bestia - Nuco [Video Oficial] @ElStreetMx ,"Escucha a Nuco en todas las plataformas digitales 


Redes Sociales
https://www.instagram.com/Nuco_ngb
https://www.facebook.com/Nuco0
https://www.facebook.com/NucoTheMaster/

Beat Creado por: @ElStreetMx

#Brasil #Favelas #Nuco",nuco nuco 2019 rap hip hop rap 2019 hip hop 2019,10,2026-02-07T01:00:07Z,22279,1851,119,MX
J6FEO3ZqFpI,"LOS MEJORES GRUPOS NORTEÑOS 🔴 Invasores, Ramón, Lalo, Tigres, Cardenales 🔥 MIX LEGENDARIO","🪗 LOS 5 GRUPOS NORTEÑOS MÁS GRANDES - MIX LEGENDARIO 🔥

El mejor mix con los 5 grupos norteños más legendarios: Los Invasores de Nuevo León, Ramón Ayala, Lalo Mora, Los Tigres del Norte y Cardenales de Nuevo León. Puras norteñas perronas que nunca pasan de moda.

🎵 Artistas incluidos:
⚡ Los Invasores de Nuevo León
🪗 Ramón Ayala - El Rey del Acordeón
👑 Lalo Mora - El Rey de Mil Coronas
🐯 Los Tigres del Norte
🃏 Cardenales de Nuevo León

✓ Los mejores éxitos norteños
✓ Puras rolas perronas para pistear
✓ 5 grupos legendarios en un video
✓ Música norteña de la buena

🔔 SUSCRÍBETE para más música norteña
👍 DALE LIKE si amas estos grupos
💬 COMENTA cuál es tu grupo favorito

#LosInvasores #RamonAyala #LaloMora #LosTigres #Cardenales

━━━━━━━━━━━━━━━━━━━
Los 5 reyes del género norteño
© Todos los derechos reservados",los invasores de nuevo leon ramon ayala lalo mora los tigres del norte cardenales de nuevo leon musica norteña grupos norteños norteñas perronas norteñas con acordeon musica mexicana regional mexican music norteñas clasicas grupos norteños legendarios mix norteño norteñas para pistear norteñas viejitas musica regional mexicana norteñas de oro acordeon norteño norteñas famosas,10,2026-02-07T22:00:59Z,9521,40,1,MX
MJ-09suMe_E,La Mujer del Pelotero,"Provided to YouTube by MC Music

La Mujer del Pelotero · Ángel DR

La Mujer del Pelotero

℗ 2026 MC Music

Released on: 2026-02-06

Mastering Engineer: Jorge Lizárraga
Unknown: Ángel DR
Producer: Emmanuel Delgado
Composer: Ramón Glass
Composer: Yoandys Lores González

Auto-generated by YouTube.",Ángel DR La Mujer del Pelotero,10,2026-02-05T10:04:52Z,18117,1271,0,MX
dsHBlqmKtbU,Sobrenatural,"Provided to YouTube by ONErpm

Sobrenatural · Conjunto Rio Grande

Sobrenatural

℗ ARA MUSIC

Released on: 2026-02-06

Composer Lyricist: Adrian Armendariz
Composer Lyricist: Martin Gil
Studio Producer: Manuel Aranda Canales
Mixing Engineer: Danny Zapata
Mastering Engineer: Danny Zapata
Production Assistant: Jorge Hernandez

Auto-generated by YouTube.",Conjunto Rio Grande Sobrenatural,10,2026-02-05T10:04:09Z,13506,377,9,MX
k7y5eOwSRSw,Chayanne - Bailando Bachata (Letra/Lyrics),"♫ Chayanne - Bailando Bachata (Letra/Lyrics)
⭐ Download/Stream: 

🎤 Letra: Chayanne - Bailando Bachata 

[Intro]
Uh, woh
[Verso 1]
Qué suerte la mía
Que puedo verte al despertarme cada día
Y cuando viajo se me da por extrañarte
Tengo en mi cartera tu fotografía

[Pre-Coro]
No sé qué tienen tus ojos, tus labios, tu piel
Que nunca se acaba esta luna de miel
[Coro]
Somos la copa y el vino
Tú y yo vamos juntos desde que nos vimos
Subimos, bajamos, lloramos, reímos
Y es que contigo, mi amor, 
todo me sabe mejor
Somos como una fogata

Quemamos la noche bailando bachata
La gente no entiende qué rayos me pasa
Y es que contigo, mi amor, 
todo me sabe mejor
Solo quiero tu sabor

[Verso 2]
Desde esa noche que nos probamos
Nos dimos gusto y más nunca nos despegamos
Después de tanto tiempo mira dónde estamos
Seguimos juntos y así nos quedamos

Porque llegaste para quedarte
Y ahora sin ti no voy a ninguna parte
Que ponga música, que hoy quiero bailarte
Dile al DJ que toque ""Humanos a Marte""
[Pre-Coro]
¿Qué tienen tus ojos, tus labios, tu piel?
Que nunca se acaba esta luna de miel

[Coro]
Somos la copa y el vino
Tú y yo vamos juntos desde que nos vimos
Subimos, bajamos, lloramos, reímos
Y es que contigo, mi amor, 
todo me sabe mejor

Somos como una fogata
Quemamos la noche bailando bachata
La gente no entiende qué rayos me pasa
Y es que contigo, mi amor, 
todo me sabe mejor
Solo quiero tu sabor

#chayanne #bailandobachata #letra #arcademusic 

Tags:
chayanne bailando bachata,bailando bachata chayanne,chayanne bailando bachata letra,bailando bachata chayanne lyrics,chayanne bailando bachata lyrics,bailando bachata chayanne letra, chayanne - bailando bachata,chayanne bailando bachata letra lyrics,bailando bachata letra chayanne,chayanne bailando bachata letras,letra chayanne bailando bachata",chayanne chayanne bailando bachata bailando bachata chayanne chayanne bailando bachata letra bailando bachata chayanne lyrics chayanne bailando bachata lyrics bailando bachata chayanne letra chayanne - bailando bachata chayanne bailando bachata letra lyrics bailando bachata letra chayanne chayanne bailando bachata letras letra chayanne bailando bachata chayanne letra bailando bachata letra bailando bachata chayanne letra lyrics trending latin hits latin pop,10,2026-02-02T14:30:45Z,118244,204,0,MX
c4FfcwEooXk,José José - Lo Que No Fue No Será | Letra,"Gracias por ver mis vídeos. ♥ 

🎶 Sigue la lista de reproducción oficial de Dual Dance en Spotify: https://spti.fi/DfAsOal

• José José •
https://www.facebook.com/OficialJoseJose/?locale=es_LA
https://www.youtube.com/channel/UCSPwNgHHyAtHanVaGN2LLWA
https://www.instagram.com/josejoseoficial/?hl=es
 
♪ Letra / Lyrics: José José - Lo Que No Fue No Será 

[Verso 1]
En tus manos yo aprendí a beber agua
Fui gorrión que se quedó preso en tu jaula
Porque yo corté mis alas
Y el alpiste que me dabas
Fue tan poco y sin embargo yo te amaba

Fue mi canto para ti siempre completo
Sin ti no pude volar en otro cielo
Pero me dejaste solo
Confundido y olvidado
Y otra mano me ofreció el fruto anhelado

[Coro]
Lo que un día fue no será
Ya no vuelvas a buscarme
No tengo nada que darte
De tu alpiste me cansé

Vete a volar a otro cielo
Y deja abierta tu jaula
Tal vez otro gorrión caiga
Pero dale de beber

[Verso 2]
Déjame encender la luz, no quiero nada
Si esto hubiera sido ayer, lo tomaría
La primera vez que ofreces
Para que yo aquí me quede
Pero sin amarte ya, qué ganaría

[Coro]
Lo que un día fue no será
Ya no vuelvas a buscarme
No tengo nada que darte
De tu alpiste me cansé

Vete a volar a otro cielo
Y deja abierta tu jaula
Tal vez otro gorrión caiga
Pero dale de beber

#josejose #loquenofuenosera #letra #lyrics #dualdance #latinmusic #pop",José José - Lo Que No Fue No Será | Letra jose jose grandes exitos lo que no fue no sera jose jose lo que no fue no sera lo que no fue no sera jose jose lo que no fue no sera video jose jose lo que no fue no sera video jose jose lo que no fue no sera lyrics jose jose lo que no fue no sera letras lo que no fue no sera jose jose letra jose jose lo que no fue no sera letra jose jose - lo que no fue no sera letra lo que un dia fue no sera lo que no fue no sera letras,10,2026-02-02T18:00:57Z,46662,108,3,MX
sXY-e_2x6pw,"Dalex - Bellaquita Remix (Letra) ft. Lenny Tavárez, Anitta, Natti Natasha, Farruko, Justin Quiles","Bellaquita Remix - Dalex,  Lenny Tavárez, Anitta, Natti Natasha, Farruko, Justin Quiles (Letra/Lyrics)

Mira el vídeo oficial: https://www.youtube.com/watch?v=LpbrbTPjp4A

🎧Sigue a Dalex:
https://www.youtube.com/channel/UCeSCejKJS0W4LTptFuBYU0g

📢 No olvides suscribirte al canal para más lyrics de tus canciones favoritas 🔔

Letra de la canción:
Han pasa'o días y yo sigo pensándote ahora (Ahora)
Son las tre' y media de la mañana y sé que quieres ahora (Quieres ahora; yeih)
A mí me gusta cuando baja downtown
(Yo soy adicto de ti, estoy envicia'o)
A ti te gusta cuando bajo downtown
(This is the remix)

Te invito a comer
El amor me queda riquísimo (Riquísimo)
Preparé ya el plato explícito (Explícito)
Vas a probar y volver y nos vamo' a envolver
Es una cosa de locos
Cómo ese culo me tiene envicia'o
Desde que lo hicimos me quedé juquea'o
Tus gemidos se quedaron graba'os en mi mente

Dime si estás puesto, papi, pa' esta noche
Quiero que me quite' este pantycito Dolce (Yah)
Dime si estás puesto, papi, pa' esta noche
Que yo quiero darte (Yeih)
¡Remix!

Ponte encima de mí, bellaquita
No calles lo que sientes y grita
Que los vecinos se enteren
Y si llegan los guardia', que esperen
Que sepan quién es tu hombre
Que los vecinos se aprendan mi nombre
Ponte encima de mí, bellaquita
No calles lo que sientes y grita (Vamo' a darle ahí)
Que los vecinos se enteren (Enteren)
Y si llegan los guardia', que esperen (Esperen)
Que sepan quién es tu hombre (Laramercy gang)
Que los vecinos se aprendan mi nombre

(Pri-yah-yah-yah, ¡Farru!)
Se, se, se-se-se te nota en la cara, ma', yo sé que estás bellaca (¡Blep!)
Te pusiste el baby doll de Victoria Secret en la taca
Trépateme encima, vamo' hacerlo en la butaca
Vampira llego Van Helsing y vo'a clavarte la estaca (Pu-pu-pum)
Ella gritó y despertó a lo' vecino' (Oh)
Llamaron los guardia' cuando ella se vino
Quieren tumbar la puerta, pero brother, así no (No)
Señor oficial, no sabe en lo que intervino, oh

(Anitta)
Ven, papi, ven, que te tengo una cosita
Ya le di cariño pa' que esté suavecita (Suavecita)
Tú le da' lo que ella necesita
Dame duro, duro, ponme a gritar
A ti te gusta cuando bajo downtown
Te pone bellaco cuando soy underground (-ground)
De las que le dan hasta abajo y no se quitan
Porque en Brasil todas son unas bellaquita' (Bellaquita')
(This is the remix)

Tú me pones a mí bellaquita
En la cama yo soy tu loquita
Que los vecinos se enteren (Enteren)
Y si llegan los guardia', que esperen (Esperen)
Que sepan quién es tu hombre
Que los vecinos se aprendan mi nombre

Mi bellaquita, bellacona (Bellacona)
Tu mamita me la hizo culona (Culona), ah
Y yo le puse Griselda Blanco
Porque chinga como la patrona (Patrona), sí (Ey)
De su combito ella es la líder, lo' panty Tommy Hilfiger
Yo grabando con el digger y si paro dice: ""Sigue""
Se pone caliente como actriz de porno
Me llama y me usa,  me encanta el soborno

(Baby)
Siempre que tú quiere', pa', yo no te pongo excusa'
Dile a los vecino' que no nos dañen la musa
Criminal, cri-criminal
Ponme las esposa', que soy tu criminal (Juquear)
Por ti cometo el delito que tú quiera', baby (Yah, yah, yah)
Tú solo me mira' y yo me pongo horny (Yah)
Tu actriz de porno, to'as las pose' que quieras en la cama
(En la cama; en la cama; en la cama)

Ponte encima de mí, bellaquita
No calles lo que sientes y grita
Que los vecinos se enteren (Enteren)
Y si llegan los guardia', que esperen (Esperen)
Que sepan quién es tu hombre
Que los vecinos se aprendan mi nombre (Uh-yeh)

Señor oficial, yo la puse a gritar
No hizo nada malo, pero la tuve que castigar (Castigar)
Tiene carita de que no falla a una misa (Misa)
Pero le encanta bellaquear bajo la frisa (Frisa)
Y mi único delito fue comerme ese culito (Ese culito)
Yo le di nalgada' porque no quería besito' (No quería besito')
Y por eso fueron los grito' (Grito')
La víctima gritaba: ""¡Qué rico!"" (Uh-yeh)

Si tu cama hablara, diría que llovía cuando te rompía
Siempre con altura como Rosalía (-salía)
Yo quiero chillear, pero ella quiere sex
Yo la quiero también, pero no como Flex (Flex)
Es tiempo de apagar el cel (El cel)
Si ella es bellaca, me quiero parecer (Me quiero parecer)

Ponte encima de mí, bellaquita

#BellaquitaRemix #Dalex #LennyTavarez #Anitta #NattiNatasha #Farruko #JustinQuiles #BellaquitaLetra #LyricsBellaquita #Reggaeton #MusicaUrbana #MusicaLatina #Remix #HitLatino #CancionViral #LyricVideo #VideoConLetra #LetraOficia",Bellaquita Remix Dalex Bellaquita Dalex Dalex Bellaquita Remix Bellaquita letra Bellaquita remix letra Bellaquita lyrics Lyrics Bellaquita Dalex letra Lenny Tavárez Anitta Natti Natasha Farruko Justin Quiles reggaeton reggaeton latino musica urbana musica latina remix urbano hit latino cancion viral cancion del momento video con letra letra oficial Bellaquita Remix lyric video Bellaquita Remix video con letra ponte encima de mi bellaquita,10,2026-01-31T19:01:00Z,254630,285,1,MX
DeUbnP9XJFo,Por Lo Que Fuimos,"Provided to YouTube by DistroKid

Por Lo Que Fuimos · Crack Music · Crack Music

Por Lo Que Fuimos

℗ Crack Music

Released on: 2026-01-31

Auto-generated by YouTube.",Crack Music Por Lo Que Fuimos,10,2026-02-01T01:44:32Z,30532,328,0,MX
U7jeu2KKOcQ,"Franco de Vita, Sin Bandera - Si La Ves (Letra/Lyrics)","❥ Artista(s):  https://www.instagram.com/francodevita/?hl=es
❥ Canción: Franco de Vita, Sin Bandera - Si La Ves (Letra/Lyrics)

aquí la letra para que cantes a todo pulmón:

Si la ves dile que
Que me has visto mejorar
Y que hay alguien a mi lado
Que me tiene enamorado
Que los días se han pasado
Y ni cuenta yo me he dado
Que no me ha quitado el sueño
Y que lo nuestro esta olvidado
Dile que yo estoy muy bien
Que nunca he estado mejor
Si piensa que tal vez me muero
Porque ella no esta, que va
Dile que al final de todo
Se lo voy a agradecer
Aunque pensándolo bien mejor dile
Que ya no me ves
Si la ves dile que
Ya no espero su llamada
Y que ya no me despierte
En plena madrugada
Y que ya no la recuerdo
Y que ya no me hace falta
Dile que ya estoy curado
Que lo nuestro ya es pasado
Dile que yo estoy muy bien
Yo estoy muy bien
Que nunca he estado mejor, mejor
Si piensa que tal vez me muero
Porque ella no esta, que va
Dile que al final de todo
Se lo voy a agradecer
Aunque pensándolo bien mejor dile
Que ya no me ves
Que me he perdido y que no voy a regresar
Dile también que aunque me llame no contestare
Si la ves
Dile que yo estoy muy bien
Que nunca he estado mejor
Si piensa que tal ves me muero
Porque ella no esta, que va
Dile que al final de todo
Se lo voy a agradecer
Aunque pensándolo bien
Mejor dile que ya no me ves
Dile que yo estoy muy bien
Que nunca he estado mejor
Si piensa que tal ves me muero
Porque ella no esta, que va
Dile que al final de todo
Se lo voy a agradecer
Aunque pensándolo bien
Mejor dile que ya no me ves


Tags (ignorar):
si la ves,letra,lyrics,franco de vita,sin bandera,si,la,ves,Si la ves,Franco de vita,Sin bandera,si la ves letra,si la ves letra franco de vita,si la ves letra sin bandera,franco de vita si la ves,sin bandera si la ves,franco de vita si la ves letra,sin bandera si la ves letra,sony music latin,sin bandera ft franco de vita si la ves,sin bandera letra,franco de vita & sin bandera si la ves,hits románticos",si la ves letra lyrics franco de vita sin bandera si la ves Si la ves Franco de vita Sin bandera si la ves letra si la ves letra franco de vita si la ves letra sin bandera franco de vita si la ves sin bandera si la ves franco de vita si la ves letra sin bandera si la ves letra sony music latin sin bandera ft franco de vita si la ves sin bandera letra franco de vita & sin bandera si la ves hits románticos,10,2026-02-03T16:20:55Z,26373,43,0,MX
MuLlJ2NMpIU,GPS #5 - Dime Que Sí,"Provided to YouTube by WM Colombia

GPS #5 - Dime Que Sí · Georgy Parra Salvaje · Yeison Jimenez

GPS #5 - Dime Que Sí

℗ 2026 Jorge Antonio Parra Muñoz, bajo licencia exclusiva a Warner Music Colombia, S.A.S.

Mixing Engineer: Emanuel Ocampo Roldán
Unknown: Emanuel Ocampo Roldán
Mastering Engineer: Gabriel Jaime Gutiérrez
Producer: Georgy Parra
Executive Producer: Georgy Parra
Unknown: Georgy Parra
Synthesizer: Georgy Parra
12 String Guitar: Jeison Bermúdez
Bajo Quinto Guitar: Jeison Bermúdez
Accordion: Juan Camilo Osorio Zuluaga
Drums: Juan Guillermo Aguilar
Bass: Kako Álvarez
Artwork By, Photographer: Miguel Ángel Suaza García
A& R Manager: Rafa Mejía ""La Fe""
Background Vocals: Santiago Salazar Baena
Trumpet: William Henao Uribe
Vocals: Yeison Orlando Jimenez
Composer, Lyricist: Jorge Antonio Parra Muñoz

Auto-generated by YouTube.",Georgy Parra Salvaje Yeison Jimenez GPS #5 - Dime Que Sí,10,2026-02-06T00:01:39Z,207645,13971,0,MX
0bN0NVZ7msE,Halleluja,"Provided to YouTube by Universal Music Group

Halleluja · Rammstein

Links 2 3 4

℗ 2001 Vertigo/Capitol, a division of Universal Music GmbH

Released on: 2001-05-14

Producer: Jacob Hellner
Producer: Rammstein
Mixing Engineer: Stefan Glaumann
Engineer: Ulf Kruckenberg
Programmer: Florian Ammon
Composer Lyricist: TILL LINDEMANN
Composer Lyricist: PAUL LANDERS
Composer Lyricist: DOKTOR CHRISTIAN LORENZ
Composer Lyricist: CHRISTOPH DOOM SCHNEIDER
Composer Lyricist: OLIVER RIEDEL
Composer Lyricist: RICHARD Z. KRUSPE

Auto-generated by YouTube.",Rammstein ラムシユタイン ラムシュタイン Links 2 3 4 Halleluja ハレルヤ,10,2026-02-05T23:00:01Z,65124,2412,0,MX
nbuotmRofUw,Acepta mi Error,"Provided to YouTube by The Orchard Enterprises

Acepta mi Error · La Energía Norteña · GUSTAVO ANGEL ALBA

Acepta mi Error

℗ 2026 Azteca Records, LLC.

Released on: 2026-02-06

Producer: Adrian Zamarripa
Producer: Humberto Novoa
Assistant Engineer: Eric Ríos Olmedo
Recording Engineer, Mixing Engineer, Mastering Engineer: Daniel Zapata
Mixing Engineer, Mastering Engineer: @DB Studios
Digital Editing Engineer, Artist Background Vocal Engineer: Jorge ""El Güero"" Hernández
Music Arranger: La Energía Norteña
Music Arranger: Adrián Zamarripa
Music Publisher: UNIVERSAL - POLYGRAM INTERNATIONAL PUB INC OBO EDIMONSA EM S. DE R.I. DE C.V.

Auto-generated by YouTube.",La Energía Norteña GUSTAVO ANGEL ALBA Acepta mi Error,10,2026-02-05T10:04:22Z,12559,355,2,MX
Vf4KIBabtkc,"EL MANDO TRUENO V1 ""tiempo paso pensando y paso zumbando""","Provided to YouTube by Amuseio AB

EL MANDO TRUENO V1 ""tiempo paso pensando y paso zumbando"" · La Chamukiza

EL MANDO TRUENO V1 ""tiempo paso pensando y paso zumbando""

℗ La Chamukiza Records

Released on: 2026-02-03

Producer: La Chamukiza
Vocals: La Chamukiza Hernandez
Background Vocals: La Chamukiza Hernandez
Composer: La Chamukiza Hernandez

Auto-generated by YouTube.","La Chamukiza EL MANDO TRUENO V1 ""tiempo paso pensando y paso zumbando""",10,2026-02-03T23:11:11Z,54057,947,0,MX
m8btckXxE9s,Rocío Dúrcal - Costumbres (Letra / Lyrics),"Rocío Dúrcal - Costumbres (Letra / Lyrics)

#rociodurcal #costumbres 

¡Gracias por ver este video! Asegúrate de dejar tu me gusta, comentar y compartir con muchas más personas.

Letra:
[Verso 1]
Háblame de ti
Cuéntame de tu vida
Sabes tú muy bien
Que yo estoy convencida

[Pre-Coro]
De que tú no puedes
Aunque intentes olvidarme

[Coro]
Siempre volverás, una y otra vez
Una y otra vez
Siempre volverás
Aunque ya no sientas más amor por mí, solo rencor
Yo tampoco tengo nada que sentir
Y eso es peor
Pero te extraño
También te extraño

[Post-Coro]
No cabe duda que es verdad que la costumbre
Es más fuerte que el amor

[Pre-Coro 2]
Sé que tú no puedes
Aunque intentes olvidarme

[Coro]
Siempre volverás, una y otra vez
Una y otra vez
Siempre volverás
Aunque ya no sientas más amor por mí, solo rencor
Yo tampoco tengo nada que sentir
Y eso es peor
Pero te extraño
También te extraño

[Outro]
Uh, no cabe duda que es verdad que la costumbre
Es más fuerte que el amor

Tags:
sub español, subtitulada al español, traducida al español, traducción, traducido, subtítulos, subtitulado, letra, lyrics, hq, hd, topic, rocío dúrcal, costumbres, canta a juan gabriel, álbum, 1984",sub español subtitulada al español traducida al español traducción traducido subtítulos subtitulado letra lyrics hq hd topic rocío dúrcal costumbres canta a juan gabriel álbum 1984,10,2026-02-03T16:01:11Z,30682,85,7,MX
5fjMv07y_OE,Changuito Me Apodaron,"Provided to YouTube by Corridos Alusivos

Changuito Me Apodaron · Corridos Alusivos

Changuito Me Apodaron

℗ Corridos Alusivos

Released on: 2026-01-26

Producer: Tamps Records
Composer: Panchito arnoldo
Lyricist: Panchito arnoldo

Auto-generated by YouTube.",Corridos Alusivos Changuito Me Apodaron,10,2026-01-31T22:06:41Z,50869,367,0,MX
0Jt_ttov1N8,Mi Palabra,"Provided to YouTube by POKER MUSIC/Sony Music México

Mi Palabra · Legion RG · Tapy Quintero

Mi Palabra

℗ 2026 Sony Music Entertainment México, S.A. de C.V. Bajo Distribución en Exclusiva de Poker Music

Released on: 2026-02-05

Associated Performer: Legion RG, Tapy Quintero
Associated Performer: Legion RG
Associated Performer: Tapy Quintero
Producer, Composer, Lyricist: Martín Rodríguez
Mastering Engineer, Producer: Rafael Pineda
Producer: Luis Chávez
Producer: Víctor Rubio
Producer: Antonio Espinoza
Producer: Jonathan Cardenas
Recording Engineer: Juan Manuel Hueso

Auto-generated by YouTube.",Legion RG Tapy Quintero Mi Palabra,10,2026-02-06T00:03:04Z,31932,576,6,MX
-9T5XvU5ZNk,Lo Más Romántico de El Coyote y Su Banda Tierra Santa 💚 Éxitos Inolvidables de Amor Mix Clásicos,"Lo Más Romántico de El Coyote y Su Banda Tierra Santa 💚 Éxitos Inolvidables de Amor Mix Clásicos:https://youtu.be/-9T5XvU5ZNk
Lo Más Romántico de El Coyote y Su Banda Tierra Santa 💚 Éxitos Inolvidables de Amor Mix Clásicos,
Lo Más Romántico de El Coyote y Su Banda Tierra Santa 💚 Éxitos Inolvidables de Amor Mix Clásicos,
🌺 ¡Mil gracias por mirar este video! 🌺
💫 Esperamos que lo hayas disfrutado y que te traiga buena vibra.
💖 No olvides dar “Me gusta” 👍, dejar tu comentario 💬, compartir 🔄 y suscribirte 📌.
🔔 ¡Activa la campanita para recibir notificaciones de cada nuevo mix musical!

🎧 Suscríbete aquí:
https://www.youtube.com/channel/UCqD6EJTVo67iwLlmK7310Rg?sub_confirmation=1

🎶 Lista de Canciones:

📝 COPYRIGHT © & INFORMACIÓN IMPORTANTE
• Este video cuenta con autorización especial del artista o titular de derechos visuales.
• Todo el contenido musical de está protegido por derechos de autor.
• 🚫 Queda estrictamente prohibido volver a subir o copiar este material.",el coyote y su banda tierra santa el coyote romanticas el coyote exitos banda romantica banda romantica clasica banda romantica del ayer banda romantica mix romanticas de banda canciones de amor banda exitos inolvidables banda mix romantico banda clasicos de banda musica regional mexicana banda para enamorar banda para dedicar banda mexicana romantica lo mas romantico banda banda vieja romantica banda del recuerdo banda romantica vieja,10,2026-02-07T12:00:00Z,24814,78,1,MX
53craPN2Q6c,Beto Quintanilla Mix Corridos Famosos 🔥30 Grandes Exitos Canciones 🔥 Puros Corridos Viejitos Mix,"Beto Quintanilla Mix Corridos Famosos 🔥30 Grandes Exitos Canciones 🔥 Puros Corridos Viejitos Mix
Link: https://youtu.be/53craPN2Q6c
🤗Bienvenidos a mi canal musical ""Puros Corridos Mix"".
🤠Suscríbete para escuchar más remixes de corridos, rancheras, música romántica y la mejor música norteña.
✅No olvides darle ""me gusta"", comentar, compartir y suscribirte a mi canal.
✅¡Suscríbete y activa la campanita para enterarte de mis nuevas publicaciones!
💕¡Gracias por ver! ¡Que tengas un buen día!
#corridos #corridosmix #betoquintanilla",Beto Quintanilla Beto Quintanilla Mix Corridos Famosos 30 Grandes Exitos Canciones Puros Corridos Viejitos Mix norberto Quintanilla Quintanilla beto quintanilla mix beto quintanilla mix para pistear beto quintanilla exitos beto quintanilla mix corridos pesados beto quintanilla mix corridos puros corridos viejitos corridos corridos mix corridos pesados corridos grandes exitos corridos nuevos corridos tumbados corridos con banda corridos viejitos,10,2026-02-04T12:00:13Z,16220,158,2,MX
1p18LnSPcss,"Carin Leon, Camilo - Ni Me Debes Ni Te Debo | Letra/Lyrics","💞 Melodic Dreams en Spotify: bit.ly/4g4ujQH
🎬 Video oficial: https://oplaaireleas.es/colmillodeleche 

📱 Redes del artista:
Instagram: https://www.instagram.com/camilo
Facebook: https://www.facebook.com/camilomusica
YouTube: https://www.youtube.com/channel/UCywpKTAjNjHv53c0TX3K_KQ
TikTok: https://www.tiktok.com/@camilo

──────────

♪ Letra / Lyrics: Carin Leon, Camilo - Ni Me Debes Ni Te Debo

[Verso: Carín León & Camilo]
Tengo que irme porque me siento muy triste, aquí no hay nada, esta historia se acabó
Te dejo libre, fuiste tú la que perdiste, no es tan sencillo encontrarse un gran amor
Te dejo libre, aunque en verdad no quiero irme, algo me frena, pero sé que no es amor
Es la costumbre a todo lo que me diste, sea lo que sea, es lo mejor para los dos

[Coro: Carín León & Camilo]
Ni me debes ni te debo, se acabó, nada es eterno, buena suerte con tu gran amor
Que te salga bien tu nuevo intento para que no vuelvas con el corazón abierto
Ni me debes ni te debo, se acabó, nada es eterno, buena suerte con tu nuevo amor
Gracias por lo malo y por lo bueno, y que quede claro, por si algún día nos vemos
Ni me debes ni te debo, ni me debes ni te debo

[Interludio Instrumental]

[Coro: Camilo & Carín León]
Ni me debes ni te debo, se acabó, nada es eterno, buena suerte con tu nuevo amor
Que te salga bien tu nuevo intento para que no vuelvas con el corazón abierto
Ni me debes ni te debo, se acabó, nada es eterno, buena suerte con tu nuevo amor
Gracias por lo malo y por lo bueno, y que quede claro, por si algún día nos vemos
Ay, ni me debes ni te debo, ni me debes ni te debo

#carinleon #camilo #nimedebesnitedebo #Letra #Lyrics #melodicdreams #latinmusic #latinpop",rancheras corridos camilo carin leon pedro infante quiereme letra ni me debes ni te debo carin leon letra halcon sierra carin león corridos tumbados musica norteña ni me debes ni te debo carin leon carin leon letra carin leon ni me debes ni te debo letra ni me debes ni te debo carin leon caimo letra carin leon camilo ni me debes ni te debo ni me debes ni te debo carin leon ni me debes ni te debo ni me debes ni te debo letra ni me debes ni te debo carin leon camilo,10,2026-01-30T18:00:03Z,59782,69,0,MX
v4b1dn7oV0U,Tony Montana,"Provided to YouTube by Rancho Humilde/Sony Music Latin

Tony Montana · Herencia de Patrones

El Mundo Es Tuyo

℗ 2025 Rancho Humilde. Distributed and Marketed by Sony Music Entertainment US Latin LLC

Released on: 2026-01-15

Associated Performer: Herencia de Patrones
Lead Vocalist, Producer: Jesus Diego Orejel
Composer, Lyricist: Isaac Tetuan
Producer, Composer, Lyricist: Uziel Pantoja Delgado
Executive Producer: Jimmy Humilde
Producer, Recording Engineer: Cesar Ortiz
Mixing Engineer, Mastering Engineer: Andrés Farías

Auto-generated by YouTube.",Herencia de Patrones El Mundo Es Tuyo Tony Montana,10,2026-01-16T01:04:50Z,65534,1220,0,MX
tx5CkZfVVXg,Eddie Santiago - Amar A Muerte (Visualizer),Music video by Eddie Santiago performing Amar A Muerte (Visualizer).© 2026 EMI Televisa Music,Eddie Santiago Universal Music Latino Latin Tropical,10,2026-02-04T22:57:17Z,20762,87,0,MX
WJsOe7zsN64,"Guardianes Del Amor De Arturo Rodríguez & Luis Alfonso Partida ""El Yaki""-100 Abriles (Video Oficial)","Pre-guarda en tu plataforma preferida 100 Abriles de Guardianes Del Amor De Arturo Rodríguez & Luis Alfonso Partida ""El Yaki"":
https://links.altafonte.com/cienabriles_guardianesdelamor_elyaki

Sigue a Guardianes del Amor de Arturo Rodríguez y mantente al tanto de nuevas fechas y lanzamientos:
Instagram: https://www.instagram.com/arturo_guardianesdelamor/
Facebook: https://www.facebook.com/arturo.guardianesdelamor/
Twitter/X: https://twitter.com/arturordzgda/
Spotify: https://open.spotify.com/artist/5XAMwb7g6jZrLc3iO8ag4G
Apple Music: https://itunes.apple.com/mx/artist/guardianes-del-amor-de-arturo-rodriguez/952489207

------
Créditos:

Arturo Rodriguez
Compositor de 100 Abriles: Juan Ureña

Una producción de Que Tono.
Productor Ejecutivo: René Esparza · Lorena Esparza
Productor Musical: Adán Esparza
Project Manager & A&R: Lidia Salazar

Relaciones Públicas: Adriana Castro

Management & Booking:
Oficina Quetono - Tomas Chapa 
https://linktr.ee/Arturo_GuardianesDelAmor",,10,2026-02-06T00:00:06Z,202437,4812,259,MX
IDbre8Ktri8,"Maná, Caifanes, Héroes Del Silencio, Enrique Bunbury | Los Mejores Clásicos ROCK en ESPAÑOL","Bienvenidos a la colección definitiva de la música hispana. Este mix reúne a las cuatro fuerzas más influyentes de nuestra historia, creando una experiencia sonora cargada de pasión, misticismo y rock puro.

Aquí, la potencia desgarradora de Héroes del Silencio y la teatralidad de Enrique Bunbury se entrelazan con la magia ritual de Caifanes y los éxitos inmortales de Maná. No son solo canciones; son obras maestras interpretadas por las voces más icónicas del género.

Prepárate para sentir cada letra y cada acorde. Esta selección está diseñada para aquellos que buscan la perfección lírica y la intensidad emocional que solo estas leyendas pueden ofrecer.

🔥 Lo que hace a este mix una joya:

Voces Inconfundibles: Disfruta de los registros únicos de Bunbury, Saúl Hernández y Fher Olvera.

Dramatismo y Sentimiento: Rock que va desde lo gótico y profundo hasta lo romántico y masivo.

Clásicos de Culto: Canciones que definieron la identidad de generaciones enteras en España y Latinoamérica.

Mantén vivo el fuego del rock: 🖤 Suscríbete si crees que estas bandas son eternas. 🖤 Dale Like para apoyar el buen rock en español. 🖤 Comparte con quienes saben apreciar la verdadera música.

Nota: Video tributo realizado con admiración y respeto. Todos los derechos de autor pertenecen a los artistas y sus sellos discográficos.

#RockEnEspañol #EnriqueBunbury #HeroesDelSilencio #Caifanes #Mana #LeyendasDelRock #RockDramatico #RockLatino #ClasicosEternos",rock español rock latin mix rock en español rock en español mix rock latino musica del rock rock en español de los 80 y 90 rock en espanol rock espanol lo mejor del rock en español lo mejor del rock latino rock 80 y 90 en español rock music clasicos del rock lo mejor musica latino rock rock de los 80 y 90 en español viejitas pero bonitas rock español 80 90 mix rock de los 80 rock de los 80 y 90 maná soda stereo hombres g enrique bunbury caifanes,10,2026-02-06T10:45:27Z,17173,134,1,MX
ksTMopKyEDE,⚡LOS MEJORES ÉXITOS CUMBIAS SONIDERAS 2026📀CUMBIAS PARA BAILAR MIX CUMBIAS PERRONAS🎶CUMBIAS NUEVAS✨,"🤖Toda la cumbia en un solo lugar!! Videos originales en HD y con gran calidad de audio y video. Lanzamientos exclusivos de los artistas consagrados de siempre. Las mejores listas de temas y enganchados.
✨Toda la cumbia del recuerdo y nuevos artistas, con la mejor calidad.
* Espero que lo disfruten y recuerden compartirlo. Recuerde suscribirse a los canales propuestos, gracias de antemano.
► Esperamos recibir sus comentarios para contenido más rico, somos el fabricante de productos de música, en caso de problemas de derechos de autor, comuníquese con
✅¡Gracias por ver! ¡Que tengas un buen día!
✅No se olvide de gustar, comentar, compartir y suscribirse a mi canal
✅Suscríbase y toque la campana'🔔'para recibir notificaciones de nuevas cargas!",cumbias sonideras cumbias cumbia sonidera sonideros cumbias cumbia sonideras cumbias para bailar toda la noche cumbias mix mix cumbias sonideras mix cumbias sonideras cumbias cumbias perronas cumbia sonidera mix sonidero cumbias sonideras para bailar cumbias para bailar icc los tepoz cumbia mix grupo quintana quintana el final de nuestra historia cumbia 2025 cumbias 2025 mix cumbias sonideras 2025 cumbias sonideras 2025 tema de estreno sonido famoso,10,2026-02-06T15:01:31Z,28113,137,5,MX
d-YE-Zf0UJ0,Miénteme,"Provided to YouTube by Universal Music Group

Miénteme · Camilo Séptimo

Óleos

℗ 2017 Camilo Séptimo

Released on: 2017-03-31

Vocalist: Camilo Séptimo
Producer: Mario Miranda
Composer Lyricist: Manuel Mendoza Avalos
Composer Lyricist: Jonathan Samuel Meléndez Ochoa
Composer Lyricist: Mauricio Erik Vazquez Fragoso

Auto-generated by YouTube.",Camilo Séptimo Óleos Miénteme,10,2026-02-05T10:01:31Z,2254,20,0,MX
azge8OPnImQ,Así Es la Vida (Acústico),"Provided to YouTube by ONErpm

Así Es la Vida (Acústico) · Elefante

Así Es la Vida

℗ Elefante

Released on: 2026-02-06

Composer Lyricist: Rafael Loar
Composer Lyricist: Reyli Barba Arocha
Studio Producer: Elefante

Auto-generated by YouTube.",Elefante Así Es la Vida,10,2026-02-05T10:03:13Z,29635,364,5,MX
62aeE613wzs,Paleta (Guaracha Version),"Provided to YouTube by SongCast, Inc.

Paleta (Guaracha Version) · DeeJay FJ

Paleta (Guaracha Version)

℗ 2026, DeeJay FJ

Released on: 2026-02-01

Auto-generated by YouTube.",DeeJay FJ Paleta (Guaracha Version),10,2026-02-03T19:34:24Z,111231,879,21,MX
536os2CPqLg,Amiga Soledad,"Provided to YouTube by The Orchard Enterprises

Amiga Soledad · Banda Todo Terreno · Germán Figueroa

Amiga Soledad

℗ 2026 Copar Music, Inc

Released on: 2026-02-03

Producer: Germán Figueroa
Producer: Salvador Garcia
Music Publisher: RESO ENTERTAINMENT

Auto-generated by YouTube.",Banda Todo Terreno Germán Figueroa Amiga Soledad,10,2026-02-02T10:03:41Z,50817,408,3,MX
3rg0p23brQ0,"W Sound 23 “5 Estrellas” - Myke Towers, Westcol, Ovy On The Drums","Stream Aqui:  https://wml.link/5Estrellas-WSound23-WSoundxMykeTowersxOvyOnTheDrums
✅ Siguenos en las Redes: ‪ @wsoundwestcol   
Instagram -   www.instagram.com/westcol  
                        www.instagram.com/ovyonthedrums    
                        www.instagram.com/myketowers
Letra 

INTRO / TAG

E-e-e… encima tuyo no sé cómo acabé.
O-O-Ovy on the Drums…
Young Kingz, baby.

⸻

PRE-CORO

Pensaba que no la volvería a ver,
pero aquí de frente la tengo otra vez.
Encima tuyo no sé cómo acabé.
Siempre que usted quiera, déjeme saber.
En el cinco estrellas yo la enamoré,
el universo la puse a ver.
Si me insiste… la raya cruzaré.
Si me enchulo, de paso excúsame…

⸻

VERSO 1

Es que cualquiera se enamora…
Ella al gimnasio le llega a primera hora.
Se viste ALO, pero ni les dice “hola”.
Yo quiero devorarte… sin mucha demora,

sin mucha demora.
Ella no se ajora,
si hoy no fue bien, mañana mejora.
Te pienso oyendo a Ricardo Arjona…
¿dónde estará metida mi nalgona?

A veces me desespero porque
me pongo a pensar que ella está con quién…
Empezó a bailar y no la solté,
yo la voy a rankear, está en el top ten.

No se puso el sostén…
mami, tú burlas cualquier “retén”.
Está soltera y ellos no le creen.
Westcol, ¿dónde están las mujeres?
Yo le llego donde estén.

⸻

CORO

Pensaba que no la volvería a ver,
pero aquí de frente la tengo otra vez.
Encima tuyo no sé cómo acabé.
Siempre que usted quiera, déjeme saber.
En el cinco estrellas yo la enamoré,
el universo la puse a ver.
Si me insiste… la raya cruzaré.
Si me enchulo, de paso excúsame…

⸻

OUTRO / TALK

Mami chula, no te pierdas…
Me olvido cuando me acostaba en tu entrepierna.
Cualquiera cae con esa carita tierna.
Del centro comercial, le compro todas las tiendas,
porque tú eres la favorita mía.

Yo de noche y de día,
a cualquier hora la pienso,
no supe que vendría.

Myke Towers, baby…
E-e-e… Ovy on the Drums…
W Sound.

⸻

PART 2 — VERSO 2 (RAP / FLEX)

(Young Kingz, baby)
Parece una W el logo de la Maserati…

E-e-esta es la W Sound,
aquí vo’a tirar un par de flows que no había usa’o.
Se dice que estoy alza’o,
porque me sale muy fácil y ellos se ven forza’o.

Se quedaron estanca’o, yo les pasé zafa’o,
contando money me amanezco.
Tírale a Ovy y Westcol…
vámonos pa’ Guatapé con los bote’ y los jetsko.

Hay como 5.000 cancione’ por si un día envejezco,
esta vida de lujo a veces siento que ni la merezco.
En la suite presidencial, en los hoteles cinco estrella’,
los chef de Michelin… en la costilla un par de estrella’.

Mis diablas, después de que los seducen, los estrellan…
Mis locos los andan buscando pero no se entregan…


© 2026 W Sound/Big Ligas",,10,2026-02-05T00:00:06Z,2532433,185095,11245,ES
OYtHvS7n7ic,"Marc Anthony, NATHY PELUSO - Como en el Idilio (Official Video)","Subscribe to my YouTube channel here: https://sml.lnk.to/MarcAnthonyYTSubscribe 

Listen to “COMO EN EL IDILIO”: https://SML.lnk.to/CEEI 

Follow me on social media:
Facebook: https://www.facebook.com/officialmarcanthony
Instagram: https://www.instagram.com/marcanthony/ 
X: https://x.com/MarcAnthony 
TikTok: https://www.tiktok.com/@marcanthony 
Threads: https://www.threads.net/@marcanthony 

Follow Nathy Peluso on social media:
Facebook: https://www.facebook.com/nathy.peluso 
Instagram: https://www.instagram.com/nathypeluso 
X:  https://x.com/NathyPeluso 
TikTok: https://www.tiktok.com/@nathypeluso 

LYRICS

Un motel de carretera
Se quemó la noche entera
Sin darnos cuenta

Que un encuentro clandestino
Puede ser el asesino 
De nuestra vida afuera

Tú y yo somo felices 
A pesar de cicatrices
Tatuadas en nuestra piel

Porque siempre las curamos
Con los besos que nos damos
Aunque sepamos que no está bien

Y no me arrepentiría
1000 veces repetiría
Pero que se tenga la habitación
Hay que escoger una salida

Cómo cómo voy a hacer
Cuando te vea de la mano
Y no conmigo

Yo no quiero ser
De esos amantes que se disfrazan de amigos
Cada vez que nos separamos
Mi corazón me grita auxilio
Yo contigo viviría
Como Willy en el idilio

Ay acostados en la cama
Luego de alcanzar el cielo
Y me enciendo un cigarrillo
Mientras te acaricio el pelo

Y quisiera que durara
Toda la vida este momento
Y no tener que ocultar mis sentimientos

Y no me arrepentiría
1000 veces repetiría
Pero que se tenga la habitación
Hay que escoger una salida

Cómo cómo puedo hacer
Cuando te vea de la mano
Y no conmigo

Yo no quiero ser
De esos amantes que se disfrazan de amigos
Cada vez que nos separamos
Mi corazón me grita auxilio
Yo contigo viviría
Como Willy en el idilio

Vente conmigo
Porque estar contigo
A mí me hace bien
Me hace muy bien (x2)

Ataca Motiff!

Vente conmigo
Porque estar contigo
A mí me hace bien
Me hace muy bien (x2)

#MarcAnthony #NathyPeluso # COMOENELIDILIO",Marc Anthony Marc Anthony letra Marc Anthony lyrics Marc letra Marc lyrics Marc salsa 2026 Marc anthony salsa Marc salsa letra Marc salsa lyrics Marc Nathy Nathy Peluso 2026 Nathy Peluso letra Nathy Peluso lyrics Nathy Peluso salsa Como en el idilio salsa como en el idilio letra como en el idilio lyrics como enel idilio marc como en el idilio marc anthony marc anthony 2026 salsa salsa 2026 Nathy Peluso Marc Anthony Nathy Peluso,10,2026-02-05T17:00:07Z,615159,28559,1433,ES
nDRGpASQFC4,"SLAYTER, JC Reyes  -  percocet 💊 (Video Oficial)","SLAYTER, JC Reyes, Yecko -  percocet (Video Oficial)
Stream: https://sonarmusic.io/modogremlin

dile no a las drogas: https://www.youtube.com/playlist?list=PLx9zmo14eFUbyoQLkSGEgvOhewnIn_tOQ

Follow Slayter:
https://www.instagram.com/slayter/
https://twitter.com/slaytercoldgame
https://www.facebook.com/slaytermusic/
https://soundcloud.com/coldgameslayter
https://spoti.fi/2XsPHqU

#Slayter #jcreyes  #percocet #modogremlin #yecko",slayter young chimi yovngchimi free lucifer slayter los diablos de lloren los diablos de llorens trap puerto rico 9x19 remix yeruza moneywayy money way GR3ML1N Gremlin percocet modogremlin JC Reyes Slayter modo gremlin slayter jc reyes slayter jc reyes percocet trap latino trap españa money wayy yan block eladio carrion ntg cris mj cris mj las filtradas trap chileno floyy menor,10,2026-02-06T22:00:44Z,98595,5510,213,ES
gtY9FBd-Xd8,Alba Flores y Guillermo Furiase – “Flores para Antonio” | La Revuelta (2026),"La actriz Alba Flores canta por primera vez en directo, junto a Guillermo Furiase, la canción que le compuso a su padre, ""Flores para Antonio"", en esta actuación en La Revuelta.",RTVE Musica RTVE Musica canal actuacion directo videos,10,2026-02-05T22:55:45Z,84786,1259,66,ES
Ma-BXYXX-nU,"AISSA, RVFV - MUCHACHA (prod. by Kreamly)","AISSA x RVFV X KREAMLY – MUCHACHA
Suscríbete al canal: https://www.youtube.com/@aissa.aslani?sub_confirmation=1

Sigue a Aissa:
https://www.instagram.com/aissa.aslani/
https://www.tiktok.com/@aissa.aslanni

#AISSA #RVFV

Production | @fulldrill.production

Director | @olegbrovchenko
CO-Director | @hamza.aslanii

Producer | @praycolors
Gaffer | @aaleexbc
Spark | @alaminando

Stylist RVFV:
Isabella Possente | @isabellapossente
Melanie Plaza |  @melannipl

BTS | iuxxpics

Colaboración especial de Erra y Juan beato

Special thanks:

@monsifb__
@alexiiabru
@guerra.comm
@aluceda_
@melguizo_
@kingslor_
@saranakada_
@unodonce
@maarpruden
@luuciii_
@mersaldaz
@bleyk0ficcial
@anisouls_
@pauliimaroto
@feliszka
@Mario___palafox
@Chloehernandzz
@Beeatrizwhite
@Raquelortigosa_
@Taaniadz
@cmendoza__
@vaalen_904
@romanafloress
@a.de",aissa aisa las bratz remix aissa saiko rafa rvfv muchacha kreamly aissa rvfv rvfv aissa al jauf muchacha aissa aissa muchacha rvfv muchacha muchacha rvfv jatar chico malo erra aslani aslani erra ktm,10,2026-02-05T19:00:06Z,100032,5999,138,ES
En5VVAfyJiQ,Cyril Kamer - Bendiciones (Video Oficial) | En Silencio,"#cyrilkamer #bendiciones #trap
Cyril Kamer - Bendiciones (Video Oficial)

Escucha ""Bendiciones"" en todas las plataformas digitales:
https://lnk.to/CyrilKamerBendiciones

Redes sociales
Instagram: https://www.instagram.com/cyril.kamer
TikTok: https://www.tiktok.com/@cyril_kamer
Twitter: https://x.com/cyril_kamerr",Jul Afro Trap Cyril Kamer CyrilKamer Omar Montes OmarMontes RVFV JC REYES SAIKO MORAD BENYJR MDLR 22 LOS REBELDES Cinderella Zendaya Thalia lOCO QUEVEDO MORA FEID DEIV HADES66 AFRO ESPAÑA KG970 PATRON970 KIDDKEO JUL VEGEDREAM NISKA GAZO AIMANJR clarent sch bad gyal quevedo yapi alu,10,2026-02-05T21:04:16Z,85652,7201,324,ES
Y3_YYK764M4,Jarfaiter y Policarpo318 - ESTO SALDRA BIEN - Prod.Geckodelarue #LosChicosDeLaDemolicion,"🎧Escúchalo ya: https://ddb.lnk.to/los-chicos-de-la-demolicion

🎫Entradas para la Gira ""Los Chicos de la Demolición"": https://bnds.us/wweoqm

Extraído de “LOS CHICOS DE LA DEMOLICIÓN”, el nuevo disco de Jarfaiter & Policarpo318.

ARTISTAS:
@jarfaiterlc
@policvrpo318   

Prod. @geckodelarue     
Video. @nsc_dani

Master por Mpire Studios

Sigue a Jarfaiter en:
Instagram: https://www.instagram.com/jarfaiterlc/  
TikTok: https://www.tiktok.com/@jarfaiter318
Spotify: https://open.spotify.com/intl-es/artist/7hqwOMu222wUGHIzm49sJk?si=-Qv00wQrTPuqrDLZ4U6-zg

Sigue a Policarpo318 en:
Instagram: https://www.instagram.com/policvrpo318/
Spotify: https://open.spotify.com/intl-es/artist/0iVrmj7eX5ZD4jxSeMWeDK?si=EUGDALF_SAWNkio_BAr7yA

Agradecimientos:

Ropa:
Rural Rude Clothing
Randa Offensive Brand
Bikers:
Lavidadeunkz
Eldelarmz 
hugo.gg
ffranciss
Poveda 48
Esm 343",jarfaiter policarpo 318 jarfa chicos demolicion demolition kids ultraviolencia ultra ultimamente anti heroe volvo ratero randa offensive brand luna sol navajeros criminal adrenalina kaños geckodelarue laviebelle mpire 4free free rap quinqui underground drill,10,2026-02-06T09:38:42Z,39587,2160,118,ES
0iDpdoyMSmo,Skinny Flex - ¿QUÉ SABRÁN? (Official Video),"Escucha ¿QUÉ SABRÁN? en todas las plataformas:

https://lnk.to/SkinnyFlexQueSabran

Directed by PuigFilms & Skinny Flex
Dop by Guilherme Cardoso
Prod by Prodzovo

Follow Skinny Flex:
Instagram:  https://www.instagram.com/skinnyflex/",Skinny Flex SkinnyFlex Skinny Flex ¿Qué Sabrán? Que Sabran Skinny Flex ¿Qué Sabrán? Skinny Flex ¿Qué Sabrán? Que Sabran videoclip Que Sabran canción Que Sabran rap videoclip urbano trap español rap español música urbana española hip hop español trap latino rap latino urban español rap callejero nuevo trap español trap underground rap underground skinny flex trap dr skinny asereje filo y kilo choppa +money+enemies saltscity salt city,10,2026-02-05T21:00:06Z,63259,4440,189,ES
-EbpzuHuNR4,"BANE - Lucho RK, La Pantera (Video oficial)","BANE
Lucho RK, La Pantera

Dirección Creativa: Batido (@batido)
Director: Victor Marin (@Victooooooooooooorr)
Ayd. Dir: Manuel Lázaro (@manu.laz_)
Productor: Gonzalo Martinez (@gonchito94)
Ayd. Prod: Nil Castillon (@nilcastillon)
Ayd. Prod: Rubén Álvarez (@rubenalvarezda)
DoP: Alvaro Trocóniz (@alvarrof)
DoP: Edison Guzmán (@edisonguzmanprod)
Gaffer: Daniel Zamarreño (@danizama18)
Spark: Ana Toledo (@ana_tsalvador)
Spark: Alberto del Hierro (@alberto.delhierro)
Dir. Arte: Juan Carlos Camacho (@jcamher)
Ayd. Arte: Paula Fernandez (@paula.ferdi)
Atrezzista: Alex Cosano (@alex_saramago6)
Estilista: Paula Monnet (@paula.monnet)
Grip: Angel Gotor (@angel_gotor)
Edit: Claro García (@clarogm)
VFX: Javier Urrutia (@javier.vfx) / Daniela Pineda (@pinefolio)
Etalonaje: Noemi Lallave (@noemi.lallave.color)
Stunt: Cristian (@cristianelespecialista) / Sahueso (@sahueso_stunt)
Figuración: Javier Jimenez (@javivimedia) / Clara Serrano
(@clarixvisual) / Alvaro Serrano (@soyalvaroserrano) / Edgar Pérez
(@edgaar.perezz) / Marío Plaza (@marioo.plaza) 
Graphic design: (@javibrooks) 



#BANE #TAFACIL #luchork #lapantera",,10,2026-02-04T20:00:06Z,154314,14072,385,ES
xSJsXe0gIes,Raule - Pasajero Temporal (Videoclip Oficial),"Videoclip oficial de ""Pasajero Temporal"" de Raule.

Ya disponible en todas las plataformas: https://orcd.co/pasajerotemporal

► Spotify https://open.spotify.com/album/5014DgDFsNWC0D59zg5cXU
► Apple Music https://music.apple.com/us/album/pasajero-temporal-single/1869062182?l=es&ls=1

Suscríbete al Canal: https://youtube.com/channel/UCQOM6d961OyzvOsjIaULA8g?sub_confirmation=1

Sigue a Raule:
Instagram: https://www.instagram.com/raule__
X: https://twitter.com/raule_oficial
Facebook: https://www.facebook.com/rauleoficial
TikTok: https://www.tiktok.com/@raule_
Spotify: https://open.spotify.com/intl-es/artist/73wnjjUNhCetX7NE4FvxjL?si=MzbSJUDhQGe-cp3oAY4Odw

LETRA
Tengo tanto amor pa quererme 
Que he tirado lo que estaba podrido
Me quedado con todo lo mejor de mi 
Y he borrado lo que me ha dolido 
Un experimento aprender a volar
Libre como los gorriones 
La vida me ha dado otra oportunidad 
Pa que perdone 

La vida no es tan larga pa esperar a nadie 
O dar pasitos cortos arrepentido
La vida es pa vivirla 
Y correr por donde nunca te has metido 
Que lloren los cobardes que nunca estuvieron 
Darle gloria a los agradecidos 
Y que viva mi madre
Por haberme tenido 

Yo sé que el tiempo no va a volver
Que lo imposible tarda un poco más
Y crecerán la mala hierba 
Pa que me cueste caminar 
Una fanega con semillas plantadas 
De los momentos que nunca he vivido 
Será todo lo que me llevaré 
Cuando se acabe el camino

La vida no es tan larga pa esperar a nadie 
O dar pasitos cortos arrepentido
La vida es pa vivirla 
Y correr por donde nunca te has metido 
Que lloren los cobardes que nunca estuvieron 
Darle gloria a los agradecidos 
Y que viva mi madre
Por haberme tenido 

℗ © 2026 Satélite K / Monoprod
#Raule #PasajeroTemporal",Raule raule musica raule letra raule videoclip raul raúl raules raule video raule pasajero temporal pasajero temporal pasajero temporal video pasajero temporal videoclip raule 2026 pop español pop espanol flamenco pop pop flamenco La vida es pa vivirla Y que viva mi madre Que lloren los cobardes raule pasajero temporal videoclip pasajero temporal raule raule pasajero pasajero raule como no te voy a querer ninfomano cruje la cama colega antibalas,10,2026-02-06T12:00:06Z,29882,1714,79,ES
21puudq4H7g,Eladio Carrión - Buenos Días (Video Oficial),"Eladio Carrión - Buenos Días
Escúchala: https://rimasmusic.io/buenosdias

Más de Eladio: 
SOL MARÍA: https://rimas.ffm.to/solmaria 
PORQUE PUEDO: https://rimas.ffm.to/porquepuedoep
3MEN2 KBRN: https://rimas.ffm.to/3men2kbrn
SEN2 KBRN VOL. 2 the album: http://sen2kbrn2.com/

Suscríbete al canal: https://rimas.ffm.to/yteladio 

Sigue a Eladio:
Spotify: https://rimas.ffm.to/spotifyeladio
Apple Music: https://rimas.ffm.to/applemusiceladio
Instagram: https://www.instagram.com/eladiocarrion/

#EladioCarrion #buenosdias
© 2026 Rimas Entertainment",eladio carrion eladio carrion album eladio sauce videos eladio sauce boyz sauce boyz album eladio carrion album eladio sauce boyz eladio carrion video 3MEN2 KRBN eladio carrion sol maria sol maria eladio carrion eladio carrion tqmqa Eladio Carrio porque puedo por que puedo eladio carrion eladio carrion heavyweight,10,2026-02-05T12:30:02Z,981216,65194,2452,ES
sHiqY7ispPM,Siloé - Amor Infinito (Video Oficial),"Compra tus entradas 🎟  para la gira en Latinoamérica: https://siloemusic.es/gira/ 
Hazte con nuestro merchandising aquí: https://shop.siloemusic.es/

¡Suscríbete a nuestro canal de YouTube! ► https://bit.ly/3hkPsuD
🙏🏻🙏🏻🙏🏻 https://onerpm.link/quedate_esta_noche

🎧 Escucha toda nuestra música en tu plataforma favorita: https://ONErpm.lnk.to/SiloeAW

Síguenos en: 
Instagram: https://www.instagram.com/siloe_music/
Facebook: https://www.facebook.com/siloeoficialmusic
Twitter: https://twitter.com/siloe_music

LETRA:

Ahora es el mejor momento, así que grábalo en tu mente, 
y es que nada es tan importante como dejar en ti mi tiempo. 
Pero en tu mano y en la mía esa línea ahora es eterna, 
dibuja el pacto que hemos hecho atravesando lo incorrecto. 
Todo aquello que no decimos es lo que el mundo quiere escuchar,  
quiere escuchar. 

Primer aviso para que empiecen nuestros días, 
es el principio que rige todo. 
Y si te vas a perder, yo estaré para encontrarte; 
y si vas a renunciar, yo estaré para mostrarte 
un amor tan infinito que no necesite a nadie, 
un amor tan infinito que no necesite a nadie. 

Tus amigos y tus vecinos moderados, por supuesto, 
no entienden más bien de nada, mucho menos de lo nuestro. 
Hay un atisbo de esperanza y un camino menos recto, 
pues lo bueno que nos pasa también es culpa de ellos. 

Segundo aviso para que empiecen nuestros días, 
es el principio que rige todo. 
Y si te vas a perder, yo estaré para encontrarte; 
y si vas a renunciar, yo estaré para mostrarte 
un amor tan infinito que no necesite a nadie, 
un amor tan infinito que no necesite a nadie. 

Para siempre es mucho tiempo, quiero que ahora entiendas esto. 
Para siempre es mucho tiempo, quiero que ahora entiendas esto. 
Para siempre es mucho tiempo, quiero que ahora entiendas esto. 


#Siloé #amorinfinito",siloe siloé Amor infirnito Siloé Amor Siloé Amor Infinito Siloé Infinito amor Amor infinito de Siloé siloe reza siloe a ver siloe todos siloe por mi siloe besos siloe. siloec siloe ven oposicion siloe siloe palabras siloe todos los siloe la verdad siloe la niebla siloe volverte siloe live siloe reza por mi siloe de mi parte siloe jamas jamas siloe siloe remix grupo siloe siloe la oposicion siloe intentarlo siloe niebla siloe levita,10,2026-02-05T22:59:01Z,52240,2277,119,ES
PmhH3_fwPkk,Sergio Contreras ft. Rafael El Bomba - Donde nace el amor (Videoclip Oficial),"Videoclip Oficial de ""Donde nace el amor"" de Sergio Contreras con Rafael El Bomba.
Escucha mi nuevo disco ""Hace 20 años..."" en plataformas digitales: https://orcd.co/20aniversario

Redes Oficiales de Sergio Contreras:
https://www.facebook.com/sergiocontrerasoficial
https://www.instagram.com/sergi0contreras/
https://www.tiktok.com/@sergi0contreras
https://www.twitch.tv/sergi0contreras

Redes Oficiales de Rafael El Bomba:
https://www.instagram.com/rafaelruiz_elbomba/
https://www.facebook.com/bomba.ruiz.7
https://twitter.com/elbombalavoz
https://www.tiktok.com/@rafaelruizbomba

Letra:

Amor es raíz creciendo en el cemento,
es creer en mañana aunque duela este momento

te encontré sin buscarte
en un día cualquiera
con la voz temblorosa y el alma en vaivén
no dijiste palabra, bastó tu manera
de mirarme y saber
que eras tú también.

desde entonces mi vida camina despacio
porque quiere rozar cada instante y
en tus brazos el mundo se vuelve un espacio
donde todo me invita a seguir...

y aunque el tiempo se atreva
a cambiar lo demás
nuestro amor no sabrá 
envejecer jamás.

porque tú,
eres el sitio donde nace el amor
la verdad que desnuda mi voz
eres calma, eres fuego,
eres tú mi razón,
mi destino y mi contradicción,
cuando el mundo me olvida
tú me haces volver
al lugar donde quiero nacer.

el amor nace antes de decir te quiero,
en un gesto pequeño, en un abrazo sincero.
en la voz de mi madre cuando todo iba mal,
en el miedo que aprieta pero no te deja atrás.

amor es la fe cuando no queda razón,
es seguir caminando aunque duela el corazón.
no siempre lleva nombre, no siempre es carnal,
a veces es quedarse, otras dejar marchar.

tú me has hecho creer en la verdad
en el amor real 
el que está en cualquier lugar
el que nace sin buscar
que perdura en el tiempo 
y no tiene final,
no tiene final,
no tiene final.

porque tú,
eres el sitio donde nace el amor
la verdad que desnuda mi voz
eres calma, eres fuego,
eres tú mi razón,
mi destino y mi contradicción,
cuando el mundo me olvida
tú me haces volver
al lugar donde quiero nacer.

he aprendido tu risa de memoria
tu silencio me saben a fe
si me pierdo en el mapa de tu historia
me rescata el querer.

no me pidas promesas eternas
que el amor se demuestra en la piel
y en tus besos encuentro las puertas
del paraíso al querer.

amor no es solo besos bajo luces de neón,
es sudar por tus sueños aunque no haya canción.
es la mano del amigo que no pide razón,
cuando el mundo te apunta y te falla el corazón.

amor es la calle enseñándote a andar,
es el perro que te espera sin saber esperar.
es la fe en lo que haces cuando nadie lo ve,
es seguir siendo tú aunque vayas del revés.

nace en el caos, en la falta de fe,
cuando todo se rompe y decides caer.
porque amor es el fuego que no quema la piel,
pero quema el miedo, las dudas y te deja ser.

amor es hogar sin tener dirección,
es quedarte en la lluvia sin pedir perdón.
es la voz que te dice aún no se acabó,
cuando el alma cansada te pide volver.

porque tú,
eres el sitio donde nace el amor
la verdad que desnuda mi voz
eres calma, eres fuego,
eres tú mi razón,
mi destino y mi contradicción,
cuando el mundo me olvida
tú me haces volver
al lugar donde quiero nacer.

(P) y (C) 2026 Fonográfica del Sur S.L. (Fods Records)",sergio contreras sergio contreras 2026 sergio contreras aniversario sergio contreras 20 aniversario racismo flamenco flamenco 2026 flamenquito flamenkito flamenco pop flamenco urbano donde nace el amor llena de luz y de sal el espejo ojitos negros letras malditas niña sin ti en qué pensabas te esta matando yo no quise carita de muñeca me recuerda a ella andaluces disparadno cante rafael el bomba sergio contreras donde nace el amor,10,2026-02-06T11:00:06Z,43014,2075,126,ES
_u59cU-59P8,Becky G & KAROL G – MAMIII (Letra/Lyrics),"🎧 Bienvenido al paraiso // Welcome to Paradise 🌴
Tu hogar para la mejor música latina with Letra / Lyrics!
Your Home For The Best Latin Music with Letra / Lyrics!

""Becky G & KAROL G – MAMIII"" Letra / Lyrics traído a usted por Latin Paradise // ""Becky G & KAROL G – MAMIII"" Letra / Lyrics brought to you by Latin Paradise

⏬ Descargar ""Becky G & KAROL G – MAMIII"" aqui // Download ""Becky G & KAROL G – MAMIII"" here: https://Matisse.lnk.to/Matisseyrauw

⚡️Una promesa
Nunca es pa' mirar atrás

🔔 ¡Haz clic en el timbre para mantenerte actualizado sobre los mejores videos de Letra / Lyric de Latin Paradise! 

✅ Follow all the music from Paradise Music on Spotify Playlists here!
https://open.spotify.com/user/wavemusicyt

▶️ Latin Paradise
https://www.instagram.com/latinparadiseyt
https://www.facebook.com/latinparadiseyt
https://twitter.com/latinparadiseyt
https://www.tiktok.com/@latinparadise

▶️Becky G & KAROL G, 
https://music.youtube.com/channel/UCn51E6eKnnLklWOcdFT3w5A
.........
🎤 Letra / Lyrics: Becky G & KAROL G – MAMIII

[Intro: KAROL G & Becky G]
O-O-Ovy On The Drums
Salud, mami
Ah, ah, ah, ay

[Pre-Coro: Becky G & KAROL G]
Lo que no sirve que no estorbe
Te metiste autogol por torpe
Te quedó grande este torque
Ya no estoy pa' que de mí te enamores, baby
Sin Visa ni pasaporte
Mandé tu falso amor de vacaciones
Pa' la mierda y nunca vuelvas
Que todo se te devuelva, no
De lo que me hiciste si no te acuerda'

[Coro: KAROL G & Becky G]
No me vuelvas a llamar, que hasta boté el cеlular
De lo tóxico que erеs, se volvió perjudicial
Lo que se va, se va
Conmigo no te equivoques
De lo tóxico que eres, no te quiero ver más

[Verso 1: Becky G]
Llegué pa'l party, saca la botella
La que te quería, no sé quién es ella
Te dejé el review, no te puse ni una estrella
Y te olvidé porque no dejaste huella
Ya no miro pa'trás, ni pa' parquearme
Tengo a uno que está listo pa' llevarme
El segundo está esperando en el hotel
Y el tercero lo conozco esta noche
No me llames, que mi número cambié
Si quieres que te lo dé
Llama 1-800-jódete
No sé si me escuchaste
No me llames, que mi número cambié
Si quieres que te lo dé
Llama 1-800-jódete

[Coro: Becky G & KAROL G]
No me vuelvas a llamar, hasta boté el celular
De lo tóxico que eres, se volvió perjudicial
Lo que se va, se va, ah-ah
Conmigo no te equivoques
De lo tóxico que eres, no te quiero ver más

[Verso 2: KAROL G & Becky G]
Ay, yo lo lamento
Tu' gana' de volver murieron en el intento
Lo hiciste ver como que perdiste el tiempo
Quedaste bien porque lo mío ni lo cuento
Te veo en la' rede', no puedo creerlo, qué pena de ti
Yo que fui buena y tú qué gonorrea pagándome así
Rata de dos patas, lo dijo Paquita
Un animal rastrero
Que se come todo lo que se atraviesa
Diablo, tú ere' un cuero
No digas ""te quiero"", mejor sé sincero
No digas ""te amo"" porque eso fue en vano
Llorando estaba' tú y como no te salí
Andas comiéndote a otra, pero estás pensando en mí

[Coro: Becky G & KAROL G, Becky G]
No me vuelvas a llamar, hasta boté el celular
De lo tóxico que eres, se volvió perjudicial
Lo que se va, se va, ah-ah
Conmigo no te equivoques
De lo tóxico que eres, no te quiero ver más

[Outro: Becky G & KAROL G]
Ouh
Repítelo, mami
""Que a veces no te cambian por algo mejor
Y ni siquiera por algo más rico""
KAROL G y Becky G
It's the real G's, baby
Ovy On The Drums

#BeckyG #KAROLG #MAMIII #MusicaNueva #Letra #VideoConLetra #MusicaLatina #Reggaeton #Tendencias2025 #Exitos2025 #NuevaMusica2025 #LetraOficial #LatinParadise",Becky G KAROL G MAMIII MAMIII Becky G KAROL G MAMIII Letra Becky G Letra KAROL G Letra Letra Video Musica Latina Reggaeton Regional 2025 VibeMusic 7clouds Latin Paradise,10,2026-02-02T15:40:31Z,208822,297,5,ES
hdsIKk-7hZg,Maluma - Borró Cassette (Letra),"👤 Artista | Maluma
💿 Canción | Borró Cassette
📅 Fecha de Lanzamiento | 27/08/2015
🔊 Géneros Musicales | Reggaeton, Urbano

✨ Acerca de la Canción:
“Borró Cassette” es una de las canciones más icónicas de Maluma, donde mezcla reguetón con una vibra romántica y seductora. La letra habla de un encuentro intenso que deja huella, con ese estilo pegajoso que marcó una etapa clave en su carrera y lo consolidó como una de las figuras más fuertes del género urbano. Una canción que combina ritmo, nostalgia y actitud, imposible de olvidar.

⭐ Encuéntrame en Redes:
➤ Instagram | https://www.instagram.com/jostland_/
➤ Facebook | https://www.facebook.com/josstland/
➤ TikTok | https://www.tiktok.com/@iamjostland
📬 Contacto Directo por Instagram: @jostland_

🎶 [Letra de ""Borró Cassette""]

[Intro: Maluma, The Rudeboyz]
Sabemos lo tuyo (Rudeboyz)

[Pre-Coro]
Ayer me besaste y no podías parar, y me bailaste hasta el amanecer
Cuando desperté yo te quise llamar, y ahora me dice que borró cassette
Que no se acuerda de esa noche porque ella borró cassette
Dice que no me conoce y quiero volverla a ver

[Coro]
Y que los tragos, hicieron estrago' en su cabeza
Ella con cualquiera no se besa, quiero que sepa que me interesa
Y no hay un día que no pare de pensar en su belleza
Y que los tragos, hicieron estrago' en su cabeza
Ella con cualquiera no se besa, quiero que sepa que me interesa
Y no hay un día que no pare de pensar en su belleza

[Verso 1]
Te dije mami, tómate un trago
Y cuando te emborracha', pa' mi casa nos vamos
Me sorprendió cuando sacaste ese cigarro
Tomaste tanto que lo has olvidado
Y tranquila ma', no pasa na', enloqueciste pero más na'
Pedías a grito que te besara en la escalera y en el sofá
Y tranquila ma', no pasa na', conozco ya tu debilidad
Bastará solo un par de copas pa' conocerte en la intimidad

[Pre-Coro]
Y tú, mami, ¿cómo dices que no te acuerdas cómo mi cuerpo te calienta?
Ven, dímelo en la cara y no mientas, dejemos de jugar
Y tú, mami, ¿cómo dices que no te acuerdas cómo mi cuerpo te calienta?
Ven, dímelo en la cara y no mientas, dejemos de jugar
Ayer me besaste y no podías parar, y me bailaste hasta el amanecer
Cuando desperté yo te quise llamar, y ahora me dice que borró cassette
Que no se acuerda de esa noche porque ella borró cassette
Dice que no me conoce y quiero volverla a ver

[Coro]
Y que los tragos, hicieron estrago' en su cabeza
Ella con cualquiera no se besa, quiero que sepa que me interesa
Y no hay un día que no pare de pensar en su belleza
Y que los tragos, hicieron estrago' en su cabeza
Ella con cualquiera no se besa, quiero que sepa que me interesa
Y no hay un día que no pare de pensar en su belleza

[Verso 2]
Te estoy buscando para ver si lo repetimos
Esa noche, que bien lo hicimos, entre tragos nos desvestimos
Las botellas que nos tomamos, a la locura que nos llevaron
Fue mucho lo que vacilamos, imposible no recordarlo

[Pre-Coro]
Y tú, mami, ¿cómo dices que no te acuerdas cómo mi cuerpo te calienta?
Ven, dímelo en la cara y no mientas, dejemos de jugar
Y tú, mami, ¿cómo dices que no te acuerdas cómo mi cuerpo te calienta?
Ven, dímelo en la cara y no mientas, dejemos de jugar

[Outro: Maluma, The Rudeboyz]
¡Yeh-yoh! ¡Yeh-yoh! ¡Ja, ja!
Pretty Boy, Dirty Boy, baby (¡Oh!)
Y yo soy Maluma, baby, ¡oh, no! (¡Ja, ja, ja!)
(Rudeboyz) Kevin ADG y Chan El Genio
Rudeboyz, Bull Nene, Atlantik music
¿Qué hubo mi reina? (Pretty Boy), ¿cómo así que no se acuerda?
Que hicimos el amor, la pasamos bien, ¿y me va a decir que borró cassete?
¡Nah!

#Maluma #BorróCassette #Reggaeton

[ Tags ]

maluma borro cassette, maluma borro cassette letra, maluma borro cassette lyrics, maluma borro cassette audio, maluma borro cassette tiktok, maluma borro cassette video oficial, maluma borro cassette reaccion, maluma borro cassette karaoke, letra, lyrics, audio, tiktok, video oficial, reaccion, karaoke, hd, hq, topic, jostland",borro cassette maluma borro cassette maluma letra borro cassette maluma karaoke borro cassette maluma slowed borro cassette maluma remix borro cassette maluma mix borro cassette maluma video maluma borro cassette maluma borro cassette letra maluma borro cassette karaoke maluma borro en vivo maluma borro cassette mix letra lyrics audio tiktok video oficial reaccion karaoke hd hq topic jostland,10,2026-02-03T18:44:32Z,700440,1440,14,ES
gxxco8HoBzo,Kileros - Uriel Gaxiola x Anuel AA (Official Video),"ESCÚCHALA EN TU PLATAFORMA DE MÚSICA FAVORITA: 
https://vm.group/kileros-d6g-z 

REDES SOCIALES:

URIEL GAXIOLA: 
Instagram:  https://www.instagram.com/urielgaxiola_
TikTok:  https://www.tiktok.com/@urielgaxiola
Spotify: https://open.spotify.com/intl-es/artist/4fQPqLk2LwWrrc6OBMzXZj

LOS CT
Instagram:  
https://instagram.com/losct_
Facebook:
https://www.facebook.com/profile.php?...
X: https://x.com/losctrecords
TikTok: https://www.tiktok.com/@losctrecords

CONTACTO 
emilio@losct.com
joshuatm@losct.com",,10,2026-02-06T00:00:07Z,284521,22195,1072,ES
z4Fa3R9C1qU,Por un pendejo no se llora (Salud mi Reina) - MTZ Manuel Turizo | DJ Session,"MTZ Manuel Turizo - Por un pendejo no se llora (Salud mi Reina)

Escúchala en tu plataforma preferida:

SPOTIFY: https://ytrocket.app/porunpendejonosellora.KND/spotify
APPLE MUSIC: https://ytrocket.app/porunpendejonosellora.KND/apple
YOUTUBE MUSIC: https://ytrocket.app/porunpendejonosellora.KND/youtubemusic
AMAZON MUSIC: https://ytrocket.app/porunpendejonosellora.KND/amazon
TIDAL: https://ytrocket.app/porunpendejonosellora.KND/tidal

Mira mi más reciente video
Cosas De Enamorao ▶ https://ytrocket.app/cosassdeenamorao/youtube

Sígueme en:
▶ Instagram: https://www.instagram.com/manuelturizo
▶ TikTok: https://www.tiktok.com/@manuelturizoz
▶ Facebook: https://www.facebook.com/ManuelTurizoMusic
▶ X: https://x.com/manuelturizomtz

LETRA:

Otra mas  
Otra historia pero la misma llamada  
Borracha con la voz entrecortada 
Diciendo que otro tipo te fregó  
(Malparido)  

Otro nombre pa tu lista 
Y que a punta de mentiras  
Siempre pasa la entrevista 
Te ganaste el premio de la que más fácil se conquista 
No sé cuándo aprenderás 

Por un pendejo no se llora 
Y si se llora que nunca se entere 
Porque la mas bonita se enamora 
De alguien que no la valora 
Del cabrón que no la quiere 

Que por un pendejo no se llora  
Y si se llora que nunca se entere 
Porque la mas bonita se enamora 
De alguien que no la valora 
Del cabrón que no la quiere 

¿O será que eso fue lo que te gustó?  
Cómo hacemos pa’ que el vicio se te quite, 
Tú siempre te fijas en el peor  
Después te enamoras y repites 

Bebé, seamos realistas  
¿De qué sirve que te insista? 
Sí, siempre que los bloqueas,  
stalkeas por otro insta 

Otro nombre pa tu lista  
Y que a punta de mentiras  
Siempre pasa la entrevista 
Te ganaste el premio de la que más fácil se conquista 
Ay, no sé cuándo aprenderás 

Que por un pendejo no se llora,  
Y si se llora que nunca se entere 
¿Por qué la mas bonita se enamora 
De alguien que no la valora, 
Del cabrón que no la quiere 

Que por un pendejo no se llora  
Y si se llora que nunca se entere 
Por qué la mas bonita se enamora 
De alguien que no la valora 
Del cabrón que no la quiere 

Te gustan los tóxicos  
¡Salud!  
Mucho gusto muchachos  



#Pop 
#Porunpendejo
#SaludMiReina
#Urban 
#Latin 
#Mambo 
#ManuelTurizo  
#Music
 


La Industria INC.
YT Rocket
2025",Manuel Turizo La Bachata Una Lady Como Tú El Merengue Vagabundo De Lunes a Lunes 201 álbum Qué Pecao Mamasota Bahamas Shakira Grupo Frontera Karol G Feid música urbana 2025 reggaetón 2025 pop latino bachata éxitos latinos estrenos latinos Latin hits música nueva Manuel Turizo 2025 Julián Turizo artistas colombianos nuevos lanzamientos Enhorabuena Mírame Ahora Mirame Ahora Manuel Turizo Mirame Blessd Mirame Manuel Turizo Salud Mi Reina,10,2026-02-06T22:00:06Z,74437,2308,136,ES
VGkKariCahk,"Romeo Santos, Chris Lebron - SIRI (Letra/Lyrics)","Romeo Santos, Chris Lebron - SIRI
🎧 Listen/Download: https://open.spotify.com/track/5S4aEL1BMsgLvCSt4BijHd
🔔 Subscribe to get updates on new uploads!

➡️ Romeo Santos
https://open.spotify.com/artist/5lwmRuXgjX8xIwlnauTZIP
https://www.instagram.com/romeosantos

➡️ Chris Lebron
https://open.spotify.com/artist/3GPTvhZ8XfH7WkHXidvELk
https://www.instagram.com/chrislebronf

📲 Connect with SoundKream: 
http://soundkream.io

Follow us on Spotify: 
http://spotify.soundkream.io

🎤 Lyrics:

Oye, Siri, ¿cómo estás?
Nada mal, gracias por preguntar
Tengo el cuaderno repleto de carta' pa' ti, hey
Las cosa' que de aquel tiempo no supe decir
Tengo tu foto en la puerta pa' verte al salir (eh, eh)
Ya no hay espacio en el cel pa' volverte a escribir
Siri, llámala y dile que, yeah
Que vuelva', mmm
Sin ella la casa se ha vuelto una selva
Siri, llama y pregúntale, yeah
Mmm, ""¿Dónde está?"" (Oh, ah)
Que recuperé la virginidad
Haciendo el amor con la soledad, eh
Estas cuatro paredes se ríen en mi cara
La cama la tengo de adorno, no puedo dormir
Si la vida te pasa factura, ¿dónde es que se paga?
Yo no sé qué te hice, ¿por qué te fuiste en silencio?
¿Qué alarma tengo que poner pa' despertar contigo?
Suplicando por las redes, soy el más viral
Nuestro apartamento tiene una peste a agonía
¿De qué vale un techo si ya no es un hogar?
Y llevo la computadora loca
Googleando sobre ti
Ahora vuelvo a pedir
Siri, llámala y dile que, yeah
Que vuelva', mmm
Sin ella la casa se ha vuelto una selva
Siri, llama y pregúntale, yeah
""¿A dónde está?""
Que recuperé la virginidad
Haciendo el amor con la soledad, eh
Ay-ay-ay, ay-ay-ay-ay-yo
Ay-ay-ay, ay-ay-ay-ay-ya
Siri, llámala
Antes de quedar bloqueado
Permíteme un beso, un último adiós
Pero si te molesta mi voz
Tengo una mensajera
Siri, llámala y dile que
Que vuelva', mmm
Sin ella la casa se ha vuelto una selva
Siri, llama y pregúntale
""¿A dónde está?""
Que recuperé la virginidad
Haciendo el amor con la soledad, eh
Regresa a dónde más te quieren
The Golden Boy, yeah, mmm

🏷 Tags:
#romeosantos #chrislebron #siri #letra #lyrics",siri letra romeo santos chris lebron romeo santos chris lebron siri letra chris lebron y romeo santos siri letra letra romeo santos chris lebron siri romeo santos chris lebron letra siri letra chris lebron romeo santos siri romeo santos chris lebron siri siri romeo santos chris lebron chris lebron siri romeo santos romeo santos chris lebron siri chris lebron chris lebron - siri (letra) chris lebron - siri siri lyrics romeo santos siri romeo santos chris lebron,10,2026-01-31T10:00:00Z,77457,105,1,ES
v9u5gxv9veM,"Prince Royce, Romeo Santos - LOKITA POR MI (Letra) ""Baby, así yo te quiero""","✅✅✅Welcome to Melodix!✅✅✅
En este canal encontrarás las letras de las canciones más populares y los hits del momento, tanto en español como en inglés. Disfruta de la música de los artistas más importantes de la industria y descubre nuevas canciones que te encantarán. ¡No olvides suscribirte y activar la campanita 🛎️ para no perderte ninguna actualización!

💚Sigue a Prince Royce: https://open.spotify.com/intl-es/artist/3MHaV05u0io8fQbZ2XPtlC?si=-JM6PbqMTJOT9Zy2Nz9XMQ
💚Sigue a Romeo Santos: https://open.spotify.com/intl-es/artist/5lwmRuXgjX8xIwlnauTZIP?si=4PUWAwICTfSv_4MBv-39aw

✅✅✅Welcome to Melodix!✅✅✅
On this channel, you'll find the lyrics of the most popular songs and the latest hits, both in Spanish and English. Enjoy music from the top artists in the industry and discover new songs that you'll love. Don't forget to subscribe and hit the bell 🛎️ icon to stay updated!

Letra / Lyric

Royce
Listen
De todas las dementes en mi vida
Tú eres la loca que más he amado
Tus defectos se me hacen perfectos
Me han enamorado
No te dejo de adorar
Aunque fastidies y me enojas
Relaciones sin problemas
Nadie vive esa historia
Y todas tus facetas no pueden ser euforia
Loquita por mí
Pon mi cariño en la balanza
Y toneladas de piedras
Nada tiene más peso a como quiero a mi morena
Mi tóxica maniática de tierno corazón
Loquita por mí
Y te amo
Terca, paranoica, sarcástica, nerviosa, media loca
But you're my crazy bitch
Yo te amo
Así peleona, posesiva y celosa, vanidosa
Baby, así yo te quiero
Terca, paranoica, sarcástica, nerviosa, media loca
But you're my crazy bitch
Yo te amo así
Peleona, posesiva y celosa, vanidosa
Loquita te quiero
Hey
I know what you like
Es el chico de las poesías
Tienes un delirio de bichota
Y me tienes controlado
Mi loca, tú eres mi propia Shakira
Facturando y nunca llorando
No te dejo de adorar
Aunque fastidies y me enojas
Relaciones sin problemas
Nadie vive esa historia
Todas tus facetas no pueden ser euforia
Loquita por mí
Pon mi cariño en la balanza
Y toneladas de piedras
Nada tiene más peso a como quiero a mi morena
Mi tóxica maniática de tierno corazón
Loquita por mí
Y te amo
Terca, paranoica, sarcástica, nerviosa, media loca
You're my crazy bitch
Yo te amo así
Peleona, posesiva y celosa, vanidosa
Baby, así yo te quiero
Terca, paranoica, sarcástica, nerviosa, media loca
But you're my crazy bitch
Yo te amo así
Peleona, posesiva y celosa, vanidosa
Mm, loquita te quiero
Ladies, you already know
Delulu
This is Royalty
Mi amor, tú dice que yo soy loca
Pero más loco eres tú que estás conmigo, ja
Y te amo
Terca, paranoica, sarcástica, nerviosa, media loca
But you're my crazy bitch
Yo te amo así
Peleona, posesiva y celosa, vanidosa
Baby, así yo te quiero
Terca, paranoica, sarcástica, nerviosa, media loca
But you're my crazy bitch
Yo te amo así
Peleona, posesiva y celosa, vanidosa
Loquita te quiero

TAGS:
#romeosantos #romeosantosletras #romeosantosvideoletras #romeosantosvideolyric #romeosantostheking #princeroyce #princeroyceletras #princeroycevideoletras #princeroycevideolyric #bachata #bahcataletras #bachatavideoletras #bachataritmo #ritmolatino  #letraslatinas #trendtiktok #tiktoktrend #trendmusic #musicaentendencia #cancionesenespañol #videolyricenespañol #videolyric #videoletras #letras #lyrics #letrasvideos #lyricvideo #videolyricedit #videoedit",Música romántica Canciones de amor Baladas románticas Éxitos románticos Música para dedicar Baladas de amor Canciones románticas en español Música para parejas Música de amor Música tranquila Canciones de desamor Baladas clásicas Romantic music Love songs Romantic ballads Music for lovers Romantic hits Music to dedicate Love ballads Romantic songs in Spanish Music for couples Love music Songs to fall in love Relaxing music,10,2026-01-31T19:03:06Z,83493,155,1,ES
UmQliQ_dNWQ,"Maikel Delacalle, Pressure 9X19, Soul - Tambores (Official)","Music video by Maikel Delacalle, Pressure 9X19, Soul performing Tambores (Official).© 2026 Maikel Delacalle distribuido en exclusiva por Virgin Music Grup",Maikel Delacalle Pressure 9X19 Soul Latino,10,2026-02-06T05:00:38Z,30878,2233,334,ES
XhwviSCTGD4,Álvaro García - A mí me vale (Videoclip Oficial),"Álvaro García - A mí me vale (Videoclip Oficial)

Sigue a Álvaro García en: 
Instagram:  
￼
 / alvarogarciamusica

Music Video by Álvaro García performing Coordenadas ©️ 2026 PIES Compañía Discográfica",,10,2026-02-05T23:00:06Z,22459,1172,81,ES
3S5uP3SDfJc,LOS DESPECHAOS,"Provided to YouTube by Plus Media

LOS DESPECHAOS · Dale Pututi · Nesty · Tito ""El Bambino""

LOS DESPECHAOS

℗ 2026 Plus Media

Released on: 2026-02-06

Programmer: Alejandro Arce
Keyboards: Alejandro Arce
Programmer: Darel Enrique Gomez Pupo
Keyboards: Darel Enrique Gomez Pupo
Producer: Darel Enrique Gomez Pupo
Producer: Alejandro Arce
Mastering Engineer: Jerry
Unknown: Darel Enrique Gomez Pupo
Mixing Engineer: Darel Enrique Gomez Pupo
Unknown: Alejandro Arce
Mixing Engineer: Alejandro Arce
Music Publisher: Copyright Control
Composer Lyricist: Alejandro Arce
Composer Lyricist: Ernesto Galguera
Composer Lyricist: Dariel Gomez Pupo

Auto-generated by YouTube.","Dale Pututi Nesty Tito ""El Bambino"" LOS DESPECHAOS",10,2026-02-05T10:01:08Z,100904,3234,181,ES
Z4Lo26UXZus,"Vinnie Dollar , Abraham garrido - MI MUSA 2","Videoclip oficial de la canción MI MUSA 2 del artista Vinnie Dollar junto a Abraham Garrido.

Grabado y editado por Konerapkourfilms.
Letra y voz por Vinnie Dollar y Abraham Garrido.
Beat por Vinnie Dollar.
Mix y máster por Rectone.
Ayudantes y Figurantes :
Aimar Guilarte
KosteZero
Mopri.Content
Spanish passion music
Bolt music
22GVNG

Gracias a la familia y amigos de Abraham por hacer esto posible y el barrio de orcasitas por volcarse con nosotros. 

Sigue a Vinnie en : 

https://open.spotify.com/artist/5ae6HscSP89gGYtzwkrunV?si=UGciHlPhQXCQIxAKaszRcQ

https://www.tiktok.com/@vinniedollar?_r=1&_t=ZN-93h9hA8WJss

https://www.instagram.com/vinniedollar?igsh=Z3Bma29teXE1MnZ0&utm_source=qr

Sigue a Abraham en :

https://open.spotify.com/artist/6BkA9Xf8ZSx2yX9jCUOZYz?si=7E4yfG1jRViQZXPpIEeHJw

https://www.tiktok.com/@abraham_garrido_official?_r=1&_t=ZN-93hB1xnEWAh

https://www.instagram.com/abraham_garrido_oficial?igsh=M20wODQ0ejA2bTl6",Flamenco Flamenco urbano Música urbana Morad Dellafuente Rosalía Omar montes Saiko Israel Fernández Natanael Cano Laja Jc reyes Big papá Rap Dril Drill Spanish drill Bala perdía J abecia Kinkybwoy Jp Fernández Camin Haze Luz VINNIE dollar Zona gemelos Gemelos Fernando costa,10,2026-02-06T14:00:06Z,12151,830,119,ES
d9TtEI-4nGM,Daviles de Novelda - Contigo Sueño (Videoclip oficial),"Spotify: https://open.spotify.com/intl-es/artist/6E94QKXZv8BbO6QQJxcxLI?si=M8d1CJ_hQ9-k6IxuW5_VqA
Apple Music:  https://music.apple.com/es/artist/daviles-de-novelda/1326792473
Instagram: https://www.instagram.com/davilesdenovelda_oficial/
TikTok: https://www.tiktok.com/@oficialdaviles

Producción y mezcla: Daviles de Novelda
Master: Michael Fuller, Fullersound, Inc
Videoclip dirigido por: Mowlihawk

Letra:
Qué más puedo pedir
Por ti yo vivo enamorao’
Si no estás aquí no te vayas de mi lao’
Tú la reina de mi casa
Lo malo se pasa
Cuando me abrazas pegao’

Bailando una salsa
Contigo sueño
Porque tú eres la dueña de mi vida reina de mis pensamientos
Cuando beso tu boca tus labios yo siento que se para el tiempo
Tus abrazos tus caricias me calman el alma me quitan los nervios
Yo quiero estar contigo pa’ todos los restos

De tus labios tengo sed
Quiero acariciar tu piel
Y enredarme contigo
Hacerlo hasta el amanecer

Mira lo guapa que ella se pone
Cuando sale arregla’ to’ el mundo le tira flores
Se sabe cada una de mis canciones
Y me manda videitos bailando con sus tacones

Me quedo contigo
Si tú eres el fruto prohibido
Que Dios me perdone
Pero es que no puedo resistirlo y tengo que admitirlo

Bésame navega conmigo
En mi barquito de papel
Podemos sentirnos
Y enamorarnos
Como la primera vez

Me pasa que si miro tu carita el corazón se me para
Que me enamora tu moreno gitana
Quédate conmigo en mi cama pa’ darte con ganas
Es que no ves que estoy enamorao’ perdio’ de tus lunares

Me sabe a caramelo a caramelito me sabe
Quiero darte besitos por toditos los lugares
Muévelo como tú sabes eres mía por mi Mare

Contigo sueño
Porque tú eres la dueña de mi vida reina de mis pensamientos
Cuando beso tu boca tus labios yo siento que se para el tiempo
Tus abrazos tus caricias me calman el alma me quitan los nervios
Yo quiero estar contigo pa’ todos los restos

Qué más puedo pedir
Por ti yo vivo enamorao’
Si no estás aquí no te vayas de mi lao’

Tú la reina de mi casa
Lo malo se pasa
Cuando me abrazas pegao’
Bailando una salsa

Contigo sueño
Porque tú eres la dueña de mi vida reina de mis pensamientos
Cuando beso tu boca tus labios yo siento que se para el tiempo
Tus abrazos tus caricias me calman el alma me quitan los nervios
Yo quiero estar contigo pa’ todos los restos

#ContigoSueño
#DavilesDeNovelda",daviles de novelda daviles de novelda 2019 flamenco flamenco salsero flamenco gitano reggaeton,10,2026-02-06T15:22:31Z,16430,1199,46,ES
WJgxc3P2z_I,Rocío Dúrcal - Hoy Lo Vi Pasar (Letra/Lyrics),"Welcome to MusicOnly!

Enjoy the best lyrics videos and sing along to your favorite songs. Make sure to subscribe and hit the bell icon 🔔 to never miss an update.

Follow Rocío Dúrcal
  / rociodurcaloficial  
  / rociodurcalmusic  

Follow MusicOnly: 
https://www.instagram.com/musiconly.ig
https://open.spotify.com/user/31q2fgelhc37kaaonxeq327iirbq

Letra/Lyrics:

[Verso 1]
Hoy lo vi pasar
Sin querer se apoderaron de mi antiguos sentimientos
Que yo pensé que no existían en mi
Que estaban mas que muertos, tanto tiempo
Hoy lo vi pasar
Sentí algo extraño que no puedo explicar a menos que lo quiera
Porque la sangre me quemaba la piel corriendo por mis venas
Que condena

[Coro]
Y recordé todos los buenos momentos que viví a su lado
Cuando a mi cielo lo lleno de estrellas, con su huella
Y me olvide todo lo triste, lo malo que paso conmigo
Que fue por él todo lo que he sufrido, con su olvido

[Verso 2]
Hoy lo vi pasar
Me di cuenta que jamás lo olvide, que todavía lo quiero
Que esta en mi vida que no pude olvidar y que no soy de acero
Y lo quiero

[Coro]
Y recordé todos los buenos momentos que viví a su lado
Cuando a mi cielo lo lleno de estrellas, con su huella
Y me olvide todo lo triste, lo malo que paso conmigo
Que fue por él todo lo que he sufrido, con su olvido

[Coro]
Y recordé todos los buenos momentos que viví a su lado
Cuando a mi cielo lo lleno de estrellas, con su huella
Y me olvide todo lo triste, lo malo que paso conmigo
Que fue por él todo lo que he sufrido, con su olvido

Tags
rocío dúrcal hoy lo vi pasar, hoy lo vi pasar, hoy lo vi pasar rocío dúrcal, rocío dúrcal hoy lo vi pasar letra, hoy lo vi pasar letra, hoy lo vi pasar rocío dúrcal letra, rocío dúrcal hoy lo vi pasar lyrics, hoy lo vi pasar lyrics, hoy lo vi pasar rocío dúrcal lyrics, tiktok, tiktok song, tiktok remix

#RocíoDúrcal #HoyLoViPasar #Letra #Lyrics",MusicOnly rocío dúrcal hoy lo vi pasar hoy lo vi pasar hoy lo vi pasar rocío dúrcal rocío dúrcal hoy lo vi pasar letra hoy lo vi pasar letra hoy lo vi pasar rocío dúrcal letra rocío dúrcal hoy lo vi pasar lyrics hoy lo vi pasar lyrics hoy lo vi pasar rocío dúrcal lyrics tiktok tiktok song tiktok remix,10,2026-02-02T12:30:52Z,308494,488,9,ES
g0DJkGbKHmE,"Funzo, Fyahbwoy - CHICA DE FUEGO (Video Oficial)","‘CHICA DE FUEGO’ ya disponible.

Sígueme @funz.o

SPOTIFY Funzo: https://open.spotify.com/artist/4fqIWm9UJskEBvqnNHuEHo?si=T7eZf_60R--ZDjlTjeixtQ
SPOTIFY Fyahbwoy: https://open.spotify.com/artist/6uFTGm4t8Z6tXyCm22sLQM?si=Fu7smdhYQqi9zwgYvdx4_A

IG Funzo: https://www.instagram.com/funz.o/
IG Fyahbwoy: https://www.instagram.com/fyahbwoy/

TIKTOK Funzo: https://www.tiktok.com/@funz.o
TIKTOK Fyahbwoy: https://www.tiktok.com/@generalfyah

Productor: Fectro

LETRA:

Maestro Suan, creo que me he enamorado de la chica equivocada

Cuéntame “bro”, cómo es ella

Hace tiempo me observa, te juro que me paraliza

Será que su mirada petrifica

Desde ayer va hasta arriba de hierba sativa

Hasta el chulo del barrio si la ve traga saliva

Y es que Dios tiene a favoritas, si no no es normal

Yo pensaba que era artista de make up

Pero despertó al natural y dije

Chica de fuego puro TNT

Vente de party deja el TFG

Yo apruebo raspado ella es un diez de diez

Me enamoró y ni la miré

Es la Chica de Fuego (FYAH GIRL)

Mi piba sicaria (FYAH GIRL)

De lunes a viernes no sale de casa sin la hierba necesaria

Es la Chica de Fuego (FYAH GIRL)

That gyal is on fire (FYAH GIRL)

FYAH FYAH GIRL, escucha Fyahbwoy desde quinto de primaria

Hace tiempo me ficha

Le dije pero no me escucha

Yo me quiero perder con esa bicha

Tan arrecha, apesta a weed como Wiz Khalifa

Y se mueve como el viento de Tarifa

Y yo la vi yo la vi yo la vi, me pedía comeme entera

Lo hace fenomenal, fuera de lo normal

GYAL métele dancehall a mi manera

Es una Barbie, una badbitch

Viene de Barcelona pero vive en Madrid

Es una Barbie, una badbitch

Una Barbie montá’ en el Batmóvil

Chica de Fuego puro TNT

Déjalo todo ven y atrévete

Yo un cinco “pelao”

Y ella es un diez de diez

Me enamoró y yo ni siquiera la miré

Es la Chica de Fuego (FYAH GIRL)

Mi piba sicaria (FYAH GIRL)

De lunes a viernes no sale de casa sin la hierba necesaria

Es la Chica de Fuego (FYAH GIRL)

That gyal is on fire (FYAH GIRL)

FYAH FYAH GIRL, ella escuchaba a Funzo desde quinto de primaria

Fuego, fuego, FYAH GIRL

Esa niña está prendía’

Fuego, fuego, FYAH GIRL

Esa niña está prendía’ en fuego….",,10,2026-02-05T23:00:00Z,20877,1448,99,ES
5PX1ZSq0fFw,Aitana - 6 DE FEBRERO (Letra),"""Porque todavía te quiero, yo te quiero"" 🦖💙
#Aitana #6DEFEBRERO #TikTok

Aitana - 6 DE FEBRERO (Letra)
Aitana - 6 DE FEBRERO (Letra)
Aitana - 6 DE FEBRERO (Letra)

🌟 Sigue a Aitana por aquí 🌟
🎬 YouTube: https://www.youtube.com/@aitana
🎵 TikTok: https://www.tiktok.com/@holaitana
🐦 Twitter: https://x.com/Aitanax
📸 Instagram: https://www.instagram.com/aitanax/?hl=es

🌐 ¡Mis Redes Sociales! 🌐
🥳 ¡Seguime y te doy un chocolate! 🍫

📧 Correo de Contacto: marinosaurioxx@gmail.com
📸 Instagram: https://www.instagram.com/marinosaurio_
🎵 TikTok: https://www.tiktok.com/@marinosaurio_
🐦 Twitter: https://twitter.com/marinosaurio
📌 Pinterest: https://pinterest.com/marinosaurioxx
☕ Paypal - Donaciones: https://www.paypal.me/marinosifuentesa
🎧 Spotify - Mis playlists: https://open.spotify.com/user/30xm62kmmosor8wlj34c3o67k?si=1qkKWQ8eSfqunAuk09FwNA&nd=1&dlsi=976fcd35d3994120

🎉 ¡Gracias por tu apoyo! 🎉
Si te gusta el contenido que subo, ¡suscribite al canal y compartí los videos con tus amigos!

🎶 Antes de ver este vídeo:
👉 Chequéa el video original aquí: https://youtu.be/7csX6CfgMoo?si=AiUOCJzEPAFmFJVn

🎤 Letra completa para que cantes:
[Verso 1]
Un 6 de febrero
Un ""te amo"" que ya no está
De lo verdadero a lo lejano
¿Tú de qué vas?

[Pre-Coro]
Fue un invierno en el que fuimos dos
Es más frío cuando no estás tú
Hoy ya no puedo escuchar tu voz
Otra vez sola en mi cuarto azul

[Coro]
Porque todavía te quiero, yo te quiero
Maldito, me olvidaste de primero
Tú que me prometiste el mundo entero
Ahora devuélveme mi 6 de febrero

[Post-Coro]
Porque vivo bailando para no llorar más
Te veo en todas partes, todavía no te vas
¿Qué hago para olvidarte sin poder devolver el tiempo atrás?

[Verso 2]
Sí, perdí, ¿qué más da?
Te creí, qué lastima
Y a veces pienso que tal vez tú me usaste
Para olvidarte de otra que no olvidaste
Si piensas en mí, te pido un favor
No hagas lo de siempre, no escribas, mi amor
Ya déjame aquí
Que aquí estoy mejor
Aunque por ahora parezca peor

[Coro]
Porque todavía te quiero, yo te quiero
Maldito, me olvidaste de primero
Tú que me prometiste el mundo entero
Ahora devuélveme mi 6 de febrero

[Post-Coro]
Porque vivo bailando para no llorar más
Te veo en todas partes, todavía no te vas
¿Qué hago para olvidarte sin poder devolver el tiempo atrás?

[Outro]
Yo no puedo olvidarte sin poder devolver el tiempo atrás
(Ahora devuélveme mi 6 de febrero)
(Ahora devuélveme mi 6 de febrero)
(Ahora devuélveme mi 6 de febrero)

📌 Tags
aitana 6 de febrero, aitana 6 de febrero letra, aitana 6 de febrero en vivo, aitana 6 de febrero karaoke, aitana 6 de febrero remix, aitana 6 de febrero canción, aitana 6 de febrero audio, aitana 6 de febrero reacción, aitana 6 de febrero cover, 6 de febrero aitana, 6 de febrero aitana karaoke, 6 de febrero aitana letra, 6 de febrero aitana canción, 6 de febrero aitana en vivo, 6 de febrero aitana  remix, aitana, 6 de febrero, 6 de febrero letra, 6 de febrero aitana cover",aitana 6 de febrero aitana 6 de febrero letra aitana 6 de febrero en vivo aitana 6 de febrero karaoke aitana 6 de febrero remix aitana 6 de febrero canción aitana 6 de febrero audio aitana 6 de febrero reacción aitana 6 de febrero cover 6 de febrero aitana 6 de febrero aitana karaoke 6 de febrero aitana letra 6 de febrero aitana canción 6 de febrero aitana en vivo 6 de febrero aitana remix aitana 6 de febrero 6 de febrero letra 6 de febrero aitana cover,10,2026-02-06T17:00:07Z,25409,282,18,ES
1jpn72CZoQ0,Aprovecha -Nova y Jory Ft Daddy Yankee (video official) HD,"Nova y Jory Ft Daddy Yankee Aprovecha (Video Official )
@DaddyYankee 
@millonesweb
@JORYBOYT 
@NovaLaAmenaza",,10,2026-02-04T23:30:26Z,219800,1118,22,ES
EZ7qIWGAhXc,La canción perfecta para dedicar: Cama y Mesa - Roberto Carlos (Calidad Vinilo),"#robertocarlos  #camaymesa #nostalgia #despecho #musicalatina 

Roberto Carlos - Cama y Mesa - Cama e Mesa (Letra/Lyrics)

Sigue a Roberto Carlos:
facebook:   https://www.facebook.com/RobertoCarlosOficial/

Muchas gracias por ver nuestro video!! 🌟 si te gustan nuestros videos, suscribirte al canal que vienen muchos videos y canciones más! ♫",Musica latina Musica Caifanes Musica Mexicana Mexico Musica Latinoamerica Musica en Español Musica viejita musica para año nuevo musica para navidad musica para cantar nostalgia cantar latin music rock español rock clasico music mexican music 80s pop pop español baladas cancion para cantar romance romantica canciones romanticas jose jose principe de la canción Camilo Sesto Roberto Carlos Nostalgia Despecho cama y mesa emmanuel mijares,10,2026-02-04T14:30:06Z,251214,1152,7,ES
z6_VPhzM-IA,BIENVENIDA,"Provided to YouTube by WEA Latina

BIENVENIDA · Clarent

BIENVENIDA

℗ 2026 De Baller Inc. under exclusive license to Warner Music Latina Inc.

Producer: 27LLebo
Vocals: Clarent
Mixing Engineer: Gerar
Co- Producer: Jonniel Rythmz
Mastering Engineer: Machael
Mixing Engineer: Turbo G
Composer: Fabien A. Cartagenas
Lyricist: Fabien A. Cartagenas

Auto-generated by YouTube.",Clarent BIENVENIDA,10,2026-02-03T20:20:22Z,44349,698,23,ES
MgEcQTvsObY,ROCHY RD FT EZZY R X RONNY GTA - ME QUITE UN TENI (VIDEO OFICIAL),,,10,2026-02-05T17:19:14Z,597727,39869,2480,ES
DKXa6CXFEkk,ESTRENO | ETERNA VICTORIA | A.M. NTRA. SRA. DE LA ENCARNACIÓN,"Estreno de la obra de Juan Manuel Carmona dedicada a nuestra querida Hermandad de La Paz.

El acto fue celebrado en la Parroquia San Jacinto (Triana, Sevilla).

📲  ￼ https://x.com/amencarnacion_?s=21
📲  ￼ https://www.instagram.com/amencarnacionsb?igsh=a2M4bTU5OTB6bThk&utm_source=qr
📲 https://www.facebook.com/share/1AjQL9DA8x/?mibextid=wwXIfr
📲  ￼ https://www.tiktok.com/@amencarnacionsb?_r=1&_t=ZN-93jJOd1BFV0

Canal oficial de la Agrupación Musical Ntra. Sra. de la Encarnación de la Hermandad de San Benito (Sevilla).
¡PARA SER EL PRIMERO EN VER NUESTROS NUEVOS VÍDEOS, HAZ CLICK EN LA CAMPANA JUNTO AL BOTÓN DE SUSCRIBIRSE! 🔔",,10,2026-02-07T21:04:42Z,2841,244,19,ES
yXgvde31yLQ,LA MUJER QUE ME PARIO,"Jezzy - LA MUJER QUE ME PARIO | Video Oficial
Dir. By Pantomima Music & @lehwiz_  

Disponible en todas la plataformas
https://sym.ffm.to/lamujerquemepario

Si te gustó este video comenta debajo y no olvides suscribirte a mi canal de YouTube. Activas las notificaciones ¡No te pierdas ningún estreno! 

https://bit.ly/JezzyYouTube

Letra LA MUJER QUE ME PARIO

Nunca Shy-nunca shy
Ayayay-ayayay-ayayay-ayayay
Ye-ye-ye-ye-ye-yeeeee

La mujer que me pario papa dio que me la cuide
Con parime' ya ute' hizo demasiado
Salio el sol, salio el sol pero e de noche
No se ta' acabando el mundo eso e' Jezzy endiamantado
Me siento mal pero yo no pienso en matame'
Me siento mal y lo que quiero asalta' un banco
Lo contrario roncan de que ello tienen pitola'
Yo tambien tengo lo mio, podemo' juga tiro al blanco
Me guta' anda por el bloque causando miedo
Doblando la equina', utede' se quedan en pausa
Al contato' le guta' como yo brego
Voy y vengo como si na, soy un fantasma

Voy y vengo como si na, como si na
Voy y vengo, voy y vengo como si na, como si na
Voy y vengo, voy y vengo como si na, como si na
Voy y vengo, como que he un chite'

Todas mis amigas son cuero, son cuero
Mis amigo' son sicario'
Ye-ye-ye-ye-ye-yeeeee
Todas mis amigas son cuero, son cuero
Mis amigo' son sicario'
Ayaya ayayay ayayay ayayay

Quiero tranquilizame' no quiero se'un mujeriego
Si tiene el culo grande dale banda no'e sencillo
Endrogado deje el celular debloqueao'
La loca le llego a to' eso, me iba mata con un cuchillo

Rock n Roll, Rock n Roll no me lo baje
Damele valol'
Yee Ayayay-ayayay-ayayay-ayayay
El hijo e' Fifi dando para

La mujer que me pario papa dio que me la cuide
Con parime' ya ute' hizo demasiado
Salio el sol, salio el sol pero e' de noche
No se ta' acabando el mundo eso'e Jezzy endiamantado
Me siento mal pero yo no pienso en matame'
Me siento mal y lo que quiero asalta' un banco
Lo contrario roncan de que ello tienen pitola'
Yo tambien tengo lo mio, podemo' juga tiro al blanco
Me guta' anda por el bloque causando miedo
Doblando la equina', utede' se quedan en pausa
Al contato' le guta' como yo brego
Voy y vengo como si na, soy un fantasma

Voy y vengo como si na, como si na
Voy y vengo, voy y vengo como si na, como si na
Voy y vengo, voy y vengo como si na, como si na
Voy y vengo, como que he un chite'

Todas mis amigas son cuero, son cuero
Mis amigos son sicario'
Ye-ye-ye-ye-ye-yeeeee
Todas mis amigas son cuero, son cuero
Mis amigos son sicario'

Balbaro' que sensación causa ese menol'
Jezzy, el de utede' saben porque y no de que'
No se hagan lo ciego, ni lo sordo
Utede' me tan viendo y me tan ecuchando'
Y pa' mi fanatico, epero' que mi música
Le haya llevado alegría a cada uno de utede'
Para mi fue ma' que un honor
El hijo de Fifi dando para
Si que si, si que si... nunca shy, nunca shy
Reconstruyendo Emociones
El Album, Coming soon

_________________

Sigue a Jezzy / Follow Jezzy:
https://www.instagram.com/jezzyelchef/
https://www.tiktok.com/@jezzyelchef
https://spoti.fi/48124hO

Official Music Video by Jezzy performing LA MUJER QUE ME PARIO.

The music video and sound recording is protected by the Content ID system. All rights reserved.
jezzy,la,mujer,que,me,pario",jezzy jezzy el chef el chef de los versos yezzy yezzy el chef la mujer que me pario jezzy la mujer que me pario la mujer que me pario jezzy yezzy la mujer que me pario la mujer que me pario video oficial video oficial la mujer que me pario jezzy fantasma fantasma fantasma jezzy yeezy fantasma jezzy el chef fantasma jezzy el chef la mujer que me pario la mujer que me pario papa dios que me la cuidela mujer que letra la mujer que me pario letra fanstasma,10,2026-02-07T01:31:26Z,184989,22644,1875,ES
vgiUXdcX5xQ,Roberto Carlos - Cama y Mesa (Letra / Lyrics),"🎨 ARTWORK: 

 ¡Muchas gracias por ver el video, espero que les haya encantado! SUSCRÍBANSE SI ES ASÍ 💞

Roberto Carlos - Cama y Mesa (Español)
Roberto Carlos - Cama y Mesa

✨ Sigue a Roberto Carlos:
Roberto Carlos - Cama y Mesa - Cama e Mesa
Released 31/12/2006


#RobertoCarlos
#latin

♪ Lyrics:
Quiero ser tu canción desde el principio al fin
Quiero rozarme en tus labios y ser tu carmín
Ser el jabón que te suaviza, el baño que te baña
La toalla que deslizas por tu piel mojada
Yo quiero ser tu almohada, tu edredón de seda
Besarte mientras sueñas y verte dormir
Yo quiero ser el sol que entra y da sobre tu cama
Despertarte poco a poco, hacerte sonreír
Quiero estar en el más suave toque de tus dedos
Entrar en lo más íntimo de tus secretos
Quiero ser la cosa buena, liberada o prohibida
Ser todo en tu vida
Todo lo que me quieras dar, quiero que me lo des
Yo te doy todo lo que un hombre entrega a una mujer
Y más allá de ese cariño que siempre me das
Me imagino tantas cosas quiero siempre más
Tú eres mi dulce desayuno, mi pastel perfecto
Mi bebida preferida, el plato predilecto
Yo como y bebo de lo bueno y no tengo hora fija
De mañana, tarde o noche, no hago dieta
Y ese amor que alimenta a mi fantasía
Es mi sueño, es mi fiesta, es mi alegría
La comida más sabrosa, mi perfume, mi bebida
Es todo en mi vida
Todo hombre que sabe querer
Sabe dar y pedir a la mujer
Lo mejor, y hacer de ese amor
Lo que come, que bebe, que da, que recibe
El hombre que sabe querer
Y se apasiona por una mujer
Convierte su amor en su vida
Su comida y bebida en la justa medida
El hombre que sabe querer
Sabe dar y pedir a la mujer
Lo mejor, y hacer de ese amor
Lo que come, que bebe, que da, que recibe
Pero el hombre, sabe querer
Y se apasiona por una mujer
Convierte su amor en su vida
Su comida y bebida en la justa medida
Pero el hombre que sabe querer
Se apasiona por una mujer
Convierte su amor en su vida
Su comida y bebida en la justa medida

[tags]
Roberto Carlos Cama y Mesa, sub español, traducida al español, subtitulada al español, traducción, letra, subtitulada, traducciones, translations, beats and beats, Tiktok",,10,2026-02-04T18:00:06Z,471314,1729,17,ES
IJA9rmPMXyc,Baby Rasta y Gringo - Me Niegas (LETRA),"SUSCRÍBETE Y PRESIONA (🔔) PARA UNIRTE AL EQUIPO DE NOTIFICACIONES Y MANTENERTE ACTUALIZADO CON LOS NUEVOS VIDEOS 

Baby Rasta y Gringo - Me Niegas:
https://youtu.be/TC7JeILP4KY?si=qEmmMM6tUJP2MMD4

👇NUESTRAS  REDES SOCIALES 👇
📸 https://www.tiktok.com/@radio.reggeaeton
📸 https://www.instagram.com/radio.reggaeton/
📸 https://www.facebook.com/Reggaeton-y-Trap-679793115555367

▶️ NUEVO CANAL ▶️
https://www.youtube.com/channel/UCFigkPpo-OEvorncZ20wpWg

LETRA/LYRIC:🎵
Ya me dijeron que tu hablabas de mi
Que tanto busca conmigo
Que hasta me tiene por el piso
Y yo se por qué
Y la mierda que tu habla de mi
Te la tendrás que comer
Que yo me quedo tranquilo
Así que vete con él

No sé por qué tú me niegas
Si yo sé que tú me prefiere
Cuando lo hacemos a mi manera
Me dice que no lo saqué que hay lo deje

No sé por qué tú me niegas
Si yo sé que tú me prefiere
Cuando lo hacemos a mi manera
Me dice que no lo saqué que hay lo deje

Pero tú sabes la verdad el que te pone contenta
Habla lo que quieras que de mala tu aparenta
Tu tanto guille que te da pero la realidad
Por la noche yo soy el que te calienta
Yo soy el que te hace los truquitos que te gustan
Tus amigas me velan y rápido preguntan
Viste como ella por mi se desviste
Tú te la jugaste te envolviste y perdiste

No te lo hizo bien bien tu amiga me contó
Que a tu vida le hace falta un hombre como yo
Que no te dio lo que te di y que a pesar del tiempo
No puedes vivir sin mi

No sé por qué tú me niegas
Si yo sé que tú me prefiere
Cuando lo hacemos a mi manera
Me dice que no lo saque que hay lo deje

No sé por qué tú me niegas
Si yo sé que tú me prefiere
Cuando lo hacemos a mi manera
Me dice que no lo saqué que hay lo deje

Tengo una noticia pa ti
La foto que enviaste voy a ponerla de perfil
Pa que to el mundo se entere
Que anoche estuviste conmigo
Yo dándote castigo y esta noche
Vuelvo y sigo pa que sienta el ohhh ohhh
Ese piquete bicha vela como te lo bajo
Cuando siente el ohhh ohhh
De las 12 hasta las 6
Te como el body pa'l carajo

No sé por qué tú me niegas
Si yo sé que tú me prefiere
Cuando lo hacemos a mi manera
Me dice que no lo saque que hay lo deje

No sé por qué tú me niegas
Si yo sé que tú me prefiere
Cuando lo hacemos a mi manera
Me dice que no lo saqué que hay lo deje

TAGS:🎤 
#babyrastaygringo #MeNiegas #Reggaeton 

📧 Correo Electronico: radioreggaetonproduction@gmail.com",Reggaetón Música Nueva Tendencias Musica Musica Urbana Video letra,10,2026-02-02T20:00:12Z,150130,302,6,ES
w8jE_C8PPUs,CRESH K - OTRO ROL (VIDEOCLIP OFICIAL) Prod.by Vupp,"Escucha Cresh K en todas las plataformas digitales:
https://open.spotify.com/intl-es/artist/7vUDNa1gXfJ61MWRaO7B3Y

Redes Sociales:
https://www.instagram.com/creshk_/
https://www.tiktok.com/@creshk___

Directed by:
https://www.instagram.com/65pics/

Mix and Master:
https://www.instagram.com/prod.vupp/",,10,2026-02-05T21:00:06Z,11355,957,136,ES
uW3m_IZPhL4,Zaramay - La morocha es Glock,"Zaramay - La morocha es glock (VIDEO OFICIAL)

Artista: https://www.instagram.com/zaramaybaby/
Producción: https://www.instagram.com/djplaga/
Videoclip: https://www.instagram.com/Luguezprod

L A  N U E V A  S A N G R E
Melodia: https://www.instagram.com/elskechy
Drums: https://www.instagram.com/wing.beats_
Arreglos: https://www.instagram.com/bulla.beats
Mix y Master: https://www.instagram.com/yeyca.beats

Todos los derechos reservados. 2026
© Espantapájaros Exclusive License",zaramay bizarrap sessions 11 el jefe del malianteo,10,2026-02-07T02:30:07Z,127792,12620,1359,ES
RDAHVb6JZ0s,Shakira - Si Te Vas (Letra),"🎵Shakira - Si Te Vas (Letra)

⇨ Shakira :
http://www.instagram.com/shakira
https://www.youtube.com/shakira
https://twitter.com/shakira
https://www.facebook.com/shakira
⇨ Escucha Nuestra Playlist de Spotify! :
https://open.spotify.com/playlist/7iUQLvlRuKvVdZ1yDhmH6H?si=19a494afbd454b8c
⇨ Escucha Nuestra Playlist de Youtube! :
https://youtube.com/playlist?list=PLzUy9qQrjQ34Cy6LskeRlvu4sTBYhkBUw&si=GbkIvDRRAN_fLth4

🔔 Activa las notificaciones para enterarte de los vídeos nuevos!

Espero que te haya gustado nuestro video!

Letra:
Cuéntame ¿que harás después que estrene su cuerpo?
Cuando muera tu traviesa curiosidad
Cuando memorices todos sus recovecos
Y decidas otra vez regresar
Ya no estaré aquí en el mismo lugar
Si no tiene más que un par de dedos de frente
Y descubres que no se lava bien los dientes
Si te quita los pocos centavos que tienes
Y luego te deja solo, tal como quiere
Se que volverás el día en que ella te haga trizas
Sin almohadas para llorar
Pero si te has decidido, y no quieres más conmigo
Nada ahora puede importar
Por que sin ti
El mundo ya me da igual
Si te vas, si te vas, si te marchas
Mi cielo se hará gris
Si te vas, si te vas, ya no tienes
Que venir por mi
Si te vas, si te vas, si me cambias
Por esa bruja, pedazo de cuero
No vuelvas nunca más
Que no esta aquí
Toda escoba nueva siempre barre bien
Luego vas a ver desgastadas las cerdas
Cuando las arrugas le corten la piel
Y la celulitis invada sus piernas
Volverás desde tu infierno
Con el rabo entre los cuernos
Implorando una vez más
Pero para ese entonces
Yo estaré un millón de noches
Lejos de esta enorme ciudad
Lejos de ti
El mundo ya me da igual
Si te vas, si te vas, si te marchas
Mi cielo se hará gris
Si te vas, si te vas, ya no tienes
Que venir por mi
Si te vas, si te vas, si me cambias
Por esa bruja, pedazo de cuero
No vuelvas nunca más
Yo no estaré aquí
Si te vas, si te vas, si te marchas
Mi cielo se hará gris
Si te vas, si te vas, ya no tienes
Que venir por mí
Si te vas, si te vas, si me cambias
Por esa bruja, pedazo de cuero
No vuelvas nunca más
No vuelvas, no estaré aquí",shakira - si te vas (letra) shakira si te vas letra si te vas letra shakira si te vas shakira letra letra si te vas shakira shakira letra si te vas letra shakira si te vas letra de shakira si te vas shakira - si te vas shakira si te vas letra lyrics shakira si te vas letra en vivo letra lyrics shakira si te vas su te vas shakira letra si te vas shakira shakira si te vas si te vas letra shakira si te vas lyrics si te vas lyrics shakira shakira si te vas song,10,2026-02-02T21:45:00Z,171207,172,1,ES
hVmga4MlSDM,P!nk - Try (Lyrics),"P!nk - Try (Lyrics)
• Stream: http://smarturl.it/PSpot?IQid=PinkT

• Lyrics: P!nk - Try (Lyrics)


Ever wonder 'bout what he's doin'?
How it all turned to lies?
Sometimes I think that it's better
To never ask why

Where there is desire, there is gonna be a flame
Where there is a flame, someone's bound to get burned
But just because it burns doesn't mean you're gonna die

You've gotta get up and try, try, try
Gotta get up and try, try, try
Gotta get up and try, try, try
Funny how the heart can be deceiving
More than just a couple times
Why do we fall in love so easy
Even when it's not right?

Where there is desire, there is gonna be a flame
Where there is a flame, someone's bound to get burned
But just because it burns doesn't mean you're gonna die

You've gotta get up and try, try, try
Gotta get up and try, try, try
You've gotta get up and try, try, try
Ever worry that it might be ruined
And does it make you wanna cry?
When you're out there doing what you're doing

Are you just getting by?
Tell me, are you just getting by, by, by?
Where there is desire, there is gonna be a flame
Where there is a flame, someone's bound to get burned
But just because it burns doesn't mean you're gonna die

You've gotta get up and try, try, try
Gotta get up and try, try, try
You've gotta get up and try, try, try
Gotta get up and try, try, try

Gotta get up and try, try, try
You've gotta get up and try, try, try
Gotta get up and try, try, try
You've gotta get up and try, try, try
Gotta get up and try, try, try

©️ The audio in this video was used with permission from the relative rights holder(s). If you would like to use the song for your video, please contact the relevent label directly. For any business enquiries or issues, contact luke@trendingtracks.co.uk.

Tags:
P!nk Try
P!nk Try Lyrics
p!nk try lyrics
Try P!nk Lyrics
try p!nk lyrics
Try Lyrics P!nk
try lyrics p!nk
Ever wonder about what he's doing
How it all turned to lies
P!nk
Try
Pop
TrendingTracks

#Try #Pink #Lyrics",p!nk try lyrics P!nk Try Lyrics p!nk try P!nk Try p!nk try lyrics P!nk Try Lyrics try p!nk Try P!nk try p!nk lyrics Try P!nk Lyrics Where there is desire there is gonna be a flame Pop TrendingTracks,10,2026-01-31T20:00:27Z,344091,869,13,ES
ebJG7HfyUhA,PERFUME - C de CAMA (Videoclip Oficial),"PERFUME - C de Cama

Sigue a C de Cama: 
Instagram: https://www.instagram.com/cdecama.oficial/

Spotify C de Cama: https://open.spotify.com/intl-es/artist/5sK9Bieh35VgebRY9dm7jg?si=aoTUrypPSBG4AG9YWD606Q

Autor: C de Cama
Producción, mezcla y máster: R.MEDINA

Composición: C de Cama
Video: Moonvisual

#cdecama #colorete #perfume #FLAMENCO #flamencoflow #cama  #musicagitana #BoltMusic",,10,2026-02-05T23:00:21Z,12782,503,26,ES
d89S5gGMDXw,Prince Royce - La Carretera (Letra/Lyrics),,,10,2026-01-31T16:50:00Z,274825,325,0,ES
4Q94zA7azng,KRISAN X RULO X PIRRI X DANIFLAKKO - CHECHENO,"KRISAN X RULO X PIRRI X DANIFLAKKO - CHECHENO

ESCÚCHALA EN SPOTIFY
https://open.spotify.com/track/1V3E9rQL6mYpgB64FKlYRu?si=2pnzxGYsT2mx3nWgprbCZg


LETRA

PIRRI

Voy con una soga al cuello con un tanke al lado restos de fa en la fosa ropa y perfume caro
D esto k ni ha caido el sol y ya la noche pinta infierno loco me cago en mis muertos hoy os parto con el flako
Traeme 2 vasos con hielo yo me lo bebo a palo el cache en los 10 talegos 10 patrullas pa engancharnos socia pa engancharme a mi tu cara el olor de tu pelo k por ti vuelvo a robar y hago otros 6 en el talego
Soy veneno de mamba veneno y con lo k me hace el distric ma no puedo ser bueno
Kiero dejar la vaina y ya creo k no puedo pero con lo k he pasao ya hasta el infierno se hace ameno
Sincero, le pego un tiro al techo, tejero, le pago a la abogada y dejo el pufo al lokero
Tantas pelis de tim burton al lao de mis butroneros socio k ya estas k najo, vamos a hacernos agujeros

RULO

Ami la fama me la suda fue la pluma se hizo droga, y es la soga la que ahoga cuando hay fuera to son dudas, yo una serpiente que muda tu una mona con su seda, siguiendo mierdas de modas personalidades viudas. De cantos a la luna ratas ami lado, Afiliado, en el alcantarillado, niño bajando whiskie la city a 40 grados, yo me paso hechandole drysito a un piti y parece un habanno.  lndc en la casa, noches de plaza y excesos, pienso que esto no se tasa como no se transa un beso, se lleva la receta pasa que se pone tenso, y tú al fracaso escuchándome borracho dando consejos.

KRISAN

Pues eso, que o me abres la puerta o la travieso 
Puta ya no tienes quien te bese los complejos
Quítame la pena canastera dame un beso 
Que estoy perdiendo kilos cuesta abajo como asensio 

Desde el colegio un capullo
Deja pa otra los consejos que quiero tres besos tuyos
Dos cuartos de cariño y un niño rubio
Sentir que me como el mismo mundo que destruyo 
Tú y tu mirada, yo y mis nudillos 
Como le explico que lo tuyo hace más daño
Lndc, carranque , manque madrileños
Claro que te echo de menos por eso bebo al fallos

Vacilón, cigarro y cacharro de ron
La guapa viene con la gorda mi hermano hace el pic and roll
Pero hablaba con la boca del revés como Stallone 
Y Me despierte en la cama abrazado a un retrovisor

DANIFLAKKO

digo que no pero caigo en la misma piedra
siempre estoy en guerra como amancio con hacienda
siempre que hablo con mi paisa esta pensando en una vuelta
estoy de ocupa en tu cabeza como un gipsy en la arboleda

pospongo problemas como mi hermanito pa dejar la veda
to los findes hay excusas nuevas
sube la persiana primo no te alimenta la pena
aqui curran con la pesa la mitad de mis colegas

tu coño sabe a fresa puta esta vida a veneno
si no pego con la musica me vuelvo chatarrero
el panorama saturao de yonkis y chaperos
los que me tiran la mala antes me chupaban los huevos

pero primo de ese circulo desemo
hay mas paquetes de hierba que personas en mi pueblo 
respeto al currante no al cantante periquero
con las barbas y el sparring primo parezco un checheno

KRISAN

https://www.instagram.com/krisan_ybs?igsh=YjFmc21kdnZ3dnY4&utm_source=qr

RULO & PIRRI

https://www.instagram.com/losninosdelcaminito?igsh=ZTlrcGE3eDUxM2dl

DANIFLAKKO

https://www.instagram.com/daniflakko217?igsh=MTgyZWVwZHpsanhtcA==

PRODUCIDO, MEZCLADO Y MASTERIZADO POR DISTRICTBEATS

https://www.instagram.com/prod.district?igsh=MXc0d3BsY2dwNWIwYw==",,10,2026-02-06T15:27:17Z,7661,571,27,ES
kMDJzwJBqrs,Pure Negga X Oto Beats - El frío de ayer,"Videoclip oficial de “El frío de ayer” de Pure Negga y Oto Beats.

Suscríbete al canal: https://www.youtube.com/@PureNeggaMusica?sub_confirmation=1

Sigue a Pure Negga:
Youtube: https://www.youtube.com/@PureNeggaMusica
Instagram: https://www.instagram.com/purenegga/
TikTok: https://www.tiktok.com/@pureneggamusic
Spotify: https://open.spotify.com/intl-es/artist/1F23hhbmyCMBq3BadxKNhk?si=4MKBcdiuRNi6UWnI6nshTQ

Letra:
En un antiguo ritmo, lejos de tu algoritmo,
verás dos frases raras de un artista que lucha consigo mismo,
lo hacemos por civismo, nunca por heroísmo,
es otra noble historia alejaos del egoísmo

Ya son años moviendo el caldero,
ya son noches cantando boleros,
muchas colas llegando primero,
muchas barras en estercoleros   

Cogedme,
si veis que me marcho, paradme,
pero el minutero no deja de aconsejarme,
que si escribas mucho más, que recibes poco y das,
demasiado lo que inviertes y el tiempo se queda atrás

A ver quien me dice a mi que no tengo canciones,
escritas en tantos callejones,
que las paredes oyen si compones music real,
he sufrido a montones, caricias de rateros que se oponen,
a que mi lírica resida en corazones,
y quererme comprar,
querer no es poder, muthafucker chacal 

Back up, back up
to the music realnes flow, inna live ina fucking babilon,
reggae music soldier, fidi world 

Recuerdo cuánto y qué perdimos,
difícil camino hay que andar
será que no lo merecimos,
o eso nos hacen pensar

Y ahora que, por fin se fué,
toda condena, el frio de ayer,
te necesito, pa ver bonito,
y entre los huesos quedaran miles de huellas
nos diran que despacito nadie busca lo que va encontrar  

Y como anciano viendo a un niño,
y como rio llega al mar,
como cenizas de un olivo,
las horas pasan sin cesar  

Suenan campanas en edificios vacios
para muchos sagrados, aunque dios vive en los crios, 
naturaleza del humano estar dormio,
normal cambiar de aires de un estado corrompio

En un cajon acabaremos tos metios,
libres seran las almas de una vez sin tantos líos,
para un descanso por un libro prometio,
veremos si es verdad, cuando cuentes lo vivio

Con el vapor dibujo nombres en espejos,
para que recuerden cuando llegen a viejos,
y con el polvo de un zapato veo consejos,
para seguir subiendo y mirarlos de lejos

Y como anciano viendo a un niño,
y como rio llega al mar,
como cenizas de un olivo,
las horas pasan sin cesar  

Recuerdo cuánto y qué perdimos,
Difícil camino hay que andar será que no lo merecimos,
o eso nos hacen pensar

Y ahora que, por fin se fué,
toda condena, el frio de ayer,
te necesito, pa ver bonito,
y entre los huesos quedaran, miles de huellas
nos diran, que despacito, nadie busca lo que va encontrar

INFORMACIÓN
Letra: Sergi Pouget González
Autores: Sergi Pouget González, Pau Vilaró Font, Elio Arpa Sabaté
Producción: Oto Beats
Mix & Máster Engineer: Oto Beats
Video grabado y editado por: @damiatrulls
Filmaker: @damiatrulls

#PureNegga #OtoBeats #Elfríodeayer
℗ © 2026 Pure Negga",pure negga Oto Beats El frio de ayer Reggae Bolero,10,2026-02-06T18:00:06Z,36289,3362,319,ES
25tKbsTDRS8,"PANTI Y COLALE 2.0 - El Alfa ""El Jefe"", De La Ghetto, Zion, El Cherry, DJChuloNYC, Ronny GTA, Ezzy R","PANTI Y COLALE 2.0 
El Alfa ""El Jefe"" junto a De La Ghetto, Zion, El Cherry Scom, Dj Chulo NYC, Ronny GTA, Ezzy R. 
Producido por La Greña 
Mix and Master Vicente Pinto ""The Echo Team"" 
#ElAlfa 
#onebillionrecords 
#PantiYColale",Music Musica Latino Latin Urban Urbano Trap Reggaeton Dembow Rap Hip Hop Latin Hits Puerto Rico Dominican Republic Mexico Miami New York Spain España mundial Republica dominicana Republica Dominicana Fire El Alfa El Jefe El Hombre La leyenda el androide el animal criminal the best panti y colale panty colale panti colale panti colale 2.0 dos punto cero panti dos punto cero el cherry scum el cherry scom panti el cherry tik tok tendencia panti colale,10,2026-02-06T05:39:18Z,296624,21102,1321,ES
CUUcbMQsQKM,TOPBOY - PAIA (Visualizer) #TBTRAP3.0,"TOPBOY - PAIA (Visualizer) #TBTRAP3.0

Visualizer by John Bugz Serna

🚨ESCUCHA 👉 https://youtube.com/playlist?list=PLaWq66d0_d7UH-nmNOLHzx7qK1ZTo_OP4&si=clrLrj0EX1CmEmy0u
🔥AQUÍ  👉https://www.youtube.com/playlist?list=PL7DUAnft1EajKjd0tiZMbZDrqQl0dNWRu
🔔Suscríbete a mí canal: https://www.youtube.com/channel/UCLEaqE_1QoUtDk-hghD4tBQ?sub_confirmation=1

🎧 Plataformas Digitales: https://dstt.io/TOPBOY
🟢 https://open.spotify.com/intl-es/artist/1HYdJRbyNCkiko7TAw9rei
🔴 https://music.apple.com/co/artist/topboy-tgr/1557784234

📸 Instagram: https://instagram.com/Topboy_TGR

#TOPBOY #SKYROMPIENDO #PAIA

© TOPBOY | Todos los derechos reservados.",TOPBOY TOPBOY TGR TOPBOY trap colombiano TOPBOY Buenaventura TOPBOY TRAP SEASON SKY ROMPIENDO Sky Rompiendo productor Sky Rompiendo Colombia Sky Rompiendo Latin Grammy Alejandro Ramírez Sky Rompiendo trap urbano 2026 PAIA visualizer TBTRAP3.0 trap colombiano 2026 música urbana reggaetón fusion productores latinos escena trap Cali trap Storytelling top trap tracks nuevo trap colombiano video PAIA mike tower pirlo mike towers trap sznn trap season,10,2026-02-06T02:00:07Z,154328,11887,374,ES
uYnUdYWp_H4,"Rauw Alejandro, Romeo Santos - Khé? (Letra/Lyrics)","🎶 ¡Disfruta de la letra de ‘Khé?’ de Rauw Alejandro y Romeo Santos!

Déjate llevar por el ritmo y no olvides suscribirte y activar las notificaciones para no perderte ningún video nuevo 🩶

💭 Si te gustó este video, puedes dejarnos un like y un comentario con tu opinión. ¡Lo apreciaríamos muchísimo!

📩 Consultas: asoniq05@gmail.com

🎤 Icono de micrófono creado por Freepik: https://www.flaticon.com/free-icons/microphone

______________________________

Sing along and don’t forget to subscribe and turn on notifications so you don't miss any new content 🩶

💭 You can give us a like if you liked this video! Also, you are welcome to leave a comment with your thoughts. We would really appreciate it.

📩 Inquiries: asoniq05@gmail.com

🎤 Microphone icon created by Freepik: https://www.flaticon.com/free-icons/microphone

Lyrics:
[Intro: Rauw Alejandro]
Te escribí lo que sentía y lo borré
Te dije que no te amaba y lo arruiné
Sabiendo que
Cuando te ibas, solo quería besarte
Me acuerdo cuando de tu casa me fui
Dije que ""no"" queriendo decir que ""sí""
Pero sentí tu duda y me trajo la duda
Por eso estamos aquí

[Coro: Rauw Alejandro]
Me dices que pa' qué y yo te digo que
Si no somos nada, ¿entonces a qué
Estamos jugando? El tiempo volando
Y tú sin mí no sé si bien la estás pasando
Me dices que pa' qué y yo tе digo que
¿Pa' qué nos mentimos? Si en еl fondo se
Te nota tanto que te está matando
Decir que ahora sin mí mejor la estás pasando

[Verso 1: Romeo Santos]
Yo fronteando me hice el fuerte y me apeché
Tú queriendo ser mi amiga y te besé
Sabes muy bien
Que no podemos controlar los sentimientos
Y llamo a otras pa' olvidarme de ti
Pero en mi mente yo te tengo en repeat
Más que una calentura, baby, tú disimulas
Por eso estamos aquí

[Coro: Romeo Santos]
Me dices que pa' qué y yo te digo que
Si no somos nada, ¿entonces a qué
Estamos jugando? El tiempo volando
Y tú sin mí no sé si bien la estás pasando
Me dices que pa' qué y yo te digo que
¿Pa' qué nos mentimos? Si en el fondo se
Te nota tanto que te está matando
Decir que ahora mejor sin mí la estás pasando

[Verso 2: Romeo Santos & Rauw Alejandro]
Rauw
¿Cómo se llama este juego que estamos jugando los dos?
Con la hipocresía que llevamos la careta nos pueden creer
Tú supiste que te quiero
Yo te digo ""dame banda"", pero me quemo por dentro
Cuando estoy en romo feo
Yo te llamo y me quedo en mudez

[Puente: Rauw Alejandro]
Quédate
¿Pa' dónde tú va'? Ven, ¿pa' dónde tú va'?
Qué—ay, quédate
¿Pa' dónde tú va'?

[Coro: Romeo Santos]
Me dices que pa' qué y yo te digo que
¿Pa' qué nos mentimos? Si en el fondo se
Te nota tanto que te está matando
Decir que ahora mejor sin mí la estás pasando

[Interludio: Rauw Alejandro & Romeo Santos]
Me dices que pa' qué
Y yo te digo que, y yo te digo que, ¿pa' qué?
Me dices que pa' qué
Y tú sin mí no sé si bien la estás pasando
Mami
Es Raúl Alejandro junto a The King Romeo, jaja (The biggest)
Y yo no sé lo que tú y yo tenemo', pero quiero que sepas que es especial

[Outro: Rauw Alejandro]
Te escribí lo que sentía y lo borré
Te dije que no te amaba y lo arruiné
Sabiendo que
(Cuando te ibas, solo quería besarte)

#RauwAlejandro #RomeoSantos #Khé",lyrics lyric video sing along karaoke music lyrics song lyrics asoniq official lyrics on screen lyrics lyric videos music video new music trending music letra letras canciones viral summer,10,2026-02-04T19:33:00Z,136713,149,3,ES
MbKCUPAAl8o,YUNG SARRIA - First Day Out (Fenix),"RESILIENCIA DELUX 
YUNG SARRIA - First Day Out (Fenix)
Prod. Leo Concept
🎧Escucha en plataformas: https://onerpm.link/YungSarria-Resili...
▶️Suscríbete al canal aquí:   / @yungsarria  
 
Sigue a Yung Sarria en:
Instagram:   / yungsarria2r  
Facebook:   / yungsarria1312  
Website: https://yungsarria.com/

#YungsSarria  #Fenix

DBT Empire ©",,10,2026-02-05T21:06:37Z,32323,2477,180,ES
baMN3H7uZZ0,Joan Dausà - Welcome to My Party (Vídeo Oficial),"Videoclip oficial de ""Welcome to My Party"" de Joan Dausà
Primer avançament del disc IMMORTALS (2026)

Single ja disponible a plataformes!
► https://orcd.co/welcometomyparty

► Spotify https://open.spotify.com/album/7KEVcNxrpxA7smtdLbnQ0X
► Apple Music https://music.apple.com/us/album/welcome-to-my-party-single/1870572423?l=es&ls=1

Suscriu-te al canal de Joan Dausà https://www.youtube.com/@JoanDausa/?sub_confirmation=1

Lletra
Welcome to my party
Welcome to my party
Welcome to my party
Welcome to my party

Potser vens de dies de merda
potser la veïna et detesta
potser a la feina t'insulten
potser la vida et sembla absurda

Pinta't de vermell la cara
posa't la camisa que tant t'agrada
i vine (vine)
que això comença

I NO SAPS COM T’HE TROBAT A FALTAR
(i et juro que compto les hores)
NO SAPS COM T’HE TROBAT A FALTAR
(per veure’t només una estona)

Welcome to my party
Welcome to my party

Tens un exèrcit darrera
la vida i un cor que batega
que rebentin la culpa i la pena
que fa baixada i això no frena

Abraça't a qui no ho espera
Clava't al pit algun poema 
i vine (vine)
que això comença

I NO SAPS COM T’HE TROBAT A FALTAR
(i et juro que compto les hores)
NO SAPS COM T’HE TROBAT A FALTAR
(per veure’t només una estona)

Welcome to my party
No ho saps
No ho saps
No ho saps

No ho saps
No ho saps
No ho saps
No…

NO SAPS COM T’HE TROBAT A FALTAR
(i et juro que compto les hores)
NO SAPS COM T’HE TROBAT A FALTAR
(per veure’t només una estona)

NO SAPS COM T’HE TROBAT A FALTAR
(i et juro que compto les hores)

Welcome to my party
Welcome to my party
(Només una estona)
Welcome to my party


Videoclip dirigit per Lyona 
Cançó produïda per Santos & Fluren


Segueix a Joan Dausa:
Instagram https://www.instagram.com/joandausa
X https://x.com/joandausa
TikTok https://www.tiktok.com/@joandausa
Spotify https://open.spotify.com/intl-es/artist/1GRFao1QTh0i5Wx5Ms0A3I?si=Teag_Ks2STSE703JzL8HLg
https://joandausa.com/

℗ © Promo Arts Music Records
#joandausa #welcometomyparty #immortals",joan dausà joan dausà welcome to my party welcome to my party welcome to my party joan dausà joan dausà immortals album immortals joan dausà gira immortals nou single joan dausà videoclip joan dausà música en català cançó en català pop català música catalana artista català pop videoclip oficial novetats musicals música 2026 pop en català joan dausa videoclip welcome to my party videoclip videoclip joan dausa videoclip welcome to my party pop catala,10,2026-02-05T23:06:09Z,10214,477,24,ES
RFXVdL0tqIk,Bunbury - Creer que se puede creer (Videoclip Oficial),"Videoclip oficial de la canción de Bunbury ""Creer que se puede creer"".

Suscríbete al canal: https://www.youtube.com/user/Bunbury

🔔 Sigue a Bunbury en RRSS:
https://www.instagram.com/bunburyoficial/
https://www.facebook.com/bunburyoficial/
https://twitter.com/bunburyoficial/

Letra/Lyric

DESCUBRÍ TARDE LAS COSAS IMPORTANTES
¿QUÉ ES UNA NOCHE
A LOS OJOS DE LA ETERNIDAD?
EN ESTE COLOQUIO DE INTIMIDADES
PRIMERO LOS SUEÑOS, DESPUÉS LA REALIDAD

NO ME SIENTO EN CASA EN NINGUNA PARTE
PERO ME SIENTO BIEN EN CUALQUIER LUGAR
QUIZÁS HAY ALGO AQUÍ
A LO QUE DEBA ASOMARME
TRAS EL VELO TRANSPARENTE DE LA GRAVEDAD
TRAS EL VELO TRANSPARENTE DE LA GRAVEDAD

HABRÁ QUE ALEGRARSE LO JUSTO
Y EVITAR, DE MÁS, PADECER
LO ÚNICO QUE DOY POR SEGURO
ES CREER QUE SE PUEDE CREER

PAISAJES DE UN TIEMPO FUTURO
SEGÚN MI EXPERTO ENTENDER
LO ÚNICO QUE DOY POR SEGURO
ES CREER QUE SE PUEDE CREER

NO QUIERO RENUNCIAR A PREGUNTARME
QUÉ COJONES, PINTO YO AQUÍ
SÓLO CONSIDERARÉ QUE LOGRÉ ESTRELLARME
SI EN TODO ESTE TIEMPO NADA APRENDÍ
SI EN TODO ESTE TIEMPO NADA APRENDÍ

HABRÁ QUE ALEGRARSE LO JUSTO
Y EVITAR DE MÁS PADECER
LO ÚNICO QUE DOY POR SEGURO
ES CREER QUE SE PUEDE CREER

PAISAJES DE UN TIEMPO FUTURO
SEGÚN MI EXPERTO ENTENDER
LO ÚNICO QUE DOY POR SEGURO
ES CREER QUE SE PUEDE CREER

SALÍ EN BUSCA DE ALGO NUEVO
QUE NADA PUDIERA ROMPER
QUIEN TIENE UNA MISIÓN Y UN SOMBRERO
NO SE DEBE DETENER

HABRÁ QUE ALEGRARSE LO JUSTO
Y EVITAR DE MÁS PADECER
LO ÚNICO QUE DOY POR SEGURO
ES CREER QUE SE PUEDE CREER

PAISAJES DE UN TIEMPO FUTURO
SEGÚN MI EXPERTO ENTENDER
LO ÚNICO QUE DOY POR SEGURO
ES CREER QUE SE PUEDE CREER",bunbury bunbury canciones bunbury rock música rock bunbury album bunbury exitos bunbury musica bunburi bunburi álbum exitos bunbury rock en español videoclip oficial Bunbury video Bunbury nueva canción La Voz Bunbury canción Creer que se puede creer Bunbury Creer que se puede creer video creer que se puede creer video bunbury creer video creer que se puede creer letra Bunbury 2026 2026 hits 2026,10,2026-02-05T06:00:33Z,105601,6753,532,ES
H8KW0SgW99I,Carlos Vives - Te Dedico (Official Video),"Music: https://sng.to/carlos-vives/te-dedico

Carlos Vives: 
Official Website: https://carlosvives.com
Instagram: https://www.instagram.com/carlosvives
Tik Tok: https://www.tiktok.com/@carlosvives
Facebook: https://www.facebook.com/carlosvivesoficial

#CarlosVives #TeDedico 

Official Video by Carlos Vives performing Te Dedico. (C) 2026 Sony Music Entertainment US Latin LLC",Carlos Vives 2026 Carlos Vives letra Carlos Vives lyrics Carlos Vives te dedico te dedico letra te dedico lyrics te dedico official video te dedico video oficial Te Dedico cv te dedico dedico carlos vives latin music musica 2026 Carlos Vives Cumbia Tropical,10,2026-02-06T00:00:06Z,209610,7785,346,ES
NaZPFC5ZM6I,Vicente Fernández - La Diferencia (Letra/Lyrics),"🌟Vicente Fernández - La Diferencia (Letra/Lyrics)

⏬ Descargar / Stream:
https://open.spotify.com/intl-es/track/7BVLHTHc7Wjd9SAs2m9X6f

✨Follow Vicente Fernández:
https://www.instagram.com/_vicentefdez/
https://www.facebook.com/VicenteFernandezOficial/
https://www.tiktok.com/@vicentefdez
https://x.com/_vicentefdez

✅ Subscribe to us ➥
https://www.youtube.com/channel/UCIbksu6tZptEe-sc9jpa6ng


✨Letra:-

[Letra de ""La Diferencia""]

[Verso 1]
Aunque malgastes el tiempo sin mi cariño y aunque no quieras este amor que yo te ofrezco
Y aunque no quieras pronunciar mi humilde nombre, de cualquier modo, yo te seguiré queriendo
Yo sé que nunca tú querrás jamás amarme, que a tu cariño llegué demasiado tarde
No me desprecies, no es mi culpa, no seas mala, porque tú eres de quien yo quiero enamorarme
¿Qué daño puedo hacerte con quererte? Si no me quieres tú, yo te comprendo
Perfectamente sé que no nací yo para ti, pero ¿qué puedo hacer? Si ya te quiero
Déjame vivir de esta manera, yo te quiero tal y cual sin condiciones
Sin esperar que un día tú me quieras como yo, consciente estoy, mi amor, que nunca me querrás

[Interludio Instrumental]

[Verso 2]
Tal vez mañana yo despierte solo, pero por el momento quiero estar soñando
No me despiertes tú, ¿no ves que así yo soy feliz? Consciente estoy, mi amor, de que no eres para mí
No hay necesidad que me desprecies, tú ponte en mi lugar, a ver qué harías
La diferencia entre tú y yo, tal vez sería, corazón, que yo en tu lugar sí te amaría 


_____________________

✍ Hashtags:-
#VicenteFernandez #LaDiferencia #Chente #JuanGabriel #MusicaRanchera #Mariachi #crixara

© For copyright issues, please mail us here:

Vicente Fernandez, La Diferencia, Vicente Fernandez La Diferencia, La Diferencia letra, La Diferencia lyrics, Letra oficial, Lyrics video, Juan Gabriel, Musica Ranchera, Mariachi, El Rey de la Musica Ranchera, Chente, Vicente Fernandez grandes exitos, Clasicos de mariachi, La Diferencia karaoke, Musica para recordar, Desamor, Letras de canciones, La Diferencia audio, Mexico, Guadalajara, Canciones de despecho, Letra Vicente Fernandez, Mariachi classics 2026, letra, crixara",crixara Vicente Fernandez La Diferencia Vicente Fernandez La Diferencia La Diferencia letra La Diferencia lyrics Letra oficial Lyrics video Juan Gabriel Musica Ranchera Mariachi El Rey de la Musica Ranchera Chente Vicente Fernandez grandes exitos Clasicos de mariachi La Diferencia karaoke Musica para recordar Desamor Letras de canciones La Diferencia audio Mexico Guadalajara Canciones de despecho Letra Vicente Fernandez Mariachi classics 2026 letra rancheras,10,2026-02-02T19:30:04Z,402202,765,7,ES
4f0LZpwbFoM,"ROMEO SANTOS, PRINCE ROYCE - DARDOS  (LETRA)","#romeosantos #princeroyce #music #baladas #viral 
Quiéreme, nada má' un chinchín, te lo ruego cuidado, no abuses demasiado (cuidado)
ROMEO SANTOS, PRINCE ROYCE - DARDOS (LETRA)

✔️🎉 ¡Gracias por tu apoyo! 🎉
Si te gusta la musica que subo, ¡Dale like y comparte todos los videos!  🤗
Suscríbete: @AmoreLetra‬ ❤️‍🔥

🎤 Letra:  Dardos🎶

Por poquito te olvido de verdad, ya había dejado la bebida
La señal que continúa mi mala racha, tus llamadas perdidas
Quisiera creer que yo te puedo ignorar, que no importas tanto
Mi dignidad es un tablero en la pared, donde tú tiras dardos
Para ser más sincero y certero
Mi signo de Cáncer es muy vulnerable para un Leo
Puede que sea por Venus que no puedo
Apagar las llamas, y así me quemo en tu fuego
Ámame, solo un CC por lo menos
Quiéreme, nada má' un chinchín, te lo ruego
Cuidado, no abuses demasiado (cuidado)
Comprobado, tú eres un caramelo envenenado
Ámame, solo un CC por lo menos
Quiéreme, nada má' un chinchín, te lo ruego
Me han voceado: ""Bachatero aficiado"" (aficiado)
Embriagado, dicen las malas lenguas, idiotizado
Ah ya, yaqui-yaqui-yaqui-ye, yaqui-yaqui-ya
Ah ya, yaqui-yaqui-yaqui-ye, yaqui-yaqui-ya
Ah ya, yaqui-yaqui-yaqui-ye, yaqui-yaqui-ya
Ah ya, yaqui-yaqui-yaqui-ye, yaqui-yaqui-ya
Para ser más sincero y certero
Mi signo de Cáncer es muy vulnerable para un Leo
Puede que sea por Venus que no puedo
Apagar las llamas, y así me quemo en tu fuego
Ámame, solo un CC por lo menos
Quiéreme, nada má' un chinchín, te lo ruego
Cuidado, no abuses demasiado (cuidado)
Comprobado, tú eres un caramelo envenenado
Ámame, solo un CC por lo menos
Quiéreme, nada má' un chinchín, te lo ruego
Me han voceado: ""Bachatero aficiado"" (aficiado)
Embriagado, dicen las malas lenguas, idiotizado
Ah ya, yaqui-yaqui-yaqui-ye, yaqui-yaqui-ya
Ah ya, yaqui-yaqui-yaqui-ye, yaqui-yaqui-ya
Ah ya, yaqui-yaqui-yaqui-ye, yaqui-yaqui-ya (yaqui-ye, yaqui-ye, yaqui-ya)
Ah ya, yaqui-yaqui-yaqui-ye, yaqui-yaqui-ya
Royce
The biggest
Ah, I'm not okay
Ya no quiero ser esa burla
No me gusta que seas tan cruel
Ay, ay, auxilio, ay, Dios mío
Ay, ay, ay, grito, me haces sufrir (uh)
Si tiras un dardo más, no voy a aguantar
Me tiras un dardo más, me vas a matar
Ay, ay, dolores, mal de amores
Ay, ay, voy a llorar, mi amor (uh)
Si tiras un dardo más, voy a desangrar
Si tiras un dardo más, me vas a matar
Ouch
You're killing me, ma
Me han voceado: ""Bachatero aficiado""
Embriagado, dicen las malas lenguas, idiotizado",,10,2026-01-30T17:33:00Z,168696,269,0,ES
udWf82Pq3oQ,La despedida | Spanish Soul Blues | Layah Noir,"“La despedida” is a Spanish soul-blues ballad led by a powerful, raspy female vocal—raw, honest, and emotionally intense from the very first note. A song about letting go with dignity, where love doesn’t break but slowly learns how to say goodbye.

🎙️ Style: Soul Blues / Ballad
💔 Theme: Farewell, heartbreak, acceptance
🌙 Best for: Late nights, reflection, emotional release

If it hit you, leave a ❤️, comment your favorite line, and subscribe for more music.

“La despedida” es una balada soul blues en español con una voz femenina fuerte, rasgada y muy clara. Una canción sobre decir adiós sin rencor, cuando el amor fue real pero ya no alcanza, y soltar se vuelve un acto de valentía.

🎙️ Estilo: Soul Blues / Balada
💔 Tema: Despedida, desamor, aceptación
🌙 Ideal para: Noches largas, introspección, sanar

Si te gustó, deja un ❤️, comenta qué frase te llegó más y suscríbete para más música.",la despedida soul blues español spanish soul blues female raspy vocal voz femenina potente blues en español balada soul heartbreak song sad soul music female blues singer emotional spanish music soul blues ballad desamor canción de despedida late night music music to heal,10,2026-02-01T16:26:26Z,112425,2731,53,ES
2QNiiYd7pss,Raul Clyde - BART SIMPSON (Video) (Prod.Came Beats),"Producido por: Came Beats
Mix & Master: T-Cun
Video dirigido por: Arturo Calero

RRSS Raul Clyde:
Instagram: https://www.instagram.com/raulclyde/

TikTok: https://www.tiktok.com/@raulclyde_

Twitter: https://www.twitter.com/raul_clyde

Spotify: https://open.spotify.com/intl-es/artist/2PAyYzUdafG4mFFp6Rynsk?si=wTnrajcUQSy0guvSIkfODA",,10,2026-02-05T23:00:06Z,13008,1299,58,ES
